series,K,model,strategy,start,method,gap_class,n,rmse,mae,crps,crps_kind,cov90,width90,impute_s,ar1_params
tsnh4,0,ar1,baseline,0,ar1,1-2,120,0.10210194970759426,0.05727887876449637,0.04434098760467191,gaussian,0.9083333333333333,0.24538513994211286,0.004142999998293817,"{""mu"": 2.2808639113623093, ""phi"": 0.9919873731798224, ""sigma2"": 0.00969566772308249, ""loglik"": 3198.3130649405307}"
tsnh4,0,ar1,baseline,0,ar1,3-20,300,0.08731643297329557,0.06222358247228646,0.04964635074402815,gaussian,0.96,0.4012951909410591,0.004142999998293817,"{""mu"": 2.2808639113623093, ""phi"": 0.9919873731798224, ""sigma2"": 0.00969566772308249, ""loglik"": 3198.3130649405307}"
tsnh4,0,ar1,baseline,0,ar1,>20,463,0.35660900025009384,0.2796135577523424,0.18861871876943442,gaussian,0.9416846652267818,1.1115661740513225,0.004142999998293817,"{""mu"": 2.2808639113623093, ""phi"": 0.9919873731798224, ""sigma2"": 0.00969566772308249, ""loglik"": 3198.3130649405307}"
tsnh4,0,ar1,baseline,0,ar1,all,883,0.26587304662267586,0.1755397705920272,0.12179534600907951,gaussian,0.9433748584371461,0.7525367074305023,0.004142999998293817,"{""mu"": 2.2808639113623093, ""phi"": 0.9919873731798224, ""sigma2"": 0.00969566772308249, ""loglik"": 3198.3130649405307}"
tsnh4,0,linear,baseline,0,linear,1-2,120,0.10210669324218576,0.0572804001039761,0.0572804001039761,dirac(=mae),,,0.0,
tsnh4,0,linear,baseline,0,linear,3-20,300,0.08740059778670761,0.06232705017389665,0.06232705017389665,dirac(=mae),,,0.0,
tsnh4,0,linear,baseline,0,linear,>20,463,0.3218338609714294,0.25095688780174047,0.25095688780174047,dirac(=mae),,,0.0,
tsnh4,0,linear,baseline,0,linear,all,883,0.24150087361533734,0.1605490397699343,0.1605490397699343,dirac(=mae),,,0.0,
tsnh4,0,locf,baseline,0,locf,1-2,120,0.09865990554829371,0.06903358956766402,0.06903358956766402,dirac(=mae),,,0.0,
tsnh4,0,locf,baseline,0,locf,3-20,300,0.19267006472110698,0.12875575210967388,0.12875575210967388,dirac(=mae),,,0.0,
tsnh4,0,locf,baseline,0,locf,>20,463,0.5188252481666847,0.3453159885250642,0.3453159885250642,dirac(=mae),,,0.0,
tsnh4,0,locf,baseline,0,locf,all,883,0.39380070360634734,0.2341925923761343,0.2341925923761343,dirac(=mae),,,0.0,
tsnh4,2,hmc_in,available,0,pmc_posterior,1-2,120,0.49542027012866635,0.3558236647686704,0.2669985976341156,samples,0.9166666666666666,1.6409064758656342,0.12079304199869512,
tsnh4,2,hmc_in,available,0,pmc_posterior,3-20,300,0.6872451957897336,0.47231246800220217,0.35496393890947436,samples,0.7566666666666667,1.5431262616618797,0.12079304199869512,
tsnh4,2,hmc_in,available,0,pmc_posterior,>20,463,0.8366818350092857,0.6692540491983122,0.47629324924919303,samples,0.7300215982721382,2.0605599620560096,0.12079304199869512,
tsnh4,2,hmc_in,available,0,pmc_posterior,all,883,0.7489226942267688,0.5597476839770325,0.4066282987444083,samples,0.7644394110985278,1.8277303714998556,0.12079304199869512,
tsnh4,2,hmc_in,available,1,pmc_posterior,1-2,120,0.4953956890150335,0.3558967630384069,0.2637970646687122,samples,0.9166666666666666,1.6406389848153746,0.12274333400273463,
tsnh4,2,hmc_in,available,1,pmc_posterior,3-20,300,0.6870894916399195,0.4722638919745335,0.3552576533977097,samples,0.7566666666666667,1.5429465777488796,0.12274333400273463,
tsnh4,2,hmc_in,available,1,pmc_posterior,>20,463,0.8365817331864192,0.6691664009142111,0.47694163817504803,samples,0.7300215982721382,2.060742060951644,0.12274333400273463,
tsnh4,2,hmc_in,available,1,pmc_posterior,all,883,0.7488133026062991,0.5596951560365216,0.4066329810357935,samples,0.7644394110985278,1.8277284549525705,0.12274333400273463,
tsnh4,2,hmc_in,available,2,pmc_posterior,1-2,120,0.4954390085618184,0.35576332536659916,0.26339755450869023,samples,0.9166666666666666,1.6411310243991517,0.12520862499877694,
tsnh4,2,hmc_in,available,2,pmc_posterior,3-20,300,0.687371292618081,0.47235036490995913,0.35594054771934386,samples,0.7566666666666667,1.5432719328158604,0.12520862499877694,
tsnh4,2,hmc_in,available,2,pmc_posterior,>20,463,0.8367675335166123,0.6693286193666017,0.47508298120415454,samples,0.7300215982721382,2.06041385361549,0.12520862499877694,
tsnh4,2,hmc_in,available,2,pmc_posterior,all,883,0.7490138942765655,0.5597914601174588,0.40583611682261544,samples,0.7644394110985278,1.827733767833101,0.12520862499877694,
tsnh4,2,hmc_in,impute,0,pmc_posterior,1-2,120,0.4948565872288219,0.3565975735989599,0.26140788861912034,samples,0.9166666666666666,1.6341835249944063,0.12426158400194254,
tsnh4,2,hmc_in,impute,0,pmc_posterior,3-20,300,0.6848587646151894,0.47160747178363266,0.3528902058256428,samples,0.7566666666666667,1.53846974686608,0.12426158400194254,
tsnh4,2,hmc_in,impute,0,pmc_posterior,>20,463,0.8343719326206278,0.6673701509224121,0.4739310232471386,samples,0.7300215982721382,2.060066839770069,0.12426158400194254,
tsnh4,2,hmc_in,impute,0,pmc_posterior,all,883,0.7467749861091036,0.5586255155651663,0.40392533651802087,samples,0.7644394110985278,1.8249760972510698,0.12426158400194254,
tsnh4,2,hmc_in,impute,1,pmc_posterior,1-2,120,0.49643445467759434,0.355666582730102,0.26322155842728095,samples,0.9166666666666666,1.6392307141278772,0.12030741700073122,
tsnh4,2,hmc_in,impute,1,pmc_posterior,3-20,300,0.6899438739947578,0.4736567031496468,0.35547614074985606,samples,0.7566666666666667,1.541615816826376,0.12030741700073122,
tsnh4,2,hmc_in,impute,1,pmc_posterior,>20,463,0.8390524888234405,0.6712127292589731,0.47584491936838685,samples,0.7300215982721382,2.053581283279026,0.12030741700073122,
tsnh4,2,hmc_in,impute,1,pmc_posterior,all,883,0.7512440633278604,0.5612100730684154,0.40605393760339026,samples,0.7644394110985278,1.823330198076384,0.12030741700073122,
tsnh4,2,hmc_in,impute,2,pmc_posterior,1-2,120,0.49481211629672534,0.35636080079799265,0.2647824680410873,samples,0.9166666666666666,1.639096887805208,0.12182379200021387,
tsnh4,2,hmc_in,impute,2,pmc_posterior,3-20,300,0.6850798678094668,0.4714911430433748,0.35376533040846303,samples,0.7566666666666667,1.5419432084332092,0.12182379200021387,
tsnh4,2,hmc_in,impute,2,pmc_posterior,>20,463,0.8346782348339092,0.6676043258499126,0.47360279977965886,samples,0.7300215982721382,2.0637939560132788,0.12182379200021387,
tsnh4,2,hmc_in,impute,2,pmc_posterior,all,883,0.7470193259237531,0.5586766046175323,0.4045091637434331,samples,0.7644394110985278,1.8287782454141965,0.12182379200021387,
tsnh4,2,hmc_in,sem,0,pmc_posterior,1-2,120,0.4940018305025804,0.34907191148973965,0.26214046078609227,samples,0.9166666666666666,1.6586153531597685,0.1233182920004765,
tsnh4,2,hmc_in,sem,0,pmc_posterior,3-20,300,0.6925105577623719,0.47124938512749925,0.3537423011843031,samples,0.7566666666666667,1.5475787693150627,0.1233182920004765,
tsnh4,2,hmc_in,sem,0,pmc_posterior,>20,463,0.849761814562223,0.6796851612489538,0.4820333170087266,samples,0.7278617710583153,2.060417412522173,0.1233182920004765,
tsnh4,2,hmc_in,sem,0,pmc_posterior,all,883,0.7581089375379662,0.5639384763027001,0.40856282154548407,samples,0.7633069082672707,1.8315750115192038,0.1233182920004765,
tsnh4,2,hmc_in,sem,1,pmc_posterior,1-2,120,0.4966606047023868,0.3554504301517529,0.2636840877204588,samples,0.9166666666666666,1.6351487897092625,0.12207108399888966,
tsnh4,2,hmc_in,sem,1,pmc_posterior,3-20,300,0.6905294873692719,0.4736862672069478,0.3535876425174108,samples,0.7566666666666667,1.5378578447914706,0.12207108399888966,
tsnh4,2,hmc_in,sem,1,pmc_posterior,>20,463,0.8300581568242369,0.6646360733207946,0.46984326945039956,samples,0.7300215982721382,2.046610952537448,0.12207108399888966,
tsnh4,2,hmc_in,sem,1,pmc_posterior,all,883,0.7461910090142642,0.5577422805524604,0.40232821861519064,samples,0.7644394110985278,1.8178438043345313,0.12207108399888966,
tsnh4,2,hmc_in,sem,2,pmc_posterior,1-2,120,0.49615254801417685,0.3530389754049667,0.2656214338386673,samples,0.9166666666666666,1.660205650337326,0.12230149999959394,
tsnh4,2,hmc_in,sem,2,pmc_posterior,3-20,300,0.691419524011492,0.47186736452274963,0.3525252736763023,samples,0.7566666666666667,1.5551143867658328,0.12230149999959394,
tsnh4,2,hmc_in,sem,2,pmc_posterior,>20,463,0.8204167435134525,0.6571680341884099,0.46639914429788804,samples,0.734341252699784,2.0569442532861126,0.12230149999959394,
tsnh4,2,hmc_in,sem,2,pmc_posterior,all,883,0.7408147176053175,0.5528807318625761,0.40042464096653785,samples,0.766704416761042,1.8325302189600217,0.12230149999959394,
tsnh4,2,pmc_pair,available,0,pmc_posterior,1-2,120,0.09487707168451662,0.05589900582629593,0.042824121269408606,samples,0.875,0.2175078108779634,0.4479029590002028,
tsnh4,2,pmc_pair,available,0,pmc_posterior,3-20,300,0.08780724753163899,0.06222611265397371,0.050483085102275414,samples,0.94,0.35046377751612645,0.4479029590002028,
tsnh4,2,pmc_pair,available,0,pmc_posterior,>20,463,0.3448293888101754,0.273865635173827,0.18867609054542084,samples,0.9200863930885529,1.1090575946474865,0.4479029590002028,
tsnh4,2,pmc_pair,available,0,pmc_posterior,all,883,0.2572775758932296,0.1723391886532611,0.12190356739019421,samples,0.9207248018120046,0.7301627824257981,0.4479029590002028,
tsnh4,2,pmc_pair,available,1,pmc_posterior,1-2,120,0.09891249367519729,0.05701350481127258,0.04546828149972023,samples,0.8833333333333333,0.24945139053250903,0.43659533300160547,
tsnh4,2,pmc_pair,available,1,pmc_posterior,3-20,300,0.08778337955516587,0.062133184636968736,0.05518843031837098,samples,0.9133333333333333,0.4158429897540429,0.43659533300160547,
tsnh4,2,pmc_pair,available,1,pmc_posterior,>20,463,0.4741279776476355,0.3427139422429511,0.24645496289904784,samples,0.8272138228941684,1.1408461138392534,0.43659533300160547,
tsnh4,2,pmc_pair,available,1,pmc_posterior,all,883,0.34902710004982784,0.20855960501351042,0.15415783770978128,samples,0.8640996602491506,0.7733848408807341,0.43659533300160547,
tsnh4,2,pmc_pair,available,2,pmc_posterior,1-2,120,0.09876815352012605,0.05678826357626215,0.045357904306208514,samples,0.8666666666666667,0.24434588248995812,0.42838516700066975,
tsnh4,2,pmc_pair,available,2,pmc_posterior,3-20,300,0.08788088789958486,0.062236134424049766,0.0552716801578075,samples,0.9,0.411437482392478,0.42838516700066975,
tsnh4,2,pmc_pair,available,2,pmc_posterior,>20,463,0.4734009430286575,0.3424089559154669,0.2469936028111151,samples,0.8272138228941684,1.1430319060037437,0.42838516700066975,
tsnh4,2,pmc_pair,available,2,pmc_posterior,all,883,0.3485120394828577,0.20840405271260196,0.15445355681272202,samples,0.8573046432616082,0.7723403432573858,0.42838516700066975,
tsnh4,2,pmc_pair,impute,0,pmc_posterior,1-2,120,0.08806424751041912,0.055299381995266114,0.04374018520418394,samples,0.8833333333333333,0.24156021986374293,0.4278924169993843,
tsnh4,2,pmc_pair,impute,0,pmc_posterior,3-20,300,0.08791189268056508,0.0625203278380291,0.050571977961660006,samples,0.9166666666666666,0.3347977582180343,0.4278924169993843,
tsnh4,2,pmc_pair,impute,0,pmc_posterior,>20,463,0.4409186540721131,0.3288731688524706,0.21839001648695847,samples,0.8509719222462203,1.2243689468933239,0.4278924169993843,
tsnh4,2,pmc_pair,impute,0,pmc_posterior,all,883,0.32498919716815644,0.20120079430298363,0.1376387239484279,samples,0.8776896942242356,0.788572340046057,0.4278924169993843,
tsnh4,2,pmc_pair,impute,1,pmc_posterior,1-2,120,0.08344483270083712,0.05241532611799024,0.04201656904721906,samples,0.9083333333333333,0.2355280393726011,0.4508391249983106,
tsnh4,2,pmc_pair,impute,1,pmc_posterior,3-20,300,0.08724792224707738,0.06206761418572022,0.05432361555903654,samples,0.9266666666666666,0.4223346416320405,0.4508391249983106,
tsnh4,2,pmc_pair,impute,1,pmc_posterior,>20,463,0.3861230734143008,0.2971133897476983,0.20299554725936064,samples,0.9244060475161987,1.1803863713882374,0.4508391249983106,
tsnh4,2,pmc_pair,impute,1,pmc_posterior,all,883,0.2858465218619189,0.18400183787435923,0.1306070343538632,samples,0.9229898074745186,0.7944310839944261,0.4508391249983106,
tsnh4,2,pmc_pair,impute,2,pmc_posterior,1-2,120,0.08354593739048792,0.052826527007690714,0.042514830077075225,samples,0.8833333333333333,0.23662935069667068,0.42706933400040725,
tsnh4,2,pmc_pair,impute,2,pmc_posterior,3-20,300,0.08904177946009326,0.06305613441201967,0.056503105217859846,samples,0.9066666666666666,0.4132629377717399,0.42706933400040725,
tsnh4,2,pmc_pair,impute,2,pmc_posterior,>20,463,0.41732858195885864,0.31469383560331715,0.2178225690050911,samples,0.8682505399568035,1.1861850011588386,0.42706933400040725,
tsnh4,2,pmc_pair,impute,2,pmc_posterior,all,883,0.30816311565996185,0.1936118566804809,0.13918976288104662,samples,0.883352208380521,0.7945391381106057,0.42706933400040725,
tsnh4,2,pmc_pair,sem,0,pmc_posterior,1-2,120,0.09795867913411599,0.056442594927715355,0.043511726986468775,samples,0.9,0.22963549412371992,0.43763524999667425,
tsnh4,2,pmc_pair,sem,0,pmc_posterior,3-20,300,0.087913382211363,0.06264745338171261,0.05042712554015034,samples,0.9466666666666667,0.35237627397509924,0.43763524999667425,
tsnh4,2,pmc_pair,sem,0,pmc_posterior,>20,463,0.33510960333499235,0.26308180533582937,0.17391362332346305,samples,0.9265658747300216,1.079984198388081,0.43763524999667425,
tsnh4,2,pmc_pair,sem,0,pmc_posterior,all,883,0.2506262095673073,0.16690172511475496,0.1142373187986237,samples,0.9297848244620611,0.7172161102390233,0.43763524999667425,
tsnh4,2,pmc_pair,sem,1,pmc_posterior,1-2,120,0.0818424105363259,0.05170274922629255,0.04203004265554442,samples,0.8833333333333333,0.2330238454362937,0.43960024999978486,
tsnh4,2,pmc_pair,sem,1,pmc_posterior,3-20,300,0.08767755275150553,0.062066959536635054,0.05469194288188366,samples,0.9066666666666666,0.40807873430024694,0.43960024999978486,
tsnh4,2,pmc_pair,sem,1,pmc_posterior,>20,463,0.42808680143140604,0.3195064211229566,0.22265135958694546,samples,0.857451403887689,1.163607200182482,0.43960024999978486,
tsnh4,2,pmc_pair,sem,1,pmc_posterior,all,883,0.31561582098846364,0.19564653538853286,0.14104050676329125,samples,0.8776896942242356,0.7804491680939056,0.43960024999978486,
tsnh4,2,pmc_pair,sem,2,pmc_posterior,1-2,120,0.08596846588403416,0.05299439137421085,0.04295672407309499,samples,0.9,0.23312752802792255,0.4532971250009723,
tsnh4,2,pmc_pair,sem,2,pmc_posterior,3-20,300,0.08739770961747156,0.061615492942592574,0.05476094743168169,samples,0.9133333333333333,0.41166733189127097,0.4532971250009723,
tsnh4,2,pmc_pair,sem,2,pmc_posterior,>20,463,0.4208389035153075,0.3170835519209492,0.21483542758507523,samples,0.8941684665226782,1.2109298204580061,0.4532971250009723,
tsnh4,2,pmc_pair,sem,2,pmc_posterior,all,883,0.3105873756999797,0.19439825525150914,0.13709161278614465,samples,0.9014722536806342,0.8064960473417767,0.4532971250009723,
tsnh4,2,pmc_state,available,0,pmc_posterior,1-2,120,0.10074735360667196,0.0569423664107195,0.044002922916255315,samples,0.8833333333333333,0.22205406359379948,0.4082166670013976,
tsnh4,2,pmc_state,available,0,pmc_posterior,3-20,300,0.08747559469632175,0.06218273094588498,0.050276988693299586,samples,0.9366666666666666,0.3704079105797847,0.4082166670013976,
tsnh4,2,pmc_state,available,0,pmc_posterior,>20,463,0.42638878822231163,0.3188698415429913,0.223262164833427,samples,0.9114470842332614,1.2695724409985054,0.4082166670013976,
tsnh4,2,pmc_state,available,0,pmc_posterior,all,883,0.3151343401529599,0.1960641448329069,0.14012891243014408,samples,0.9161947904869762,0.8217224246744046,0.4082166670013976,
tsnh4,2,pmc_state,available,1,pmc_posterior,1-2,120,0.1005869370762463,0.05702906447522573,0.043893493584612135,samples,0.8833333333333333,0.21987597961770777,0.404017875000136,
tsnh4,2,pmc_state,available,1,pmc_posterior,3-20,300,0.08755727917795773,0.062304026573392145,0.050401619205470025,samples,0.9366666666666666,0.3660936424224494,0.404017875000136,
tsnh4,2,pmc_state,available,1,pmc_posterior,>20,463,0.41399206638789615,0.31233222347074013,0.21974461860245809,samples,0.9136069114470843,1.227395179753432,0.404017875000136,
tsnh4,2,pmc_state,available,1,pmc_posterior,all,883,0.30634534716676604,0.19268914515967994,0.13831196308576735,samples,0.9173272933182333,0.7978450492714594,0.404017875000136,
tsnh4,2,pmc_state,available,2,pmc_posterior,1-2,120,0.1019095155800902,0.05743510510003354,0.04534522512586236,samples,0.9083333333333333,0.23272504894052973,0.4201249170000665,
tsnh4,2,pmc_state,available,2,pmc_posterior,3-20,300,0.0872566001683822,0.06222447048265788,0.05122872588212288,samples,0.9366666666666666,0.3759914418600878,0.4201249170000665,
tsnh4,2,pmc_state,available,2,pmc_posterior,>20,463,0.42592550610455465,0.31631344027981506,0.20738085569033485,samples,0.9028077753779697,1.4082960872641719,0.4201249170000665,
tsnh4,2,pmc_state,available,2,pmc_posterior,all,883,0.31483585167641914,0.19480484326880607,0.13230733971049308,samples,0.9150622876557192,0.8978092036627424,0.4201249170000665,
tsnh4,2,pmc_state,impute,0,pmc_posterior,1-2,120,0.1018448041255888,0.05744864623228292,0.04414875811156826,samples,0.875,0.22864180883258323,0.4086343329981901,
tsnh4,2,pmc_state,impute,0,pmc_posterior,3-20,300,0.08757510993271594,0.06226631748150645,0.051286049967237124,samples,0.9466666666666667,0.3759841229926775,0.4086343329981901,
tsnh4,2,pmc_state,impute,0,pmc_posterior,>20,463,0.43822123748446584,0.3267271691937282,0.23428699184507643,samples,0.9352051835853131,1.4815625982364968,0.4086343329981901,
tsnh4,2,pmc_state,impute,0,pmc_posterior,all,883,0.32358942007739977,0.20028132743943608,0.14627241584125678,samples,0.9309173272933182,0.9356690112584499,0.4086343329981901,
tsnh4,2,pmc_state,impute,1,pmc_posterior,1-2,120,0.10033891482642085,0.05674003615028607,0.04430794106241945,samples,0.9,0.24731870639598075,0.425151958999777,
tsnh4,2,pmc_state,impute,1,pmc_posterior,3-20,300,0.08763101331324268,0.06226579235830214,0.053251373676811334,samples,0.95,0.43795645018384105,0.425151958999777,
tsnh4,2,pmc_state,impute,1,pmc_posterior,>20,463,0.4122808789217396,0.31274295627217436,0.21512222464484165,samples,0.9244060475161987,1.2740116406397195,0.425151958999777,
tsnh4,2,pmc_state,impute,1,pmc_posterior,all,883,0.3051290006130544,0.19285224326108916,0.13691274636590647,samples,0.9297848244620611,0.8504332609726615,0.425151958999777,
tsnh4,2,pmc_state,impute,2,pmc_posterior,1-2,120,0.10177547066008101,0.057430370476919006,0.04464790366038372,samples,0.875,0.23044614283341674,0.4054363330033084,
tsnh4,2,pmc_state,impute,2,pmc_posterior,3-20,300,0.08771771876289174,0.062266627274956195,0.05142101255391036,samples,0.94,0.383043903887275,0.4054363330033084,
tsnh4,2,pmc_state,impute,2,pmc_posterior,>20,463,0.429761695046171,0.31998084526062787,0.21376054265776367,samples,0.9330453563714903,1.4546658347656458,0.4054363330033084,
tsnh4,2,pmc_state,impute,2,pmc_posterior,all,883,0.317594916843326,0.19674152207858195,0.13562308432158976,samples,0.927519818799547,0.9242095014752961,0.4054363330033084,
tsnh4,2,pmc_state,sem,0,pmc_posterior,1-2,120,0.10087091508911204,0.057001556085640726,0.04403662080891839,samples,0.8916666666666667,0.24349061070859968,0.4088639579968003,
tsnh4,2,pmc_state,sem,0,pmc_posterior,3-20,300,0.08822252581008316,0.06280151740355362,0.05454156236678659,samples,0.9466666666666667,0.45107036129707345,0.4088639579968003,
tsnh4,2,pmc_state,sem,0,pmc_posterior,>20,463,0.4090026553389804,0.3091098715649455,0.21590628967866343,samples,0.9352051835853131,1.390142963715633,0.4088639579968003,
tsnh4,2,pmc_state,sem,0,pmc_posterior,all,883,0.3028891941820178,0.19116479330227945,0.137725340122681,samples,0.9331823329558324,0.915261805067375,0.4088639579968003,
tsnh4,2,pmc_state,sem,1,pmc_posterior,1-2,120,0.10167365747315849,0.057040804588203625,0.04346614946783904,samples,0.8916666666666667,0.2220588627770629,0.4228110000003653,
tsnh4,2,pmc_state,sem,1,pmc_posterior,3-20,300,0.08736155911541849,0.06218776871629866,0.050471797736118984,samples,0.9333333333333333,0.3770687060859506,0.4228110000003653,
tsnh4,2,pmc_state,sem,1,pmc_posterior,>20,463,0.41174168482478934,0.3090768230329604,0.20759289847242124,samples,0.9222462203023758,1.3313687886031365,0.4228110000003653,
tsnh4,2,pmc_state,sem,1,pmc_posterior,all,883,0.30478083593656363,0.19094427659086605,0.13190599009026888,samples,0.9218573046432617,0.8563889291985105,0.4228110000003653,
tsnh4,2,pmc_state,sem,2,pmc_posterior,1-2,120,0.10149894131077898,0.05734560650888196,0.04381744528947954,samples,0.875,0.22019178363515599,0.4170089580002241,
tsnh4,2,pmc_state,sem,2,pmc_posterior,3-20,300,0.08754615554187889,0.062155315838615645,0.05038956373534165,samples,0.9433333333333334,0.3672069547262081,0.4170089580002241,
tsnh4,2,pmc_state,sem,2,pmc_posterior,>20,463,0.4231533433900283,0.31747490002596696,0.21318168542317445,samples,0.9352051835853131,1.3921886992478187,0.4170089580002241,
tsnh4,2,pmc_state,sem,2,pmc_posterior,all,883,0.3128789800772002,0.1953781950675801,0.13485626603201567,samples,0.9297848244620611,0.8846755019318474,0.4170089580002241,
tsnh4,2,pmc_state_gice,available,0,pmc_posterior,1-2,120,0.10097997806593537,0.056945189106720105,0.04422775736500537,samples,0.8833333333333333,0.22328467673859864,0.41421450000052573,
tsnh4,2,pmc_state_gice,available,0,pmc_posterior,3-20,300,0.08738898259482299,0.062111497568263827,0.05013540144958166,samples,0.9333333333333333,0.37400013474142796,0.41421450000052573,
tsnh4,2,pmc_state_gice,available,0,pmc_posterior,>20,463,0.4264373322232957,0.3189767691472894,0.2257815261221355,samples,0.9136069114470843,1.288204623991411,0.41421450000052573,
tsnh4,2,pmc_state_gice,available,0,pmc_posterior,all,883,0.31517073447245947,0.19609639419986472,0.14143238721769408,samples,0.9161947904869762,0.832879889625236,0.41421450000052573,
tsnh4,2,pmc_state_gice,available,1,pmc_posterior,1-2,120,0.09864822750640126,0.05693262449043028,0.043979942797461695,samples,0.9166666666666666,0.24995176160558472,0.4194329999991169,
tsnh4,2,pmc_state_gice,available,1,pmc_posterior,3-20,300,0.08755004144907345,0.06146764144257027,0.053397305128837926,samples,0.95,0.43173296348708257,0.4194329999991169,
tsnh4,2,pmc_state_gice,available,1,pmc_posterior,>20,463,0.47799914077280686,0.345570299909253,0.25238552138599246,samples,0.8768898488120951,1.2350732110648734,0.4194329999991169,
tsnh4,2,pmc_state_gice,available,1,pmc_posterior,all,883,0.35175500995234754,0.2098202222305853,0.15645671696043184,samples,0.9071347678369196,0.8282593399341239,0.4194329999991169,
tsnh4,2,pmc_state_gice,available,2,pmc_posterior,1-2,120,0.10134350727362727,0.05739549635679793,0.04516329120743112,samples,0.9166666666666666,0.2563127682448193,0.41835125000216067,
tsnh4,2,pmc_state_gice,available,2,pmc_posterior,3-20,300,0.08702967282161891,0.062026246607100786,0.055695089842736474,samples,0.94,0.4512640752458496,0.41835125000216067,
tsnh4,2,pmc_state_gice,available,2,pmc_posterior,>20,463,0.49756142137665843,0.35588533407858447,0.24810527282840772,samples,0.8941684665226782,1.3648456427913305,0.41835125000216067,
tsnh4,2,pmc_state_gice,available,2,pmc_posterior,all,883,0.3657605077065665,0.21548158915439478,0.1551538654782168,samples,0.912797281993205,0.9038055349666129,0.41835125000216067,
tsnh4,2,pmc_state_gice,impute,0,pmc_posterior,1-2,120,0.10153162276845865,0.05728242235833949,0.04403726613519533,samples,0.9166666666666666,0.2558113258251782,0.41750354199757567,
tsnh4,2,pmc_state_gice,impute,0,pmc_posterior,3-20,300,0.08805238324188924,0.0622290016721696,0.05228075138963676,samples,0.9166666666666666,0.38844247976200613,0.41750354199757567,
tsnh4,2,pmc_state_gice,impute,0,pmc_posterior,>20,463,0.5908556066996955,0.4086786297150061,0.3038560288815376,samples,0.9222462203023758,1.791671494516567,0.41750354199757567,
tsnh4,2,pmc_state_gice,impute,0,pmc_posterior,all,883,0.4325398380023859,0.243217210354133,0.18307365654050556,samples,0.9195922989807475,1.1061993261481242,0.41750354199757567,
tsnh4,2,pmc_state_gice,sem,0,pmc_posterior,1-2,120,0.10185993869905156,0.05709938075438977,0.045206048524310656,samples,0.9083333333333333,0.22546554272856342,0.41967066600045655,
tsnh4,2,pmc_state_gice,sem,0,pmc_posterior,3-20,300,0.08723445122958753,0.062080291641733364,0.0506544739037014,samples,0.94,0.38023626230793356,0.41967066600045655,
tsnh4,2,pmc_state_gice,sem,0,pmc_posterior,>20,463,0.37387213694897614,0.28703474042670585,0.1999256266569256,samples,0.9352051835853131,1.332747134061443,0.41967066600045655,
tsnh4,2,pmc_state_gice,sem,0,pmc_posterior,all,883,0.2780092676785647,0.17935798188064733,0.12818418248718488,samples,0.9331823329558324,0.8586508118802443,0.41967066600045655,
tsnh4,3,hmc_in,available,0,pmc_posterior,1-2,120,0.35555123982354964,0.28849889409747054,0.19177426796820676,samples,0.9666666666666667,1.1765827404105584,0.13568562499858672,
tsnh4,3,hmc_in,available,0,pmc_posterior,3-20,300,0.388594073942115,0.2913133442958066,0.20640038547465883,samples,0.9233333333333333,1.2842484540364831,0.13568562499858672,
tsnh4,3,hmc_in,available,0,pmc_posterior,>20,463,0.5083967789404743,0.38747338286116445,0.27656111906492264,samples,0.9740820734341252,1.9464323974261086,0.13568562499858672,
tsnh4,3,hmc_in,available,0,pmc_posterior,all,883,0.4516760799105403,0.34135226143279457,0.2412013883642601,samples,0.9558323895809739,1.616832010270102,0.13568562499858672,
tsnh4,3,hmc_in,available,1,pmc_posterior,1-2,120,0.35554504772112777,0.28851422161880824,0.19269916139902493,samples,0.9666666666666667,1.1766757828029744,0.1360460419964511,
tsnh4,3,hmc_in,available,1,pmc_posterior,3-20,300,0.3883657665904843,0.2911989495741375,0.2044661078411835,samples,0.9266666666666666,1.2842079429217546,0.1360460419964511,
tsnh4,3,hmc_in,available,1,pmc_posterior,>20,463,0.5077016207080046,0.3871646654612085,0.2769337256469822,samples,0.9740820734341252,1.9462911772806966,0.1360460419964511,
tsnh4,3,hmc_in,available,1,pmc_posterior,all,883,0.4511984513497961,0.3411536031427381,0.24086528504506316,samples,0.956964892412231,1.6167568424618866,0.1360460419964511,
tsnh4,3,hmc_in,available,2,pmc_posterior,1-2,120,0.35555338098563755,0.2884945972295475,0.19331338061427625,samples,0.9666666666666667,1.1765524816967272,0.1387992089985346,
tsnh4,3,hmc_in,available,2,pmc_posterior,3-20,300,0.38866798911899164,0.29135316749757567,0.20637543884472037,samples,0.9233333333333333,1.2842563750700473,0.1387992089985346,
tsnh4,3,hmc_in,available,2,pmc_posterior,>20,463,0.5086312707584675,0.3875767704690852,0.2779917467684616,samples,0.9740820734341252,1.946479616799384,0.1387992089985346,
tsnh4,3,hmc_in,available,2,pmc_posterior,all,883,0.45183631601010504,0.3414194186228821,0.24215222659221627,samples,0.9558323895809739,1.6168553487007205,0.1387992089985346,
tsnh4,3,hmc_in,impute,0,pmc_posterior,1-2,120,0.3556028229602414,0.28883422805971753,0.19072951550506723,samples,0.975,1.1767662351778971,0.13735100000121747,
tsnh4,3,hmc_in,impute,0,pmc_posterior,3-20,300,0.3842867552121062,0.2890786858506594,0.20136828086369238,samples,0.9266666666666666,1.2833057072111214,0.13735100000121747,
tsnh4,3,hmc_in,impute,0,pmc_posterior,>20,463,0.5022864869042899,0.38487083653964577,0.2759912464653789,samples,0.9719222462203023,1.9515345286213752,0.13735100000121747,
tsnh4,3,hmc_in,impute,0,pmc_posterior,all,883,0.44681883149814855,0.3392739642584597,0.23905093231391417,samples,0.956964892412231,1.619211944661813,0.13735100000121747,
tsnh4,3,hmc_in,impute,1,pmc_posterior,1-2,120,0.35558558142083724,0.2884791469439178,0.1916357771410145,samples,0.9666666666666667,1.1779271900536274,0.13577608299965505,
tsnh4,3,hmc_in,impute,1,pmc_posterior,3-20,300,0.3897601548235873,0.2919362944494306,0.20617823760145376,samples,0.9233333333333333,1.2860230894121203,0.13577608299965505,
tsnh4,3,hmc_in,impute,1,pmc_posterior,>20,463,0.5102797591813258,0.38829290748973116,0.2793854311590945,samples,0.9740820734341252,1.9466311932962652,0.13577608299965505,
tsnh4,3,hmc_in,impute,1,pmc_posterior,all,883,0.45313214915504574,0.3419909423962002,0.24258801717329398,samples,0.9558323895809739,1.6177218936877034,0.13577608299965505,
tsnh4,3,hmc_in,impute,2,pmc_posterior,1-2,120,0.3557469309670374,0.28889517982316126,0.188202051198223,samples,0.975,1.1780126022269433,0.13721320799959358,
tsnh4,3,hmc_in,impute,2,pmc_posterior,3-20,300,0.385662021039547,0.28982984202419765,0.2039951460157151,samples,0.9233333333333333,1.2861061504316817,0.13721320799959358,
tsnh4,3,hmc_in,impute,2,pmc_posterior,>20,463,0.5050055141351613,0.3861494524947477,0.2762361791156624,samples,0.9740820734341252,1.9510232192176569,0.13721320799959358,
tsnh4,3,hmc_in,impute,2,pmc_posterior,all,883,0.4488394716881422,0.34020789432741433,0.23972835886642468,samples,0.956964892412231,1.6200646748522227,0.13721320799959358,
tsnh4,3,hmc_in,sem,0,pmc_posterior,1-2,120,0.3555814608403985,0.2874163824996503,0.19202834916945336,samples,0.9583333333333334,1.1682450659716863,0.13507291700079804,
tsnh4,3,hmc_in,sem,0,pmc_posterior,3-20,300,0.396955734523221,0.29426241974329165,0.20891310328765753,samples,0.9233333333333333,1.281425917659717,0.13507291700079804,
tsnh4,3,hmc_in,sem,0,pmc_posterior,>20,463,0.5541510998681528,0.4081147979834469,0.2997752960492853,samples,0.9740820734341252,1.9497829870496062,0.13507291700079804,
tsnh4,3,hmc_in,sem,0,pmc_posterior,all,883,0.4813913994817248,0.3530304001011115,0.25426194219416853,samples,0.9546998867497168,1.6164968360345247,0.13507291700079804,
tsnh4,3,hmc_in,sem,1,pmc_posterior,1-2,120,0.37405413155949585,0.28760897847860734,0.19492731633535007,samples,0.95,1.2267577879853981,0.13860645900058444,
tsnh4,3,hmc_in,sem,1,pmc_posterior,3-20,300,0.4626992926144905,0.3254971346141396,0.23406475432613735,samples,0.9266666666666666,1.2919209635141007,0.13860645900058444,
tsnh4,3,hmc_in,sem,1,pmc_posterior,>20,463,0.6207573588691964,0.4568554529456343,0.3291418010089299,samples,0.9481641468682506,1.9183926770134716,0.13860645900058444,
tsnh4,3,hmc_in,sem,1,pmc_posterior,all,883,0.542037440528661,0.38922569933805595,0.278599499575558,samples,0.9411098527746319,1.611554963838862,0.13860645900058444,
tsnh4,3,hmc_in,sem,2,pmc_posterior,1-2,120,0.373471544374552,0.29108860315276724,0.19455576771797453,samples,0.9666666666666667,1.2417381413379815,0.137508624997281,
tsnh4,3,hmc_in,sem,2,pmc_posterior,3-20,300,0.45140209091217026,0.3224229492676796,0.2297826438772529,samples,0.9266666666666666,1.3067871765439658,0.137508624997281,
tsnh4,3,hmc_in,sem,2,pmc_posterior,>20,463,0.5935022812963553,0.4325045237856479,0.3173119386641612,samples,0.9654427645788337,1.9496225996271102,0.137508624997281,
tsnh4,3,hmc_in,sem,2,pmc_posterior,all,883,0.5223826946499762,0.3758857436822094,0.27089118107682836,samples,0.9524348810872028,1.6350169802390706,0.137508624997281,
tsnh4,3,pmc_pair,available,0,pmc_posterior,1-2,120,0.09121659622966269,0.05554957068734067,0.04302906919854852,samples,0.9083333333333333,0.23949947433762636,0.591458375001821,
tsnh4,3,pmc_pair,available,0,pmc_posterior,3-20,300,0.08754374557271925,0.06240912158382334,0.05057355415809059,samples,0.9166666666666666,0.34842679029465246,0.591458375001821,
tsnh4,3,pmc_pair,available,0,pmc_posterior,>20,463,0.3753077327537232,0.2929400481953404,0.2016042774479072,samples,0.8920086393088553,1.375690088416475,0.591458375001821,
tsnh4,3,pmc_pair,available,0,pmc_posterior,all,883,0.27855375434065316,0.18235552352442866,0.1287410362510012,samples,0.9026047565118913,0.8722678198705991,0.591458375001821,
tsnh4,3,pmc_pair,available,1,pmc_posterior,1-2,120,0.08557908552134243,0.05379323164226828,0.041417911386181304,samples,0.8916666666666667,0.23157398557379835,0.601750041001651,
tsnh4,3,pmc_pair,available,1,pmc_posterior,3-20,300,0.08747924247759306,0.062333430271178804,0.050387990043131894,samples,0.9466666666666667,0.37844627010721044,0.601750041001651,
tsnh4,3,pmc_pair,available,1,pmc_posterior,>20,463,0.3560917671084868,0.2784740348641229,0.19348714424905394,samples,0.896328293736501,1.1695791323230742,0.601750041001651,
tsnh4,3,pmc_pair,available,1,pmc_posterior,all,883,0.26473273862735963,0.1745058833754414,0.12420282465072856,samples,0.912797281993205,0.7733158522838076,0.601750041001651,
tsnh4,3,pmc_pair,available,2,pmc_posterior,1-2,120,0.09669680034531886,0.056652619946181475,0.04436432087853094,samples,0.8416666666666667,0.21560775721863182,0.5813150829999358,
tsnh4,3,pmc_pair,available,2,pmc_posterior,3-20,300,0.08705647539892954,0.06139656299429885,0.052932475974550135,samples,0.3933333333333333,0.16005108899872258,0.5813150829999358,
tsnh4,3,pmc_pair,available,2,pmc_posterior,>20,463,0.40211146436741013,0.3071636722288091,0.20869779985051337,samples,0.047516198704103674,0.04573347357063577,0.5813150829999358,
tsnh4,3,pmc_pair,available,2,pmc_posterior,all,883,0.29770703960393313,0.18961955100087205,0.13344342313542068,samples,0.2729331823329558,0.10765895337379042,0.5813150829999358,
tsnh4,3,pmc_pair,impute,0,pmc_posterior,1-2,120,0.08426413485686306,0.054020143426690245,0.04304976473910904,samples,0.9083333333333333,0.22837036929783416,0.5714056659999187,
tsnh4,3,pmc_pair,impute,0,pmc_posterior,3-20,300,0.08710770962326463,0.062342835735869524,0.05072368320467846,samples,0.94,0.35404769107684103,0.5714056659999187,
tsnh4,3,pmc_pair,impute,0,pmc_posterior,>20,463,0.4418159091886318,0.33322544459655074,0.23227538371372908,samples,0.8941684665226782,1.1672004463110266,0.5714056659999187,
tsnh4,3,pmc_pair,impute,0,pmc_posterior,all,883,0.32541737299272167,0.20324875286542093,0.14487721335170237,samples,0.9116647791619479,0.763343780612455,0.5714056659999187,
tsnh4,3,pmc_pair,impute,1,pmc_posterior,1-2,120,0.09390655112639579,0.056502412567841935,0.046825797269120055,samples,0.9,0.22072065416071757,0.5397537919998285,
tsnh4,3,pmc_pair,impute,1,pmc_posterior,3-20,300,0.08852948095400748,0.06445186358406864,0.05079606290176029,samples,0.9366666666666666,0.3475003628589025,0.5397537919998285,
tsnh4,3,pmc_pair,impute,1,pmc_posterior,>20,463,0.33088046061117343,0.26375519274757825,0.18551594037427702,samples,0.9244060475161987,1.226814581987153,0.5397537919998285,
tsnh4,3,pmc_pair,impute,1,pmc_posterior,all,883,0.24752355234593315,0.1678759941398532,0.12089671000692272,samples,0.9252548131370328,0.7913383225560687,0.5397537919998285,
tsnh4,3,pmc_pair,impute,2,pmc_posterior,1-2,120,0.08335686806188239,0.052958966545021,0.04246038703351729,samples,0.9,0.236670018033981,0.5761803330024122,
tsnh4,3,pmc_pair,impute,2,pmc_posterior,3-20,300,0.0865579366474371,0.06122884000475091,0.05280691157361846,samples,0.41,0.1619442174937526,0.5761803330024122,
tsnh4,3,pmc_pair,impute,2,pmc_posterior,>20,463,0.3743212997370222,0.2935430943397484,0.19517029821346843,samples,0.04967602591792657,0.04307127039526114,0.5761803330024122,
tsnh4,3,pmc_pair,impute,2,pmc_posterior,all,883,0.2774160757274937,0.18191866440105472,0.12604888786969817,samples,0.2876557191392978,0.10976859071937646,0.5761803330024122,
tsnh4,3,pmc_pair,sem,0,pmc_posterior,1-2,120,0.0824359658016276,0.05223937016511264,0.041727133051582,samples,0.9083333333333333,0.23990688367078944,0.5916967920020397,
tsnh4,3,pmc_pair,sem,0,pmc_posterior,3-20,300,0.08876987504142958,0.0637384779203108,0.05476786211429679,samples,0.9266666666666666,0.4121500682111675,0.5916967920020397,
tsnh4,3,pmc_pair,sem,0,pmc_posterior,>20,463,0.4947515431723876,0.3501883538775677,0.25622498376545544,samples,0.8768898488120951,1.2972084563176183,0.5916967920020397,
tsnh4,3,pmc_pair,sem,0,pmc_posterior,all,883,0.3632498153812035,0.21237539710217507,0.15862942478356143,samples,0.8980747451868629,0.8528214742682925,0.5916967920020397,
tsnh4,3,pmc_pair,sem,1,pmc_posterior,1-2,120,0.09569160065135583,0.05676293815367708,0.04372001318811193,samples,0.8916666666666667,0.23353141141383796,0.5742664160025015,
tsnh4,3,pmc_pair,sem,1,pmc_posterior,3-20,300,0.08918820044823311,0.06356423806994857,0.050990462819928146,samples,0.9133333333333333,0.3446343939256269,0.5742664160025015,
tsnh4,3,pmc_pair,sem,1,pmc_posterior,>20,463,0.3323616574203663,0.2633542759447176,0.18274803860303404,samples,0.8898488120950324,1.1973870022208637,0.5742664160025015,
tsnh4,3,pmc_pair,sem,1,pmc_posterior,all,883,0.24873438202735026,0.16739960788429226,0.11908933443007545,samples,0.8980747451868629,0.7766752769825691,0.5742664160025015,
tsnh4,3,pmc_pair,sem,2,pmc_posterior,1-2,120,0.08222558095768853,0.052169705028756105,0.0425479740733136,samples,0.9,0.23201234985310712,0.5260934580001049,
tsnh4,3,pmc_pair,sem,2,pmc_posterior,3-20,300,0.09393906801752723,0.06481603473056602,0.055990934817571086,samples,0.91,0.4587899839168635,0.5260934580001049,
tsnh4,3,pmc_pair,sem,2,pmc_posterior,>20,463,0.41749853779283197,0.31288865942161453,0.21278283174235363,samples,0.8984881209503239,1.2346177577250748,0.5260934580001049,
tsnh4,3,pmc_pair,sem,2,pmc_posterior,all,883,0.3087290252554198,0.1931739799941428,0.13637767659204833,samples,0.9026047565118913,0.8347751970375329,0.5260934580001049,
tsnh4,3,pmc_state,available,0,pmc_posterior,1-2,120,0.1006976805382195,0.057011261540661065,0.04431558332538333,samples,0.8833333333333333,0.22843875647249423,0.5547867499990389,
tsnh4,3,pmc_state,available,0,pmc_posterior,3-20,300,0.08753751384030549,0.06243247007339981,0.049187280057209966,samples,0.9433333333333334,0.3577843208264153,0.5547867499990389,
tsnh4,3,pmc_state,available,0,pmc_posterior,>20,463,0.44044429610377056,0.3255668603055372,0.22500414425685006,samples,0.8984881209503239,1.403906290820246,0.5547867499990389,
tsnh4,3,pmc_state,available,0,pmc_posterior,all,883,0.3251161706182421,0.19966993060969762,0.14071457849052157,samples,0.9116647791619479,0.8887390256788197,0.5547867499990389,
tsnh4,3,pmc_state,available,1,pmc_posterior,1-2,120,0.100839866686699,0.057440260775574375,0.0444799006255997,samples,0.925,0.23437849320862297,0.5546339169995917,
tsnh4,3,pmc_state,available,1,pmc_posterior,3-20,300,0.08795248697302817,0.0627407614528498,0.05108393459915555,samples,0.9433333333333334,0.38377705803646744,0.5546339169995917,
tsnh4,3,pmc_state,available,1,pmc_posterior,>20,463,0.37012906497348963,0.28441052845850784,0.19762436179328913,samples,0.9244060475161987,1.3388709234732705,0.5546339169995917,
tsnh4,3,pmc_state,available,1,pmc_posterior,all,883,0.27539709081924146,0.17825270034565455,0.12702474288234594,samples,0.9309173272933182,0.8642760749310298,0.5546339169995917,
tsnh4,3,pmc_state,available,2,pmc_posterior,1-2,120,0.10409361095047437,0.05782016734780693,0.04532557458069694,samples,0.9166666666666666,0.24410294957221448,0.5775814999979048,
tsnh4,3,pmc_state,available,2,pmc_posterior,3-20,300,0.08625702418904872,0.06146692721351592,0.051797610181521764,samples,0.94,0.38579175534045695,0.5775814999979048,
tsnh4,3,pmc_state,available,2,pmc_posterior,>20,463,0.33441880455052186,0.2530231039282672,0.17564821066130162,samples,0.9136069114470843,1.3809428437964935,0.5775814999979048,
tsnh4,3,pmc_state,available,2,pmc_posterior,all,883,0.2502826909146181,0.16141358478434806,0.11585897343184917,samples,0.9229898074745186,0.888342488367587,0.5775814999979048,
tsnh4,3,pmc_state,impute,0,pmc_posterior,1-2,120,0.10177236694854717,0.05744610273844033,0.04480252029893007,samples,0.875,0.2287007777599118,0.556131125002139,
tsnh4,3,pmc_state,impute,0,pmc_posterior,3-20,300,0.08754940827419055,0.06226561626512808,0.050501702412863156,samples,0.9466666666666667,0.37345378424377895,0.556131125002139,
tsnh4,3,pmc_state,impute,0,pmc_posterior,>20,463,0.4021544790184372,0.30544886768378515,0.1996801524030827,samples,0.9308855291576674,1.3839796291071123,0.556131125002139,
tsnh4,3,pmc_state,impute,0,pmc_posterior,all,883,0.29801637827741373,0.1891234914447834,0.12794872448738148,samples,0.928652321630804,0.8836498265922039,0.556131125002139,
tsnh4,3,pmc_state,impute,1,pmc_posterior,1-2,120,0.109854183084715,0.05835727071376122,0.045362619956749166,samples,0.8916666666666667,0.2497612422067002,0.5295965830009663,
tsnh4,3,pmc_state,impute,1,pmc_posterior,3-20,300,0.09253120138891109,0.06490283947329628,0.052136986948041524,samples,0.91,0.3631226423690212,0.5295965830009663,
tsnh4,3,pmc_state,impute,1,pmc_posterior,>20,463,0.43528442052031935,0.3076219207400648,0.23423257753408724,samples,0.9222462203023758,1.4931337041334292,0.5295965830009663,
tsnh4,3,pmc_state,impute,1,pmc_posterior,all,883,0.32233319114476044,0.19128275609319387,0.14669795456116053,samples,0.9139297848244621,0.940236746080734,0.5295965830009663,
tsnh4,3,pmc_state,impute,2,pmc_posterior,1-2,120,0.09741228774975536,0.05940951375260607,0.04421257988924771,samples,0.9083333333333333,0.41585778801856493,0.5218892080010846,
tsnh4,3,pmc_state,impute,2,pmc_posterior,3-20,300,0.08888028027877788,0.0629606922333694,0.0557341218426529,samples,0.67,1.8002833366304518,0.5218892080010846,
tsnh4,3,pmc_state,impute,2,pmc_posterior,>20,463,0.4321948267100966,0.32234384033375746,0.21835486778783966,samples,0.15550755939524838,2.145251668025731,0.5218892080010846,
tsnh4,3,pmc_state,impute,2,pmc_posterior,all,883,0.31924577774713864,0.19848533113799915,0.13943833513621218,samples,0.43261608154020387,1.7930231685699622,0.5218892080010846,
tsnh4,3,pmc_state,sem,0,pmc_posterior,1-2,120,0.10292521214570317,0.05721048775730828,0.04364093980968003,samples,0.9166666666666666,0.23764966552482675,0.4945512919985049,
tsnh4,3,pmc_state,sem,0,pmc_posterior,3-20,300,0.08677320197876322,0.0618867578159517,0.05156830864568006,samples,0.9333333333333333,0.36546864501476295,0.4945512919985049,
tsnh4,3,pmc_state,sem,0,pmc_posterior,>20,463,0.6556822771559331,0.44258068493802666,0.29049299763354897,samples,0.9114470842332614,1.5721511672456236,0.4945512919985049,
tsnh4,3,pmc_state,sem,0,pmc_posterior,all,883,0.4789838250103104,0.2608676591188775,0.1757708530862953,samples,0.9195922989807475,0.9808205479072842,0.4945512919985049,
tsnh4,3,pmc_state,sem,1,pmc_posterior,1-2,120,0.08326534362253654,0.053015499858721456,0.0426063663485924,samples,0.8916666666666667,0.23508427252349548,0.5205833340005483,
tsnh4,3,pmc_state,sem,1,pmc_posterior,3-20,300,0.09783373080060855,0.06856864945069231,0.05408293552160584,samples,0.9033333333333333,0.35059470147217014,0.5205833340005483,
tsnh4,3,pmc_state,sem,1,pmc_posterior,>20,463,0.5499537555265285,0.37828969493132697,0.28604374460676885,samples,0.7235421166306696,1.2285500696392022,0.5205833340005483,
tsnh4,3,pmc_state,sem,1,pmc_posterior,all,883,0.40346370451235514,0.22885683303675955,0.1741516402845377,samples,0.8074745186862967,0.7952516482303752,0.5205833340005483,
tsnh4,3,pmc_state,sem,2,pmc_posterior,1-2,120,0.10094469317100649,0.056945156257904236,0.044204328467856394,samples,0.9166666666666666,0.2544108470226191,0.5465973329992266,
tsnh4,3,pmc_state,sem,2,pmc_posterior,3-20,300,0.08720363284363819,0.06198189765312046,0.05413659368886582,samples,0.9533333333333334,0.4471547020030932,0.5465973329992266,
tsnh4,3,pmc_state,sem,2,pmc_posterior,>20,463,0.4325812179261479,0.32400203433520786,0.22032677799182826,samples,0.9136069114470843,1.3007539207437333,0.5465973329992266,
tsnh4,3,pmc_state,sem,2,pmc_posterior,all,883,0.31951211388429246,0.198687349880052,0.13992842098869648,samples,0.927519818799547,0.8685444819343043,0.5465973329992266,
tsnh4,3,pmc_state_gice,available,0,pmc_posterior,1-2,120,0.1053399984443307,0.057602810916537656,0.044846936266723,samples,0.9083333333333333,0.22778105520553465,0.6000371659974917,
tsnh4,3,pmc_state_gice,available,0,pmc_posterior,3-20,300,0.08745528686495867,0.062476070553572925,0.051547221024732505,samples,0.9266666666666666,0.39790155180096887,0.6000371659974917,
tsnh4,3,pmc_state_gice,available,0,pmc_posterior,>20,463,0.41449423553967457,0.3078380322810013,0.2171424719927904,samples,0.9524838012958964,1.7153633357411304,0.6000371659974917,
tsnh4,3,pmc_state_gice,available,0,pmc_posterior,all,883,0.3069080878838638,0.19046904577821064,0.13746632298084765,samples,0.9377123442808607,1.0655916382934296,0.6000371659974917,
tsnh4,3,pmc_state_gice,available,1,pmc_posterior,1-2,120,0.1366701867601423,0.061506032522244736,0.04885814687629964,samples,0.8916666666666667,0.24520048294089064,0.565117582998937,
tsnh4,3,pmc_state_gice,available,1,pmc_posterior,3-20,300,0.09093593932650992,0.06336940076545398,0.055916642515517645,samples,0.9066666666666666,0.4375282827194229,0.565117582998937,
tsnh4,3,pmc_state_gice,available,1,pmc_posterior,>20,463,0.4707023253789918,0.3364846619587033,0.24060075218648622,samples,0.8639308855291576,1.2390940221747881,0.565117582998937,
tsnh4,3,pmc_state_gice,available,1,pmc_posterior,all,883,0.34860155298653633,0.20632383082580427,0.15179628385294944,samples,0.8822197055492639,0.8316909117051648,0.565117582998937,
tsnh4,3,pmc_state_gice,available,2,pmc_posterior,1-2,120,0.09857251888032889,0.056927337862293176,0.044223463420065764,samples,0.9166666666666666,0.24890801081318756,0.5427681669971207,
tsnh4,3,pmc_state_gice,available,2,pmc_posterior,3-20,300,0.0873983753609695,0.06138057661072414,0.05335200555308457,samples,0.95,0.4279200519439358,0.5427681669971207,
tsnh4,3,pmc_state_gice,available,2,pmc_posterior,>20,463,0.5174361347467297,0.3850104866080204,0.28537782616964047,samples,0.8142548596112311,1.205251728909936,0.5427681669971207,
tsnh4,3,pmc_state_gice,available,2,pmc_posterior,all,883,0.37987483614299017,0.23047033842152426,0.17377389670767474,samples,0.8742921857304643,0.811185195205055,0.5427681669971207,
tsnh4,3,pmc_state_gice,impute,0,pmc_posterior,1-2,120,0.11548076560186774,0.05939353912550548,0.04558031870780401,samples,0.9166666666666666,0.24923512501807454,0.5328466669998306,
tsnh4,3,pmc_state_gice,impute,0,pmc_posterior,3-20,300,0.09328929925842859,0.0665211274152426,0.05452522069887615,samples,0.94,0.4285537758522117,0.5328466669998306,
tsnh4,3,pmc_state_gice,impute,0,pmc_posterior,>20,463,0.538286188874244,0.3766215186238143,0.2753204388865017,samples,0.7840172786177105,1.1954300631540562,0.5328466669998306,
tsnh4,3,pmc_state_gice,impute,0,pmc_posterior,all,883,0.39585386681337853,0.22815325712622817,0.1690833155821626,samples,0.855039637599094,0.8062949796128658,0.5328466669998306,
tsnh4,3,pmc_state_gice,sem,0,pmc_posterior,1-2,120,0.10161985401980474,0.05693752739012579,0.04469985837389804,samples,0.9166666666666666,0.2546424607202538,0.540940667000541,
tsnh4,3,pmc_state_gice,sem,0,pmc_posterior,3-20,300,0.08713072792384514,0.061554835281994104,0.05467801339346932,samples,0.9466666666666667,0.4481744536729042,0.540940667000541,
tsnh4,3,pmc_state_gice,sem,0,pmc_posterior,>20,463,0.4120307134578563,0.31315584481843795,0.21399830867006076,samples,0.9200863930885529,1.2700063305011737,0.540940667000541,
tsnh4,3,pmc_state_gice,sem,0,pmc_posterior,all,883,0.3049607042279124,0.1928540317353908,0.1368613861122839,samples,0.928652321630804,0.8527999574296093,0.540940667000541,
