series,subject,K,model,strategy,start,fit_on,applied_to,method,err_all,n_all,ll_complete,copulas,mean_sorted,n_warnings,err_missing,n_missing,err_observed,n_observed,err_real,n_real,err_mcar,n_mcar,conf_missing,time_s
pamap2_102_oracle,102,2,hmc_in,supervised,0,labels,complete,complete,0.06738800303720577,5268,-11689.12466168489,,-1.5981|0.9229,0,,,,,,,,,,
pamap2_102_oracle,102,2,hmc_in,supervised,0,labels,gapped,linear,0.059605163249810175,5268,,,-1.5981|0.9229,0,0.00686106346483705,583.0,0.06616862326574173,4685.0,0.0,159.0,0.009433962264150943,424.0,0.9999999845259843,
pamap2_102_oracle,102,2,hmc_in,supervised,0,labels,gapped,locf,0.059605163249810175,5268,,,-1.5981|0.9229,0,0.00686106346483705,583.0,0.06616862326574173,4685.0,0.0,159.0,0.009433962264150943,424.0,0.9986021783616047,
pamap2_102_oracle,102,2,hmc_in,supervised,0,labels,gapped,marginalise,0.059605163249810175,5268,,,-1.5981|0.9229,0,0.00686106346483705,583.0,0.06616862326574173,4685.0,0.0,159.0,0.009433962264150943,424.0,0.9992346795913888,0.0409629589994438
pamap2_102_oracle,102,2,hmc_in,supervised,0,labels,gapped,plugin,0.059605163249810175,5268,,,-1.5981|0.9229,0,0.00686106346483705,583.0,0.06616862326574173,4685.0,0.0,159.0,0.009433962264150943,424.0,0.9999999973873279,
pamap2_102_oracle,102,2,pmc_pair,supervised,0,labels,complete,complete,0.035876993166287015,5268,-6903.560285504011,00:Clayton(0.743);01:Gauss(0.300);10:Gauss(0.300);11:Gauss(0.596),-1.5968|0.9282,0,,,,,,,,,,
pamap2_102_oracle,102,2,pmc_pair,supervised,0,labels,gapped,linear,0.035876993166287015,5268,,00:Clayton(0.743);01:Gauss(0.300);10:Gauss(0.300);11:Gauss(0.596),-1.5968|0.9282,0,0.00686106346483705,583.0,0.03948772678762007,4685.0,0.0,159.0,0.009433962264150943,424.0,0.999993075418475,
pamap2_102_oracle,102,2,pmc_pair,supervised,0,labels,gapped,locf,0.03511769172361427,5268,,00:Clayton(0.743);01:Gauss(0.300);10:Gauss(0.300);11:Gauss(0.596),-1.5968|0.9282,0,0.0,583.0,0.03948772678762007,4685.0,0.0,159.0,0.0,424.0,0.9999992878524211,
pamap2_102_oracle,102,2,pmc_pair,supervised,0,labels,gapped,marginalise,0.035876993166287015,5268,,00:Clayton(0.743);01:Gauss(0.300);10:Gauss(0.300);11:Gauss(0.596),-1.5968|0.9282,0,0.00686106346483705,583.0,0.03948772678762007,4685.0,0.0,159.0,0.009433962264150943,424.0,0.998938031306699,0.08114183299767319
pamap2_102_oracle,102,2,pmc_pair,supervised,0,labels,gapped,plugin,0.035876993166287015,5268,,00:Clayton(0.743);01:Gauss(0.300);10:Gauss(0.300);11:Gauss(0.596),-1.5968|0.9282,0,0.00686106346483705,583.0,0.03948772678762007,4685.0,0.0,159.0,0.009433962264150943,424.0,0.997095425382121,
pamap2_102_oracle,102,2,pmc_state,supervised,0,labels,complete,complete,0.03891419893697798,5268,-6780.037351897049,00:Clayton(0.743);01:Gauss(0.300);10:Gauss(0.300);11:GH(0.609),-1.5981|0.9229,0,,,,,,,,,,
pamap2_102_oracle,102,2,pmc_state,supervised,0,labels,gapped,linear,0.03663629460895976,5268,,00:Clayton(0.743);01:Gauss(0.300);10:Gauss(0.300);11:GH(0.609),-1.5981|0.9229,0,0.00686106346483705,583.0,0.04034151547491996,4685.0,0.0,159.0,0.009433962264150943,424.0,0.9999999141596584,
pamap2_102_oracle,102,2,pmc_state,supervised,0,labels,gapped,locf,0.035876993166287015,5268,,00:Clayton(0.743);01:Gauss(0.300);10:Gauss(0.300);11:GH(0.609),-1.5981|0.9229,0,0.0,583.0,0.04034151547491996,4685.0,0.0,159.0,0.0,424.0,0.9999831229869602,
pamap2_102_oracle,102,2,pmc_state,supervised,0,labels,gapped,marginalise,0.03663629460895976,5268,,00:Clayton(0.743);01:Gauss(0.300);10:Gauss(0.300);11:GH(0.609),-1.5981|0.9229,0,0.00686106346483705,583.0,0.04034151547491996,4685.0,0.0,159.0,0.009433962264150943,424.0,0.9981852741603181,0.07653241599837202
pamap2_102_oracle,102,2,pmc_state,supervised,0,labels,gapped,plugin,0.03663629460895976,5268,,00:Clayton(0.743);01:Gauss(0.300);10:Gauss(0.300);11:GH(0.609),-1.5981|0.9229,0,0.00686106346483705,583.0,0.04034151547491996,4685.0,0.0,159.0,0.009433962264150943,424.0,0.9999996863924308,
pamap2_102_oracle,102,3,hmc_in,supervised,0,labels,complete,complete,0.1300303720577069,5268,-10915.721159979412,,-1.5981|0.6773|1.4449,0,,,,,,,,,,
pamap2_102_oracle,102,3,hmc_in,supervised,0,labels,gapped,linear,0.12186788154897495,5268,,,-1.5981|0.6773|1.4449,0,0.00686106346483705,583.0,0.13617929562433298,4685.0,0.0,159.0,0.009433962264150943,424.0,0.9970176555357237,
pamap2_102_oracle,102,3,hmc_in,supervised,0,labels,gapped,locf,0.14028094153378892,5268,,,-1.5981|0.6773|1.4449,0,0.14408233276157806,583.0,0.13980789754535752,4685.0,0.018867924528301886,159.0,0.19103773584905662,424.0,0.9950904470970436,
pamap2_102_oracle,102,3,hmc_in,supervised,0,labels,gapped,marginalise,0.12186788154897495,5268,,,-1.5981|0.6773|1.4449,0,0.00686106346483705,583.0,0.13617929562433298,4685.0,0.0,159.0,0.009433962264150943,424.0,0.9991870972624429,0.04165004099922953
pamap2_102_oracle,102,3,hmc_in,supervised,0,labels,gapped,plugin,0.12186788154897495,5268,,,-1.5981|0.6773|1.4449,0,0.00686106346483705,583.0,0.13617929562433298,4685.0,0.0,159.0,0.009433962264150943,424.0,0.9999997783816514,
pamap2_102_oracle,102,3,pmc_pair,supervised,0,labels,complete,complete,0.06681852695520121,5268,-6801.836835033224,00:Clayton(0.743);01:Gauss(0.300);02:Gauss(0.300);10:Gauss(0.300);11:Gauss(0.553);12:Gauss(0.300);20:Gauss(0.300);21:Gauss(0.300);22:GH(0.558),-1.5968|0.6827|1.4500,0,,,,,,,,,,
pamap2_102_oracle,102,3,pmc_pair,supervised,0,labels,gapped,linear,0.06662870159453303,5268,,00:Clayton(0.743);01:Gauss(0.300);02:Gauss(0.300);10:Gauss(0.300);11:Gauss(0.553);12:Gauss(0.300);20:Gauss(0.300);21:Gauss(0.300);22:GH(0.558),-1.5968|0.6827|1.4500,0,0.00686106346483705,583.0,0.07406616862326575,4685.0,0.0,159.0,0.009433962264150943,424.0,0.9852586128325053,
pamap2_102_oracle,102,3,pmc_pair,supervised,0,labels,gapped,locf,0.06643887623386484,5268,,00:Clayton(0.743);01:Gauss(0.300);02:Gauss(0.300);10:Gauss(0.300);11:Gauss(0.553);12:Gauss(0.300);20:Gauss(0.300);21:Gauss(0.300);22:GH(0.558),-1.5968|0.6827|1.4500,0,0.0,583.0,0.07470651013874066,4685.0,0.0,159.0,0.0,424.0,0.9545787478766997,
pamap2_102_oracle,102,3,pmc_pair,supervised,0,labels,gapped,marginalise,0.06757782839787396,5268,,00:Clayton(0.743);01:Gauss(0.300);02:Gauss(0.300);10:Gauss(0.300);11:Gauss(0.553);12:Gauss(0.300);20:Gauss(0.300);21:Gauss(0.300);22:GH(0.558),-1.5968|0.6827|1.4500,0,0.00686106346483705,583.0,0.07513340448239061,4685.0,0.0,159.0,0.009433962264150943,424.0,0.9808828615967471,0.11351095799909672
pamap2_102_oracle,102,3,pmc_pair,supervised,0,labels,gapped,plugin,0.06397114654517844,5268,,00:Clayton(0.743);01:Gauss(0.300);02:Gauss(0.300);10:Gauss(0.300);11:Gauss(0.553);12:Gauss(0.300);20:Gauss(0.300);21:Gauss(0.300);22:GH(0.558),-1.5968|0.6827|1.4500,0,0.0,583.0,0.07193169690501601,4685.0,0.0,159.0,0.0,424.0,0.9994048449607437,
pamap2_102_oracle,102,3,pmc_state,supervised,0,labels,complete,complete,0.1571753986332574,5268,-6714.500686367688,00:Clayton(0.743);01:Gauss(0.300);02:Gauss(0.300);10:Gauss(0.300);11:Gauss(0.557);12:Gauss(0.300);20:Gauss(0.300);21:Gauss(0.300);22:GH(0.563),-1.5981|0.6773|1.4449,0,,,,,,,,,,
pamap2_102_oracle,102,3,pmc_state,supervised,0,labels,gapped,linear,0.20064540622627183,5268,,00:Clayton(0.743);01:Gauss(0.300);02:Gauss(0.300);10:Gauss(0.300);11:Gauss(0.557);12:Gauss(0.300);20:Gauss(0.300);21:Gauss(0.300);22:GH(0.563),-1.5981|0.6773|1.4449,0,0.1423670668953688,583.0,0.207897545357524,4685.0,0.11949685534591195,159.0,0.1509433962264151,424.0,0.9347932492894423,
pamap2_102_oracle,102,3,pmc_state,supervised,0,labels,gapped,locf,0.15394836750189825,5268,,00:Clayton(0.743);01:Gauss(0.300);02:Gauss(0.300);10:Gauss(0.300);11:Gauss(0.557);12:Gauss(0.300);20:Gauss(0.300);21:Gauss(0.300);22:GH(0.563),-1.5981|0.6773|1.4449,0,0.0,583.0,0.17310565635005337,4685.0,0.0,159.0,0.0,424.0,0.9616368425945147,
pamap2_102_oracle,102,3,pmc_state,supervised,0,labels,gapped,marginalise,0.154707668944571,5268,,00:Clayton(0.743);01:Gauss(0.300);02:Gauss(0.300);10:Gauss(0.300);11:Gauss(0.557);12:Gauss(0.300);20:Gauss(0.300);21:Gauss(0.300);22:GH(0.563),-1.5981|0.6773|1.4449,0,0.00686106346483705,583.0,0.17310565635005337,4685.0,0.0,159.0,0.009433962264150943,424.0,0.9984855225872208,0.09571179200065671
pamap2_102_oracle,102,3,pmc_state,supervised,0,labels,gapped,plugin,0.154707668944571,5268,,00:Clayton(0.743);01:Gauss(0.300);02:Gauss(0.300);10:Gauss(0.300);11:Gauss(0.557);12:Gauss(0.300);20:Gauss(0.300);21:Gauss(0.300);22:GH(0.563),-1.5981|0.6773|1.4449,0,0.00686106346483705,583.0,0.17310565635005337,4685.0,0.0,159.0,0.009433962264150943,424.0,0.999652008515857,
pamap2_105_oracle,105,2,hmc_in,supervised,0,labels,complete,complete,0.04698972099853157,5448,-10532.213974180042,,-1.1722|1.1678,0,,,,,,,,,,
pamap2_105_oracle,105,2,hmc_in,supervised,0,labels,gapped,linear,0.06883259911894272,5448,,,-1.1722|1.1678,0,0.15615615615615616,666.0,0.05667084901714764,4782.0,0.0,97.0,0.1827768014059754,569.0,0.9797322574190942,
pamap2_105_oracle,105,2,hmc_in,supervised,0,labels,gapped,locf,0.07690895741556535,5448,,,-1.1722|1.1678,0,0.2087087087087087,666.0,0.05855290673358427,4782.0,0.020618556701030927,97.0,0.24077328646748683,569.0,0.9906941316664676,
pamap2_105_oracle,105,2,hmc_in,supervised,0,labels,gapped,marginalise,0.04882525697503671,5448,,,-1.1722|1.1678,0,0.057057057057057055,666.0,0.04767879548306148,4782.0,0.0,97.0,0.06678383128295255,569.0,0.9640500214041091,0.03341079099845956
pamap2_105_oracle,105,2,hmc_in,supervised,0,labels,gapped,plugin,0.04882525697503671,5448,,,-1.1722|1.1678,0,0.05855855855855856,666.0,0.04746967795901297,4782.0,0.0,97.0,0.06854130052724078,569.0,0.9898441289516052,
pamap2_105_oracle,105,2,pmc_pair,supervised,0,labels,complete,complete,0.02551395007342144,5448,-5612.8966235707685,00:Clayton(0.686);01:Gauss(0.300);10:Gauss(0.300);11:GH(0.656),-1.1718|1.1751,0,,,,,,,,,,
pamap2_105_oracle,105,2,pmc_pair,supervised,0,labels,gapped,linear,0.07030102790014685,5448,,00:Clayton(0.686);01:Gauss(0.300);10:Gauss(0.300);11:GH(0.656),-1.1718|1.1751,0,0.17867867867867868,666.0,0.05520702634880803,4782.0,0.0,97.0,0.20913884007029876,569.0,0.9428352600233787,
pamap2_105_oracle,105,2,pmc_pair,supervised,0,labels,gapped,locf,0.05102790014684288,5448,,00:Clayton(0.686);01:Gauss(0.300);10:Gauss(0.300);11:GH(0.656),-1.1718|1.1751,0,0.11861861861861862,666.0,0.04161438728565454,4782.0,0.0,97.0,0.13884007029876977,569.0,0.9760710093507436,
pamap2_105_oracle,105,2,pmc_pair,supervised,0,labels,gapped,marginalise,0.02643171806167401,5448,,00:Clayton(0.686);01:Gauss(0.300);10:Gauss(0.300);11:GH(0.656),-1.1718|1.1751,0,0.04804804804804805,666.0,0.02342116269343371,4782.0,0.0,97.0,0.056239015817223195,569.0,0.9613018325380767,0.07301345800078707
pamap2_105_oracle,105,2,pmc_pair,supervised,0,labels,gapped,plugin,0.021292217327459617,5448,,00:Clayton(0.686);01:Gauss(0.300);10:Gauss(0.300);11:GH(0.656),-1.1718|1.1751,0,0.013513513513513514,666.0,0.022375575073191132,4782.0,0.0,97.0,0.015817223198594025,569.0,0.9907315449240075,
pamap2_105_oracle,105,2,pmc_state,supervised,0,labels,complete,complete,0.02643171806167401,5448,-5610.1676177877625,00:Clayton(0.686);01:Gauss(0.300);10:Gauss(0.300);11:GH(0.659),-1.1722|1.1678,0,,,,,,,,,,
pamap2_105_oracle,105,2,pmc_state,supervised,0,labels,gapped,linear,0.08333333333333333,5448,,00:Clayton(0.686);01:Gauss(0.300);10:Gauss(0.300);11:GH(0.659),-1.1722|1.1678,0,0.2222222222222222,666.0,0.06398996235884567,4782.0,0.020618556701030927,97.0,0.2565905096660808,569.0,0.9586597089509943,
pamap2_105_oracle,105,2,pmc_state,supervised,0,labels,gapped,locf,0.05323054331864904,5448,,00:Clayton(0.686);01:Gauss(0.300);10:Gauss(0.300);11:GH(0.659),-1.1722|1.1678,0,0.11861861861861862,666.0,0.04412379757423672,4782.0,0.0,97.0,0.13884007029876977,569.0,0.9602591637592506,
pamap2_105_oracle,105,2,pmc_state,supervised,0,labels,gapped,marginalise,0.02661527165932452,5448,,00:Clayton(0.686);01:Gauss(0.300);10:Gauss(0.300);11:GH(0.659),-1.1722|1.1678,0,0.042042042042042045,666.0,0.024466750313676285,4782.0,0.0,97.0,0.0492091388400703,569.0,0.9604721812404989,0.06730925000010757
pamap2_105_oracle,105,2,pmc_state,supervised,0,labels,gapped,plugin,0.022577092511013214,5448,,00:Clayton(0.686);01:Gauss(0.300);10:Gauss(0.300);11:GH(0.659),-1.1722|1.1678,0,0.016516516516516516,666.0,0.02342116269343371,4782.0,0.0,97.0,0.019332161687170474,569.0,0.9923033585873802,
pamap2_105_oracle,105,3,hmc_in,supervised,0,labels,complete,complete,0.09434654919236417,5448,-8991.403216552571,,-1.1722|0.7111|2.0103,0,,,,,,,,,,
pamap2_105_oracle,105,3,hmc_in,supervised,0,labels,gapped,linear,0.09893538913362702,5448,,,-1.1722|0.7111|2.0103,0,0.17867867867867868,666.0,0.08782936010037641,4782.0,0.020618556701030927,97.0,0.2056239015817223,569.0,0.9920126399592258,
pamap2_105_oracle,105,3,hmc_in,supervised,0,labels,gapped,locf,0.10425844346549193,5448,,,-1.1722|0.7111|2.0103,0,0.21171171171171171,666.0,0.08929318276871602,4782.0,0.020618556701030927,97.0,0.24428822495606328,569.0,0.9862056863028213,
pamap2_105_oracle,105,3,hmc_in,supervised,0,labels,gapped,marginalise,0.09232745961820851,5448,,,-1.1722|0.7111|2.0103,0,0.14114114114114115,666.0,0.08552906733584274,4782.0,0.0,97.0,0.16520210896309315,569.0,0.9535906430540826,0.03397916599715245
pamap2_105_oracle,105,3,hmc_in,supervised,0,labels,gapped,plugin,0.09232745961820851,5448,,,-1.1722|0.7111|2.0103,0,0.14264264264264265,666.0,0.08531994981179424,4782.0,0.0,97.0,0.16695957820738136,569.0,0.988314505372972,
pamap2_105_oracle,105,3,pmc_pair,supervised,0,labels,complete,complete,0.13968428781204112,5448,-5006.930345062436,00:Clayton(0.686);01:Gauss(0.300);02:Gauss(0.300);10:Gauss(0.300);11:GH(0.623);12:Gauss(0.300);20:Gauss(0.300);21:Gauss(0.300);22:Clayton(0.258),-1.1718|0.7183|2.0177,0,,,,,,,,,,
pamap2_105_oracle,105,3,pmc_pair,supervised,0,labels,gapped,linear,0.21769456681350954,5448,,00:Clayton(0.686);01:Gauss(0.300);02:Gauss(0.300);10:Gauss(0.300);11:GH(0.623);12:Gauss(0.300);20:Gauss(0.300);21:Gauss(0.300);22:Clayton(0.258),-1.1718|0.7183|2.0177,0,0.34534534534534533,666.0,0.1999163529903806,4782.0,0.05154639175257732,97.0,0.3954305799648506,569.0,0.9728154086473745,
pamap2_105_oracle,105,3,pmc_pair,supervised,0,labels,gapped,locf,0.21916299559471367,5448,,00:Clayton(0.686);01:Gauss(0.300);02:Gauss(0.300);10:Gauss(0.300);11:GH(0.623);12:Gauss(0.300);20:Gauss(0.300);21:Gauss(0.300);22:Clayton(0.258),-1.1718|0.7183|2.0177,0,0.3963963963963964,666.0,0.1944792973651192,4782.0,0.05154639175257732,97.0,0.45518453427065025,569.0,0.9726206243677487,
pamap2_105_oracle,105,3,pmc_pair,supervised,0,labels,gapped,marginalise,0.1420704845814978,5448,,00:Clayton(0.686);01:Gauss(0.300);02:Gauss(0.300);10:Gauss(0.300);11:GH(0.623);12:Gauss(0.300);20:Gauss(0.300);21:Gauss(0.300);22:Clayton(0.258),-1.1718|0.7183|2.0177,0,0.13213213213213212,666.0,0.14345462149728147,4782.0,0.030927835051546393,97.0,0.14938488576449913,569.0,0.9646607060951833,0.09470025000337046
pamap2_105_oracle,105,3,pmc_pair,supervised,0,labels,gapped,plugin,0.14041850220264318,5448,,00:Clayton(0.686);01:Gauss(0.300);02:Gauss(0.300);10:Gauss(0.300);11:GH(0.623);12:Gauss(0.300);20:Gauss(0.300);21:Gauss(0.300);22:Clayton(0.258),-1.1718|0.7183|2.0177,0,0.12312312312312312,666.0,0.14282726892513592,4782.0,0.030927835051546393,97.0,0.13884007029876977,569.0,0.9733001090505314,
pamap2_105_oracle,105,3,pmc_state,supervised,0,labels,complete,complete,0.16905286343612336,5448,-4979.928707403402,00:Clayton(0.686);01:Gauss(0.300);02:Gauss(0.300);10:Gauss(0.300);11:GH(0.627);12:Gauss(0.300);20:Gauss(0.300);21:Gauss(0.300);22:Clayton(0.270),-1.1722|0.7111|2.0103,0,,,,,,,,,,
pamap2_105_oracle,105,3,pmc_state,supervised,0,labels,gapped,linear,0.22283406754772395,5448,,00:Clayton(0.686);01:Gauss(0.300);02:Gauss(0.300);10:Gauss(0.300);11:GH(0.627);12:Gauss(0.300);20:Gauss(0.300);21:Gauss(0.300);22:Clayton(0.270),-1.1722|0.7111|2.0103,0,0.3948948948948949,666.0,0.198870765370138,4782.0,0.05154639175257732,97.0,0.45342706502636204,569.0,0.9861549628196912,
pamap2_105_oracle,105,3,pmc_state,supervised,0,labels,gapped,locf,0.23237885462555066,5448,,00:Clayton(0.686);01:Gauss(0.300);02:Gauss(0.300);10:Gauss(0.300);11:GH(0.627);12:Gauss(0.300);20:Gauss(0.300);21:Gauss(0.300);22:Clayton(0.270),-1.1722|0.7111|2.0103,0,0.44144144144144143,666.0,0.20326223337515684,4782.0,0.05154639175257732,97.0,0.507908611599297,569.0,0.9916230970368665,
pamap2_105_oracle,105,3,pmc_state,supervised,0,labels,gapped,marginalise,0.14941262848751835,5448,,00:Clayton(0.686);01:Gauss(0.300);02:Gauss(0.300);10:Gauss(0.300);11:GH(0.627);12:Gauss(0.300);20:Gauss(0.300);21:Gauss(0.300);22:Clayton(0.270),-1.1722|0.7111|2.0103,0,0.15165165165165165,666.0,0.14910079464659137,4782.0,0.030927835051546393,97.0,0.17223198594024605,569.0,0.9623634663665938,0.07843629199851421
pamap2_105_oracle,105,3,pmc_state,supervised,0,labels,gapped,plugin,0.18208516886930984,5448,,00:Clayton(0.686);01:Gauss(0.300);02:Gauss(0.300);10:Gauss(0.300);11:GH(0.627);12:Gauss(0.300);20:Gauss(0.300);21:Gauss(0.300);22:Clayton(0.270),-1.1722|0.7111|2.0103,0,0.2882882882882883,666.0,0.1672940192388122,4782.0,0.030927835051546393,97.0,0.3321616871704745,569.0,0.95437043387191,
pamap2_108_oracle,108,2,hmc_in,supervised,0,labels,complete,complete,0.10612712349685055,5239,-11601.825507156072,,-1.4554|1.1314,0,,,,,,,,,,
pamap2_108_oracle,108,2,hmc_in,supervised,0,labels,gapped,linear,0.11528917732391677,5239,,,-1.4554|1.1314,0,0.1865546218487395,595.0,0.10615848406546081,4644.0,0.03333333333333333,30.0,0.19469026548672566,565.0,0.9842419305600395,
pamap2_108_oracle,108,2,hmc_in,supervised,0,labels,gapped,locf,0.09772857415537316,5239,,,-1.4554|1.1314,0,0.05546218487394958,595.0,0.10314384151593455,4644.0,0.03333333333333333,30.0,0.05663716814159292,565.0,0.9952345532085827,
pamap2_108_oracle,108,2,hmc_in,supervised,0,labels,gapped,marginalise,0.10899026531780874,5239,,,-1.4554|1.1314,0,0.13109243697478992,595.0,0.10615848406546081,4644.0,0.03333333333333333,30.0,0.13628318584070798,565.0,0.9344479372510097,0.036515375002636574
pamap2_108_oracle,108,2,hmc_in,supervised,0,labels,gapped,plugin,0.10746325634663104,5239,,,-1.4554|1.1314,0,0.12605042016806722,595.0,0.10508182601205857,4644.0,0.03333333333333333,30.0,0.13097345132743363,565.0,0.9842310914700069,
pamap2_108_oracle,108,2,pmc_pair,supervised,0,labels,complete,complete,0.138766940255774,5239,-5717.3385534007,00:Clayton(0.761);01:Gauss(0.300);10:Gauss(0.300);11:GH(0.682),-1.4547|1.1389,0,,,,,,,,,,
pamap2_108_oracle,108,2,pmc_pair,supervised,0,labels,gapped,linear,0.1517465165107845,5239,,00:Clayton(0.761);01:Gauss(0.300);10:Gauss(0.300);11:GH(0.682),-1.4547|1.1389,0,0.15294117647058825,595.0,0.1515934539190353,4644.0,0.03333333333333333,30.0,0.1592920353982301,565.0,0.9814630567108028,
pamap2_108_oracle,108,2,pmc_pair,supervised,0,labels,gapped,locf,0.1200610803588471,5239,,00:Clayton(0.761);01:Gauss(0.300);10:Gauss(0.300);11:GH(0.682),-1.4547|1.1389,0,0.1226890756302521,595.0,0.11972437553832903,4644.0,0.03333333333333333,30.0,0.12743362831858407,565.0,0.988825657924168,
pamap2_108_oracle,108,2,pmc_pair,supervised,0,labels,gapped,marginalise,0.1372399312845963,5239,,00:Clayton(0.761);01:Gauss(0.300);10:Gauss(0.300);11:GH(0.682),-1.4547|1.1389,0,0.12941176470588237,595.0,0.13824289405684753,4644.0,0.03333333333333333,30.0,0.13451327433628318,565.0,0.9660686796050555,0.07135374999779742
pamap2_108_oracle,108,2,pmc_pair,supervised,0,labels,gapped,plugin,0.13265890437106317,5239,,00:Clayton(0.761);01:Gauss(0.300);10:Gauss(0.300);11:GH(0.682),-1.4547|1.1389,0,0.10252100840336134,595.0,0.13652024117140396,4644.0,0.03333333333333333,30.0,0.10619469026548672,565.0,0.9921069745071673,
pamap2_108_oracle,108,2,pmc_state,supervised,0,labels,complete,complete,0.14182095819812943,5239,-5680.798182903057,00:Clayton(0.761);01:Gauss(0.300);10:Gauss(0.300);11:GH(0.685),-1.4554|1.1314,0,,,,,,,,,,
pamap2_108_oracle,108,2,pmc_state,supervised,0,labels,gapped,linear,0.1578545523954953,5239,,00:Clayton(0.761);01:Gauss(0.300);10:Gauss(0.300);11:GH(0.685),-1.4554|1.1314,0,0.17983193277310924,595.0,0.15503875968992248,4644.0,0.03333333333333333,30.0,0.18761061946902655,565.0,0.9818622885953769,
pamap2_108_oracle,108,2,pmc_state,supervised,0,labels,gapped,locf,0.12196984157281925,5239,,00:Clayton(0.761);01:Gauss(0.300);10:Gauss(0.300);11:GH(0.685),-1.4554|1.1314,0,0.1226890756302521,595.0,0.12187769164513351,4644.0,0.03333333333333333,30.0,0.12743362831858407,565.0,0.9959249156787738,
pamap2_108_oracle,108,2,pmc_state,supervised,0,labels,gapped,marginalise,0.13819431189158235,5239,,00:Clayton(0.761);01:Gauss(0.300);10:Gauss(0.300);11:GH(0.685),-1.4554|1.1314,0,0.12605042016806722,595.0,0.1397502153316107,4644.0,0.03333333333333333,30.0,0.13097345132743363,565.0,0.9675807754996172,0.06806062499890686
pamap2_108_oracle,108,2,pmc_state,supervised,0,labels,gapped,plugin,0.13514029394922694,5239,,00:Clayton(0.761);01:Gauss(0.300);10:Gauss(0.300);11:GH(0.685),-1.4554|1.1314,0,0.10420168067226891,595.0,0.13910422049956933,4644.0,0.03333333333333333,30.0,0.1079646017699115,565.0,0.9860700331561547,
pamap2_108_oracle,108,3,hmc_in,supervised,0,labels,complete,complete,0.11681618629509448,5239,-10674.426286744856,,-1.4554|0.7700|1.8157,0,,,,,,,,,,
pamap2_108_oracle,108,3,hmc_in,supervised,0,labels,gapped,linear,0.1502195075396068,5239,,,-1.4554|0.7700|1.8157,0,0.2571428571428571,595.0,0.13652024117140396,4644.0,0.03333333333333333,30.0,0.26902654867256637,565.0,0.9813247975157786,
pamap2_108_oracle,108,3,hmc_in,supervised,0,labels,gapped,locf,0.1242603550295858,5239,,,-1.4554|0.7700|1.8157,0,0.1411764705882353,595.0,0.12209302325581395,4644.0,0.03333333333333333,30.0,0.14690265486725665,565.0,0.9909837471488248,
pamap2_108_oracle,108,3,hmc_in,supervised,0,labels,gapped,marginalise,0.13094101927848825,5239,,,-1.4554|0.7700|1.8157,0,0.1865546218487395,595.0,0.12381567614125753,4644.0,0.03333333333333333,30.0,0.19469026548672566,565.0,0.9509922142294635,0.035776290998910554
pamap2_108_oracle,108,3,hmc_in,supervised,0,labels,gapped,plugin,0.13094101927848825,5239,,,-1.4554|0.7700|1.8157,0,0.1899159663865546,595.0,0.12338501291989665,4644.0,0.03333333333333333,30.0,0.19823008849557522,565.0,0.9880484622481921,
pamap2_108_oracle,108,3,pmc_pair,supervised,0,labels,complete,complete,0.12884138194311892,5239,-5708.891000160466,00:Clayton(0.761);01:Gauss(0.300);02:Gauss(0.300);10:Gauss(0.300);11:Gauss(0.615);12:Gauss(0.300);20:Gauss(0.300);21:Gauss(0.300);22:GH(0.671),-1.4547|0.7779|1.8225,0,,,,,,,,,,
pamap2_108_oracle,108,3,pmc_pair,supervised,0,labels,gapped,linear,0.1519373926321817,5239,,00:Clayton(0.761);01:Gauss(0.300);02:Gauss(0.300);10:Gauss(0.300);11:Gauss(0.615);12:Gauss(0.300);20:Gauss(0.300);21:Gauss(0.300);22:GH(0.671),-1.4547|0.7779|1.8225,0,0.1495798319327731,595.0,0.15223944875107664,4644.0,0.0,30.0,0.15752212389380532,565.0,0.9848941573136516,
pamap2_108_oracle,108,3,pmc_pair,supervised,0,labels,gapped,locf,0.09448368009162054,5239,,00:Clayton(0.761);01:Gauss(0.300);02:Gauss(0.300);10:Gauss(0.300);11:Gauss(0.615);12:Gauss(0.300);20:Gauss(0.300);21:Gauss(0.300);22:GH(0.671),-1.4547|0.7779|1.8225,0,0.06890756302521009,595.0,0.09776055124892334,4644.0,0.0,30.0,0.07256637168141593,565.0,0.9867993664000405,
pamap2_108_oracle,108,3,pmc_pair,supervised,0,labels,gapped,marginalise,0.11376216835273907,5239,,00:Clayton(0.761);01:Gauss(0.300);02:Gauss(0.300);10:Gauss(0.300);11:Gauss(0.615);12:Gauss(0.300);20:Gauss(0.300);21:Gauss(0.300);22:GH(0.671),-1.4547|0.7779|1.8225,0,0.0773109243697479,595.0,0.11843238587424634,4644.0,0.0,30.0,0.08141592920353982,565.0,0.9160290411119314,0.09930266700030188
pamap2_108_oracle,108,3,pmc_pair,supervised,0,labels,gapped,plugin,0.13113189539988548,5239,,00:Clayton(0.761);01:Gauss(0.300);02:Gauss(0.300);10:Gauss(0.300);11:Gauss(0.615);12:Gauss(0.300);20:Gauss(0.300);21:Gauss(0.300);22:GH(0.671),-1.4547|0.7779|1.8225,0,0.11596638655462185,595.0,0.1330749354005168,4644.0,0.0,30.0,0.12212389380530973,565.0,0.9903911323931788,
pamap2_108_oracle,108,3,pmc_state,supervised,0,labels,complete,complete,0.3582744798625692,5239,-5479.48011788546,00:Clayton(0.761);01:Gauss(0.300);02:Gauss(0.300);10:Gauss(0.300);11:GH(0.640);12:Gauss(0.300);20:Gauss(0.300);21:Gauss(0.300);22:GH(0.673),-1.4554|0.7700|1.8157,0,,,,,,,,,,
pamap2_108_oracle,108,3,pmc_state,supervised,0,labels,gapped,linear,0.31876312273334606,5239,,00:Clayton(0.761);01:Gauss(0.300);02:Gauss(0.300);10:Gauss(0.300);11:GH(0.640);12:Gauss(0.300);20:Gauss(0.300);21:Gauss(0.300);22:GH(0.673),-1.4554|0.7700|1.8157,0,0.3277310924369748,595.0,0.31761412575366066,4644.0,0.3,30.0,0.3292035398230089,565.0,0.9771216434392809,
pamap2_108_oracle,108,3,pmc_state,supervised,0,labels,gapped,locf,0.30101164344340525,5239,,00:Clayton(0.761);01:Gauss(0.300);02:Gauss(0.300);10:Gauss(0.300);11:GH(0.640);12:Gauss(0.300);20:Gauss(0.300);21:Gauss(0.300);22:GH(0.673),-1.4554|0.7700|1.8157,0,0.25210084033613445,595.0,0.3072782084409991,4644.0,0.3,30.0,0.24955752212389382,565.0,0.9938795629710424,
pamap2_108_oracle,108,3,pmc_state,supervised,0,labels,gapped,marginalise,0.34376789463638097,5239,,00:Clayton(0.761);01:Gauss(0.300);02:Gauss(0.300);10:Gauss(0.300);11:GH(0.640);12:Gauss(0.300);20:Gauss(0.300);21:Gauss(0.300);22:GH(0.673),-1.4554|0.7700|1.8157,0,0.3764705882352941,595.0,0.33957795004306635,4644.0,0.3,30.0,0.3805309734513274,565.0,0.930911165911473,0.08613662499919883
pamap2_108_oracle,108,3,pmc_state,supervised,0,labels,gapped,plugin,0.29280397022332505,5239,,00:Clayton(0.761);01:Gauss(0.300);02:Gauss(0.300);10:Gauss(0.300);11:GH(0.640);12:Gauss(0.300);20:Gauss(0.300);21:Gauss(0.300);22:GH(0.673),-1.4554|0.7700|1.8157,0,0.24705882352941178,595.0,0.29866494401378124,4644.0,0.3,30.0,0.24424778761061947,565.0,0.9787147586677131,
