task_id,task,wall_s
aotizhongxin__K2__hmc_in__available__s0__ebcfe877,fit,0.43668362500102376
aotizhongxin__K2__pmc_pair__available__s0__0f4e5f57,fit,6.633923790999688
aotizhongxin__K2__pmc_state__available__s0__3125cef0,fit,6.440564290998736
aotizhongxin__K3__hmc_in__available__s0__d655ccbe,fit,0.8063777920033317
aotizhongxin__K3__pmc_pair__available__s0__b28305c0,fit,31.447900167000626
aotizhongxin__K3__pmc_state__available__s0__b31d74d3,fit,26.943073667000135
cv__aotizhongxin__baselines____r0.05__b1__s0__b117fb3c,cv,0.017015334000461735
cv__aotizhongxin__baselines____r0.05__b1__s1__34ba3824,cv,0.017868541999632725
cv__aotizhongxin__baselines____r0.05__b1__s2__a160c503,cv,0.02146879199790419
cv__aotizhongxin__baselines____r0.05__b1__s3__fa7ef34a,cv,0.010843957999895792
cv__aotizhongxin__baselines____r0.05__b1__s4__9e4bd7c2,cv,0.014777958000195213
cv__aotizhongxin__baselines____r0.05__b48__s0__f20acd57,cv,0.01368512499902863
cv__aotizhongxin__baselines____r0.05__b48__s1__c567fa9b,cv,0.013754875002632616
cv__aotizhongxin__baselines____r0.05__b48__s2__0adca280,cv,0.02245108300121501
cv__aotizhongxin__baselines____r0.05__b48__s3__81048faa,cv,0.015181458002189174
cv__aotizhongxin__baselines____r0.05__b48__s4__38078e8f,cv,0.019454291999863926
cv__aotizhongxin__baselines____r0.05__b6__s0__8bd7dcb0,cv,0.01757204200112028
cv__aotizhongxin__baselines____r0.05__b6__s1__ff70b0fe,cv,0.0140281669991964
cv__aotizhongxin__baselines____r0.05__b6__s2__09f83f6b,cv,0.011726042001100723
cv__aotizhongxin__baselines____r0.05__b6__s3__68c30bf9,cv,0.017685458999039838
cv__aotizhongxin__baselines____r0.05__b6__s4__918e331a,cv,0.010776416998851346
cv__aotizhongxin__baselines____r0.2__b1__s0__eaddd2cb,cv,0.015458707999641774
cv__aotizhongxin__baselines____r0.2__b1__s1__51432d33,cv,0.014712874999531778
cv__aotizhongxin__baselines____r0.2__b1__s2__b4b6ff95,cv,0.016524958999070805
cv__aotizhongxin__baselines____r0.2__b1__s3__3b2583ed,cv,0.016040499998780433
cv__aotizhongxin__baselines____r0.2__b1__s4__a3dc8d08,cv,0.012546332996862475
cv__aotizhongxin__baselines____r0.2__b48__s0__88cfc40b,cv,0.01735750000079861
cv__aotizhongxin__baselines____r0.2__b48__s1__2809202f,cv,0.01253733300109161
cv__aotizhongxin__baselines____r0.2__b48__s2__143aba81,cv,0.015316333003283944
cv__aotizhongxin__baselines____r0.2__b48__s3__4bd1aba2,cv,0.009649540999816963
cv__aotizhongxin__baselines____r0.2__b48__s4__2175d810,cv,0.010117959001945565
cv__aotizhongxin__baselines____r0.2__b6__s0__29c629ea,cv,0.010037583000666928
cv__aotizhongxin__baselines____r0.2__b6__s1__e34f48d5,cv,0.014663457997812657
cv__aotizhongxin__baselines____r0.2__b6__s2__7f9426eb,cv,0.01606008399903658
cv__aotizhongxin__baselines____r0.2__b6__s3__3f5b9058,cv,0.01825079199988977
cv__aotizhongxin__baselines____r0.2__b6__s4__06cde2af,cv,0.010733125000115251
cv__aotizhongxin__model__hmc_in__r0.05__b1__s0__979c3f95,cv,0.9379858329994022
cv__aotizhongxin__model__hmc_in__r0.05__b1__s1__10213e3b,cv,0.9626132919984229
cv__aotizhongxin__model__hmc_in__r0.05__b1__s2__f7f269d6,cv,1.0180442090022552
cv__aotizhongxin__model__hmc_in__r0.05__b1__s3__988f089e,cv,0.9642325419990811
cv__aotizhongxin__model__hmc_in__r0.05__b1__s4__46fae6b8,cv,0.9097954159988149
cv__aotizhongxin__model__hmc_in__r0.05__b48__s0__c4b753d6,cv,0.9714480830007233
cv__aotizhongxin__model__hmc_in__r0.05__b48__s1__9063c5d3,cv,0.9921764160026214
cv__aotizhongxin__model__hmc_in__r0.05__b48__s2__fe26d842,cv,0.8694026669982122
cv__aotizhongxin__model__hmc_in__r0.05__b48__s3__1f77be80,cv,1.0057852499994624
cv__aotizhongxin__model__hmc_in__r0.05__b48__s4__78270f16,cv,0.9646975830000883
cv__aotizhongxin__model__hmc_in__r0.05__b6__s0__f8f2eac3,cv,0.9609467500013125
cv__aotizhongxin__model__hmc_in__r0.05__b6__s1__27243ac8,cv,1.0151958749993355
cv__aotizhongxin__model__hmc_in__r0.05__b6__s2__720b7394,cv,1.0616152080001484
cv__aotizhongxin__model__hmc_in__r0.05__b6__s3__5fc7d60d,cv,1.059809457998199
cv__aotizhongxin__model__hmc_in__r0.05__b6__s4__81c54fbb,cv,1.0110074170006556
cv__aotizhongxin__model__hmc_in__r0.2__b1__s0__553c5ed6,cv,1.096035042002768
cv__aotizhongxin__model__hmc_in__r0.2__b1__s1__22921379,cv,1.0227500420005526
cv__aotizhongxin__model__hmc_in__r0.2__b1__s2__5eb3d399,cv,1.0369130830003996
cv__aotizhongxin__model__hmc_in__r0.2__b1__s3__f3b3d5bc,cv,0.9764396249993297
cv__aotizhongxin__model__hmc_in__r0.2__b1__s4__b8e12c48,cv,1.0423677079998015
cv__aotizhongxin__model__hmc_in__r0.2__b48__s0__8acc1dc1,cv,0.9911104580023675
cv__aotizhongxin__model__hmc_in__r0.2__b48__s1__e2ad4f76,cv,1.3542262080009095
cv__aotizhongxin__model__hmc_in__r0.2__b48__s2__24bc109e,cv,1.2057209590020648
cv__aotizhongxin__model__hmc_in__r0.2__b48__s3__b04bbd53,cv,1.2844215410004836
cv__aotizhongxin__model__hmc_in__r0.2__b48__s4__d81a4f10,cv,0.9919313329992292
cv__aotizhongxin__model__hmc_in__r0.2__b6__s0__d187903c,cv,0.9679235829971731
cv__aotizhongxin__model__hmc_in__r0.2__b6__s1__09a55c32,cv,1.1452748330011673
cv__aotizhongxin__model__hmc_in__r0.2__b6__s2__14d8dda5,cv,1.325209624999843
cv__aotizhongxin__model__hmc_in__r0.2__b6__s3__fe110479,cv,1.4075141249995795
cv__aotizhongxin__model__hmc_in__r0.2__b6__s4__9bcbdf43,cv,1.1347703329993237
cv__aotizhongxin__model__pmc_pair__r0.05__b1__s0__cdcf7f9a,cv,19.700017667000793
cv__aotizhongxin__model__pmc_pair__r0.05__b1__s1__8038cd4a,cv,38.9705019590001
cv__aotizhongxin__model__pmc_pair__r0.05__b1__s2__321b5116,cv,15.907666499999323
cv__aotizhongxin__model__pmc_pair__r0.05__b1__s3__fc7259d9,cv,19.084037582997553
cv__aotizhongxin__model__pmc_pair__r0.05__b1__s4__a86dce94,cv,19.105022084000666
cv__aotizhongxin__model__pmc_pair__r0.05__b48__s0__af728780,cv,17.13642774999971
cv__aotizhongxin__model__pmc_pair__r0.05__b48__s1__f48bce56,cv,39.609859375003
cv__aotizhongxin__model__pmc_pair__r0.05__b48__s2__9246e17f,cv,40.62323683300201
cv__aotizhongxin__model__pmc_pair__r0.05__b48__s3__b9287366,cv,41.09410095799831
cv__aotizhongxin__model__pmc_pair__r0.05__b48__s4__f55c0729,cv,38.81489783299912
cv__aotizhongxin__model__pmc_pair__r0.05__b6__s0__aaf29d26,cv,40.836933250000584
cv__aotizhongxin__model__pmc_pair__r0.05__b6__s1__8e164969,cv,38.077907667000545
cv__aotizhongxin__model__pmc_pair__r0.05__b6__s2__f89309bc,cv,19.191313832998276
cv__aotizhongxin__model__pmc_pair__r0.05__b6__s3__5c57bf89,cv,22.257234749999043
cv__aotizhongxin__model__pmc_pair__r0.05__b6__s4__334acb79,cv,41.898771500000294
cv__aotizhongxin__model__pmc_pair__r0.2__b1__s0__c09d3b41,cv,16.3452527499976
cv__aotizhongxin__model__pmc_pair__r0.2__b1__s1__13a125e8,cv,39.372129584000504
cv__aotizhongxin__model__pmc_pair__r0.2__b1__s2__32ff2647,cv,41.80059666700254
cv__aotizhongxin__model__pmc_pair__r0.2__b1__s3__ff78afc7,cv,40.19887945799928
cv__aotizhongxin__model__pmc_pair__r0.2__b1__s4__df32c12a,cv,19.469920499999716
cv__aotizhongxin__model__pmc_pair__r0.2__b48__s0__4c69252f,cv,16.95776774999831
cv__aotizhongxin__model__pmc_pair__r0.2__b48__s1__4d4fb1f4,cv,44.40216383400184
cv__aotizhongxin__model__pmc_pair__r0.2__b48__s2__d03db281,cv,17.123160667000775
cv__aotizhongxin__model__pmc_pair__r0.2__b48__s3__f2b9d30c,cv,39.364846583001054
cv__aotizhongxin__model__pmc_pair__r0.2__b48__s4__10b23af9,cv,42.73373087499931
cv__aotizhongxin__model__pmc_pair__r0.2__b6__s0__d756cdf3,cv,43.844622290998814
cv__aotizhongxin__model__pmc_pair__r0.2__b6__s1__0ac4a077,cv,38.31689958300194
cv__aotizhongxin__model__pmc_pair__r0.2__b6__s2__0b99ab83,cv,41.25602966700171
cv__aotizhongxin__model__pmc_pair__r0.2__b6__s3__eaea0455,cv,17.3443541250017
cv__aotizhongxin__model__pmc_pair__r0.2__b6__s4__a116082b,cv,43.117888666998624
cv__huairou__baselines____r0.05__b1__s0__f060318f,cv,0.01056395799969323
cv__huairou__baselines____r0.05__b1__s1__31dfb189,cv,0.014802792000409681
cv__huairou__baselines____r0.05__b1__s2__8ab20796,cv,0.010447541000758065
cv__huairou__baselines____r0.05__b1__s3__912507b4,cv,0.020012417000543792
cv__huairou__baselines____r0.05__b1__s4__156b2e23,cv,0.018484416999854147
cv__huairou__baselines____r0.05__b48__s0__fc5e82fd,cv,0.00957774999915273
cv__huairou__baselines____r0.05__b48__s1__f7205285,cv,0.015295749999495456
cv__huairou__baselines____r0.05__b48__s2__42b35478,cv,0.012271584000700386
cv__huairou__baselines____r0.05__b48__s3__a035a745,cv,0.018251541998324683
cv__huairou__baselines____r0.05__b48__s4__e2d7d956,cv,0.015485040999919875
cv__huairou__baselines____r0.05__b6__s0__76ebb9d6,cv,0.017748625003150664
cv__huairou__baselines____r0.05__b6__s1__9f142b03,cv,0.013337500000488944
cv__huairou__baselines____r0.05__b6__s2__e987fc3d,cv,0.01562575000207289
cv__huairou__baselines____r0.05__b6__s3__f39c67e9,cv,0.01780825000241748
cv__huairou__baselines____r0.05__b6__s4__f0ec3481,cv,0.01521883399982471
cv__huairou__baselines____r0.2__b1__s0__b045b0d6,cv,0.018630374997883337
cv__huairou__baselines____r0.2__b1__s1__da534dbc,cv,0.00880295900060446
cv__huairou__baselines____r0.2__b1__s2__b9f83099,cv,0.01579900000069756
cv__huairou__baselines____r0.2__b1__s3__3c4c6a40,cv,0.012977291997231077
cv__huairou__baselines____r0.2__b1__s4__c2b739e3,cv,0.018674625000130618
cv__huairou__baselines____r0.2__b48__s0__5e49a736,cv,0.01344483299908461
cv__huairou__baselines____r0.2__b48__s1__ed8454f8,cv,0.014580833001673454
cv__huairou__baselines____r0.2__b48__s2__b21ac4ba,cv,0.015930500001559267
cv__huairou__baselines____r0.2__b48__s3__be1b01a2,cv,0.014945791001082398
cv__huairou__baselines____r0.2__b48__s4__08a2e90b,cv,0.017034208998666145
cv__huairou__baselines____r0.2__b6__s0__994b5605,cv,0.005697500000678701
cv__huairou__baselines____r0.2__b6__s1__ab78c9f6,cv,0.014454083000600804
cv__huairou__baselines____r0.2__b6__s2__bae66d9d,cv,0.019309582999994745
cv__huairou__baselines____r0.2__b6__s3__73efa023,cv,0.013432083000225248
cv__huairou__baselines____r0.2__b6__s4__8a46959f,cv,0.013091916000121273
cv__huairou__model__hmc_in__r0.05__b1__s0__280230b2,cv,1.0899438329979603
cv__huairou__model__hmc_in__r0.05__b1__s1__89bbf5b7,cv,1.0950718329986557
cv__huairou__model__hmc_in__r0.05__b1__s2__d5c9b2ce,cv,1.0515999590024876
cv__huairou__model__hmc_in__r0.05__b1__s3__452d5c83,cv,1.0758891670011508
cv__huairou__model__hmc_in__r0.05__b1__s4__b8402b0d,cv,1.0855783750012051
cv__huairou__model__hmc_in__r0.05__b48__s0__e41514fe,cv,1.0611648749982123
cv__huairou__model__hmc_in__r0.05__b48__s1__26d71636,cv,1.0703664160027984
cv__huairou__model__hmc_in__r0.05__b48__s2__66a8382b,cv,1.1212685409991536
cv__huairou__model__hmc_in__r0.05__b48__s3__14f9667a,cv,1.0692711249976128
cv__huairou__model__hmc_in__r0.05__b48__s4__45da4085,cv,1.078525292003178
cv__huairou__model__hmc_in__r0.05__b6__s0__e4e6266a,cv,1.2114591659992584
cv__huairou__model__hmc_in__r0.05__b6__s1__7066ff2b,cv,1.034307958001591
cv__huairou__model__hmc_in__r0.05__b6__s2__91af54fc,cv,1.025175709000905
cv__huairou__model__hmc_in__r0.05__b6__s3__7c1272f9,cv,1.0641374580009142
cv__huairou__model__hmc_in__r0.05__b6__s4__410c51a2,cv,1.070516415999009
cv__huairou__model__hmc_in__r0.2__b1__s0__44a8922d,cv,1.222416290998808
cv__huairou__model__hmc_in__r0.2__b1__s1__312185bb,cv,1.1685882499987201
cv__huairou__model__hmc_in__r0.2__b1__s2__a956f36a,cv,1.1858352919989557
cv__huairou__model__hmc_in__r0.2__b1__s3__fbcd0e19,cv,1.1471165000002657
cv__huairou__model__hmc_in__r0.2__b1__s4__d98b0986,cv,1.220204624998587
cv__huairou__model__hmc_in__r0.2__b48__s0__b09af3d2,cv,1.0301798330001475
cv__huairou__model__hmc_in__r0.2__b48__s1__7ba521e8,cv,1.260023667000496
cv__huairou__model__hmc_in__r0.2__b48__s2__52c7b63f,cv,1.3336914999999863
cv__huairou__model__hmc_in__r0.2__b48__s3__78b2d75c,cv,1.3433619999996154
cv__huairou__model__hmc_in__r0.2__b48__s4__bccb9840,cv,1.0690105840003525
cv__huairou__model__hmc_in__r0.2__b6__s0__23733ecb,cv,1.1498225830000592
cv__huairou__model__hmc_in__r0.2__b6__s1__52baf306,cv,1.1162852499983273
cv__huairou__model__hmc_in__r0.2__b6__s2__8467bc3d,cv,1.066557540998474
cv__huairou__model__hmc_in__r0.2__b6__s3__b9596d9a,cv,1.1132672919993638
cv__huairou__model__hmc_in__r0.2__b6__s4__3bf56a89,cv,1.6111745829985011
cv__huairou__model__pmc_state__r0.05__b1__s0__1fe8c0da,cv,15.660061291000602
cv__huairou__model__pmc_state__r0.05__b1__s1__e695395d,cv,15.614440541998192
cv__huairou__model__pmc_state__r0.05__b1__s2__31ac282f,cv,16.396035166002548
cv__huairou__model__pmc_state__r0.05__b1__s3__0216a444,cv,15.978828915998747
cv__huairou__model__pmc_state__r0.05__b1__s4__fbdffa80,cv,15.262501875000453
cv__huairou__model__pmc_state__r0.05__b48__s0__22463d37,cv,15.87463208400004
cv__huairou__model__pmc_state__r0.05__b48__s1__b4f31730,cv,7.987139541000943
cv__huairou__model__pmc_state__r0.05__b48__s2__6c9d57fd,cv,15.518423874997097
cv__huairou__model__pmc_state__r0.05__b48__s3__ca3763c0,cv,9.42613345800055
cv__huairou__model__pmc_state__r0.05__b48__s4__4cf35be4,cv,15.418787165999674
cv__huairou__model__pmc_state__r0.05__b6__s0__e0ae370a,cv,14.680880583000544
cv__huairou__model__pmc_state__r0.05__b6__s1__f4a8fc4f,cv,7.289510999999038
cv__huairou__model__pmc_state__r0.05__b6__s2__5b6c2016,cv,16.933025375001307
cv__huairou__model__pmc_state__r0.05__b6__s3__37fe4585,cv,15.438926916001947
cv__huairou__model__pmc_state__r0.05__b6__s4__9669c3ab,cv,15.434074458000396
cv__huairou__model__pmc_state__r0.2__b1__s0__0f07c9f4,cv,18.16057766599988
cv__huairou__model__pmc_state__r0.2__b1__s1__7e2b687f,cv,19.078417084001558
cv__huairou__model__pmc_state__r0.2__b1__s2__fcbc2243,cv,9.781568416998198
cv__huairou__model__pmc_state__r0.2__b1__s3__0ee23227,cv,20.112854167000478
cv__huairou__model__pmc_state__r0.2__b1__s4__625d4d79,cv,18.27069708399722
cv__huairou__model__pmc_state__r0.2__b48__s0__6e556791,cv,19.13399695899716
cv__huairou__model__pmc_state__r0.2__b48__s1__00211a88,cv,20.816111125001044
cv__huairou__model__pmc_state__r0.2__b48__s2__f238f3ee,cv,18.591870958000072
cv__huairou__model__pmc_state__r0.2__b48__s3__fd65762f,cv,18.06622595799854
cv__huairou__model__pmc_state__r0.2__b48__s4__54f9271a,cv,16.976728707999428
cv__huairou__model__pmc_state__r0.2__b6__s0__1174456e,cv,17.27610262500093
cv__huairou__model__pmc_state__r0.2__b6__s1__bf4dd9a9,cv,10.947591416002979
cv__huairou__model__pmc_state__r0.2__b6__s2__e007a001,cv,16.84136583399959
cv__huairou__model__pmc_state__r0.2__b6__s3__893deb1c,cv,12.733447957998578
cv__huairou__model__pmc_state__r0.2__b6__s4__78590bd3,cv,14.8543606250023
forecast__a98df1e8,forecast,50.9736002919999
huairou__K2__hmc_in__available__s0__de02281b,fit,0.4326368750007532
huairou__K2__hmc_in__available__s1__d47d0bf6,fit,0.4414187500005937
huairou__K2__hmc_in__available__s2__9815e346,fit,0.3907163750009204
huairou__K2__hmc_in__impute__s0__1d4c6ded,fit,2.820965000002616
huairou__K2__hmc_in__impute__s1__0f0c502d,fit,2.8395002500001283
huairou__K2__hmc_in__impute__s2__ad991b1e,fit,2.4858634999982314
huairou__K2__hmc_in__sem__s0__afdf2d22,fit,3.325974375002261
huairou__K2__hmc_in__sem__s1__691e20a1,fit,3.334581250001065
huairou__K2__hmc_in__sem__s2__bda754f4,fit,3.32786329100054
huairou__K2__pmc_pair__available__s0__69848096,fit,5.186218666000059
huairou__K2__pmc_pair__available__s1__a3cb7eff,fit,15.827136042000348
huairou__K2__pmc_pair__available__s2__f72f05d5,fit,7.085883875002764
huairou__K2__pmc_pair__impute__s0__857824cd,fit,24.957678042002954
huairou__K2__pmc_pair__impute__s1__cd3e24ef,fit,37.93851641600122
huairou__K2__pmc_pair__impute__s2__ed5807c0,fit,38.409448291000444
huairou__K2__pmc_pair__sem__s0__616c5bd1,fit,11.100675500001671
huairou__K2__pmc_pair__sem__s1__568ff874,fit,11.159630291997019
huairou__K2__pmc_pair__sem__s2__1e72fe45,fit,11.347067583999888
huairou__K2__pmc_state__available__s0__51e18651,fit,5.469551750000392
huairou__K2__pmc_state__available__s1__af4fcc91,fit,4.645822791000683
huairou__K2__pmc_state__available__s2__e775dbd4,fit,5.756144625000161
huairou__K2__pmc_state__impute__s0__508852c3,fit,24.108430874999613
huairou__K2__pmc_state__impute__s1__5e37d90b,fit,28.476646250001068
huairou__K2__pmc_state__impute__s2__4992c08f,fit,23.303329750000557
huairou__K2__pmc_state__sem__s0__cc271af3,fit,10.608471999999892
huairou__K2__pmc_state__sem__s1__fb74abdc,fit,10.388748917001067
huairou__K2__pmc_state__sem__s2__c5a322ac,fit,10.906215083999996
huairou__K2__pmc_state_gice__available__s0__deac10bf,fit,8.306154833000619
huairou__K2__pmc_state_gice__available__s1__b42535a9,fit,8.070345249998354
huairou__K2__pmc_state_gice__available__s2__97b1c69c,fit,10.063104332999501
huairou__K2__pmc_state_gice__impute__s0__75db3f72,fit,97.16749295900081
huairou__K2__pmc_state_gice__sem__s0__b1b40bf2,fit,22.260552707997704
huairou__K3__hmc_in__available__s0__6d9ea914,fit,0.8069570829975419
huairou__K3__hmc_in__available__s1__231fd6b8,fit,0.7590317079993838
huairou__K3__hmc_in__available__s2__bfda9b7b,fit,0.9102628340006049
huairou__K3__hmc_in__impute__s0__9646c3a6,fit,5.621497582997108
huairou__K3__hmc_in__impute__s1__8d9ac80e,fit,5.547209332999046
huairou__K3__hmc_in__impute__s2__5828172a,fit,5.886648292002064
huairou__K3__hmc_in__sem__s0__d50943bb,fit,3.3644207500001357
huairou__K3__hmc_in__sem__s1__00a6b3ed,fit,3.338216000000102
huairou__K3__hmc_in__sem__s2__c39fec9f,fit,3.387998125002923
huairou__K3__pmc_pair__available__s0__d0d1fdd7,fit,25.33396745799837
huairou__K3__pmc_pair__available__s1__712a417f,fit,31.11344312499932
huairou__K3__pmc_pair__available__s2__3704725a,fit,10.315740792000724
huairou__K3__pmc_pair__impute__s0__6e1a269f,fit,139.7052745000001
huairou__K3__pmc_pair__sem__s0__bf5524f9,fit,20.238987833003193
huairou__K3__pmc_state__available__s0__200a6572,fit,14.389176666998537
huairou__K3__pmc_state__available__s1__312df6eb,fit,29.039381333001074
huairou__K3__pmc_state__available__s2__a94ff84d,fit,29.38710079199882
huairou__K3__pmc_state__impute__s0__c17a6218,fit,134.72768587500104
huairou__K3__pmc_state__sem__s0__ef4f137e,fit,17.436707834000117
huairou__K3__pmc_state_gice__available__s0__131c11a0,fit,23.657098457999382
huairou__K3__pmc_state_gice__available__s1__63cf05fd,fit,18.04547475000072
huairou__K3__pmc_state_gice__available__s2__7f72d049,fit,10.966267000003427
huairou__K3__pmc_state_gice__impute__s0__65a4a9e0,fit,165.22372666699812
huairou__K3__pmc_state_gice__sem__s0__09c94c71,fit,31.315214916001423
huairou_rawlog__K2__hmc_in__available__s0__32876fac,fit,0.4375022500025807
huairou_rawlog__K2__pmc_state__available__s0__f000cd32,fit,5.389590167000279
huairou_rawlog__K3__hmc_in__available__s0__28cb2b1d,fit,0.7547506669980066
huairou_rawlog__K3__pmc_state__available__s0__a10d0a03,fit,12.987034000001586
mnar__2fb4ec0c,mnar,5.145321415999206
mnar__60c15b3e,mnar,4.67788579199987
mnar__ea3ed793,mnar,5.592190625000512
oracle__06fa5c4d,oracle,0.4775365830028022
oracle__0fedef1b,oracle,0.24610154200127
oracle__38994ab4,oracle,0.7051249590003863
oracle__425fe6a3,oracle,0.6051371249996009
oracle__4d213a42,oracle,0.5025479169999016
oracle__55502fd1,oracle,0.47395241599951987
oracle__6a05d7e5,oracle,0.21650316700106487
oracle__6cfd9dfd,oracle,0.23591524999937974
oracle__9afb2e95,oracle,0.46350824999899487
oracle__9b22c784,oracle,0.22943012499672477
oracle__a2367620,oracle,0.6487151660003292
oracle__c0cf000c,oracle,0.6363774169985845
oracle__d29fc3ef,oracle,0.21292491599888308
oracle__d7869454,oracle,0.49009237499922165
oracle__d78b717d,oracle,0.2648628750030184
oracle__db6def57,oracle,0.4833051669993438
oracle__f6000d85,oracle,0.5854820829990786
oracle__f66af569,oracle,0.6166621250013122
pamap2_102_complete__K2__hmc_in__complete__s0__de17306c,fit,0.4298432909999974
pamap2_102_complete__K2__hmc_in__complete__s1__c0742827,fit,0.5116026669966232
pamap2_102_complete__K2__hmc_in__complete__s2__998d89ed,fit,0.43714033300057054
pamap2_102_complete__K2__pmc_pair__complete__s0__af672e93,fit,7.079650167001091
pamap2_102_complete__K2__pmc_pair__complete__s1__ff51ad17,fit,6.581746374999057
pamap2_102_complete__K2__pmc_pair__complete__s2__883d915a,fit,2.6671424170017417
pamap2_102_complete__K2__pmc_state__complete__s0__472e1add,fit,3.1099551250008517
pamap2_102_complete__K2__pmc_state__complete__s1__4f0b04fd,fit,2.09366237499853
pamap2_102_complete__K2__pmc_state__complete__s2__c76dbcae,fit,2.624887707999733
pamap2_102_complete__K3__hmc_in__complete__s0__ead4288d,fit,0.7485400000005029
pamap2_102_complete__K3__hmc_in__complete__s1__54eeac03,fit,0.8001024999975925
pamap2_102_complete__K3__hmc_in__complete__s2__0c6a3692,fit,0.759638667001127
pamap2_102_complete__K3__pmc_pair__complete__s0__43b024b8,fit,30.121858124999562
pamap2_102_complete__K3__pmc_pair__complete__s1__bd2a8daf,fit,14.679063042000053
pamap2_102_complete__K3__pmc_pair__complete__s2__e8443435,fit,19.329585041999962
pamap2_102_complete__K3__pmc_state__complete__s0__4b49282b,fit,9.977132584001083
pamap2_102_complete__K3__pmc_state__complete__s1__01b2b737,fit,6.787694708000345
pamap2_102_complete__K3__pmc_state__complete__s2__4a9af230,fit,9.048468625001988
pamap2_102_gapped__K2__hmc_in__available__s0__6f2fc2b1,fit,0.510998624999047
pamap2_102_gapped__K2__hmc_in__available__s1__9808b4a5,fit,0.47760987499714247
pamap2_102_gapped__K2__hmc_in__available__s2__0b04b8ef,fit,0.5131790839986934
pamap2_102_gapped__K2__hmc_in__impute__s0__cda068a0,fit,1.7770741249987623
pamap2_102_gapped__K2__hmc_in__impute__s1__ce75e15a,fit,1.4513692919972527
pamap2_102_gapped__K2__hmc_in__impute__s2__f56d78e6,fit,2.1240098340022087
pamap2_102_gapped__K2__hmc_in__sem__s0__2d6ef187,fit,3.6340682080008264
pamap2_102_gapped__K2__hmc_in__sem__s1__ec7ee30e,fit,3.6228118330000143
pamap2_102_gapped__K2__hmc_in__sem__s2__141d3451,fit,3.6767330410002614
pamap2_102_gapped__K2__pmc_pair__available__s0__dfc80256,fit,9.237413332997676
pamap2_102_gapped__K2__pmc_pair__available__s1__9f019ad0,fit,8.217633332998957
pamap2_102_gapped__K2__pmc_pair__available__s2__095f69dd,fit,2.8789416660001734
pamap2_102_gapped__K2__pmc_pair__impute__s0__9a610361,fit,27.341153624998697
pamap2_102_gapped__K2__pmc_pair__impute__s1__a20c9ad1,fit,33.25080070900003
pamap2_102_gapped__K2__pmc_pair__impute__s2__0b1c65b5,fit,10.170610583998496
pamap2_102_gapped__K2__pmc_pair__sem__s0__f4a7ee76,fit,11.458701291998295
pamap2_102_gapped__K2__pmc_pair__sem__s1__66756b06,fit,11.3842587500003
pamap2_102_gapped__K2__pmc_pair__sem__s2__294bf3f3,fit,11.372143042000971
pamap2_102_gapped__K2__pmc_state__available__s0__e66af06e,fit,3.289761666997947
pamap2_102_gapped__K2__pmc_state__available__s1__d7ea72e1,fit,2.424461416001577
pamap2_102_gapped__K2__pmc_state__available__s2__a244d4f6,fit,3.162472916999832
pamap2_102_gapped__K2__pmc_state__impute__s0__4fbe1a17,fit,12.88819175000026
pamap2_102_gapped__K2__pmc_state__impute__s1__00da9412,fit,10.471858583998255
pamap2_102_gapped__K2__pmc_state__impute__s2__2f918f7a,fit,13.22931950000202
pamap2_102_gapped__K2__pmc_state__sem__s0__a2aaba57,fit,11.793140040997969
pamap2_102_gapped__K2__pmc_state__sem__s1__2f100047,fit,12.04650649999894
pamap2_102_gapped__K2__pmc_state__sem__s2__b620dbec,fit,11.721173000001727
pamap2_102_gapped__K3__hmc_in__available__s0__7042c367,fit,0.843992750000325
pamap2_102_gapped__K3__hmc_in__available__s1__8c528071,fit,0.8930289169984462
pamap2_102_gapped__K3__hmc_in__available__s2__f6385056,fit,0.8525837080014753
pamap2_102_gapped__K3__hmc_in__impute__s0__25538495,fit,4.508814666001854
pamap2_102_gapped__K3__hmc_in__impute__s1__38182ef2,fit,4.916630540999904
pamap2_102_gapped__K3__hmc_in__impute__s2__b7deea01,fit,4.580152167000051
pamap2_102_gapped__K3__hmc_in__sem__s0__77525882,fit,3.670386124998913
pamap2_102_gapped__K3__hmc_in__sem__s1__a7823617,fit,3.6591150839994953
pamap2_102_gapped__K3__hmc_in__sem__s2__0e5057b0,fit,3.7189371250024124
pamap2_102_gapped__K3__pmc_pair__available__s0__3d273a63,fit,19.017688500000077
pamap2_102_gapped__K3__pmc_pair__available__s1__dce3512c,fit,15.279858624999179
pamap2_102_gapped__K3__pmc_pair__available__s2__0f463c9b,fit,31.895953750001354
pamap2_102_gapped__K3__pmc_pair__impute__s0__5b72e07a,fit,47.5432166669998
pamap2_102_gapped__K3__pmc_pair__sem__s0__42316403,fit,21.493397999998706
pamap2_102_gapped__K3__pmc_state__available__s0__a61fbade,fit,10.802666208997834
pamap2_102_gapped__K3__pmc_state__available__s1__4c91aea4,fit,8.018120332999388
pamap2_102_gapped__K3__pmc_state__available__s2__55e25f16,fit,12.206235583998932
pamap2_102_gapped__K3__pmc_state__impute__s0__cb59a3bb,fit,47.25422724999953
pamap2_102_gapped__K3__pmc_state__sem__s0__218f83ae,fit,17.64444579100018
pamap2_105_complete__K2__hmc_in__complete__s0__fa8e6101,fit,1.2256294170001638
pamap2_105_complete__K2__hmc_in__complete__s1__7371109b,fit,1.0885142919978534
pamap2_105_complete__K2__hmc_in__complete__s2__2043251f,fit,1.3338067499971658
pamap2_105_complete__K2__pmc_pair__complete__s0__c62dc8f8,fit,3.810152875001222
pamap2_105_complete__K2__pmc_pair__complete__s1__ed67bc3c,fit,7.679767458997958
pamap2_105_complete__K2__pmc_pair__complete__s2__3b81a0b7,fit,5.615874874998553
pamap2_105_complete__K2__pmc_state__complete__s0__bd835a1a,fit,1.8948676670006535
pamap2_105_complete__K2__pmc_state__complete__s1__131874ae,fit,2.093302749999566
pamap2_105_complete__K2__pmc_state__complete__s2__bc48c940,fit,5.612414292001631
pamap2_105_complete__K3__hmc_in__complete__s0__6e83400a,fit,1.18046804199912
pamap2_105_complete__K3__hmc_in__complete__s1__c11fe704,fit,1.240167667001515
pamap2_105_complete__K3__hmc_in__complete__s2__3449518a,fit,1.1647432909994677
pamap2_105_complete__K3__pmc_pair__complete__s0__84e316e6,fit,10.184938541002339
pamap2_105_complete__K3__pmc_pair__complete__s1__d027f7e0,fit,22.746518292002293
pamap2_105_complete__K3__pmc_pair__complete__s2__3326af1d,fit,13.270623749998776
pamap2_105_complete__K3__pmc_state__complete__s0__1949cd7a,fit,4.686353375000181
pamap2_105_complete__K3__pmc_state__complete__s1__a9aee7f9,fit,4.232600833001925
pamap2_105_complete__K3__pmc_state__complete__s2__5b8f9b16,fit,5.153416790999472
pamap2_105_gapped__K2__hmc_in__available__s0__c8d140d6,fit,0.9925829589992645
pamap2_105_gapped__K2__hmc_in__available__s1__89b17f33,fit,0.9312180419983633
pamap2_105_gapped__K2__hmc_in__available__s2__cd18f6da,fit,1.0529471669979102
pamap2_105_gapped__K2__pmc_pair__available__s0__bb1e3e44,fit,4.614506458001415
pamap2_105_gapped__K2__pmc_pair__available__s1__eae340b1,fit,10.644076082997344
pamap2_105_gapped__K2__pmc_pair__available__s2__5744587d,fit,3.36567545899743
pamap2_105_gapped__K2__pmc_state__available__s0__559ba3eb,fit,2.2200788330010255
pamap2_105_gapped__K2__pmc_state__available__s1__819a2339,fit,2.64485812500061
pamap2_105_gapped__K2__pmc_state__available__s2__3ec0499b,fit,6.119046542000433
pamap2_105_gapped__K3__hmc_in__available__s0__18431f7c,fit,0.9145756249999977
pamap2_105_gapped__K3__hmc_in__available__s1__1ce75615,fit,0.7408747080007743
pamap2_105_gapped__K3__hmc_in__available__s2__9ad38090,fit,1.1617527090020303
pamap2_105_gapped__K3__pmc_pair__available__s0__48f1082d,fit,13.93646154200178
pamap2_105_gapped__K3__pmc_pair__available__s1__6fff36d6,fit,17.159031125000183
pamap2_105_gapped__K3__pmc_pair__available__s2__de61834d,fit,15.573490416998538
pamap2_105_gapped__K3__pmc_state__available__s0__1cb70b9e,fit,5.357388624997839
pamap2_105_gapped__K3__pmc_state__available__s1__74fbb448,fit,3.169749791999493
pamap2_105_gapped__K3__pmc_state__available__s2__717014f6,fit,7.152304707997246
pamap2_108_complete__K2__hmc_in__complete__s0__2ccd45df,fit,0.9720298339998408
pamap2_108_complete__K2__hmc_in__complete__s1__3ed18198,fit,0.9386682499971357
pamap2_108_complete__K2__hmc_in__complete__s2__762f50ab,fit,0.9622875409986591
pamap2_108_complete__K2__pmc_pair__complete__s0__61b8d5a2,fit,6.335895500000333
pamap2_108_complete__K2__pmc_pair__complete__s1__6a51609d,fit,6.675032291001116
pamap2_108_complete__K2__pmc_pair__complete__s2__fc9d4414,fit,2.034496875003242
pamap2_108_complete__K2__pmc_state__complete__s0__185cbde1,fit,1.941623000002437
pamap2_108_complete__K2__pmc_state__complete__s1__ae425120,fit,2.228684333000274
pamap2_108_complete__K2__pmc_state__complete__s2__393bdef6,fit,2.465776791999815
pamap2_108_complete__K3__hmc_in__complete__s0__b7c4f4df,fit,0.9341817079985049
pamap2_108_complete__K3__hmc_in__complete__s1__13e34dae,fit,0.9956121670002176
pamap2_108_complete__K3__hmc_in__complete__s2__eee58e04,fit,0.9426335000025574
pamap2_108_complete__K3__pmc_pair__complete__s0__246a131d,fit,12.567785999999614
pamap2_108_complete__K3__pmc_pair__complete__s1__65674044,fit,20.32844458299951
pamap2_108_complete__K3__pmc_pair__complete__s2__b973d62f,fit,23.27378562499871
pamap2_108_complete__K3__pmc_state__complete__s0__08fddc89,fit,9.194714291999844
pamap2_108_complete__K3__pmc_state__complete__s1__52aabd42,fit,6.611607667000499
pamap2_108_complete__K3__pmc_state__complete__s2__87bbc869,fit,6.565626375002466
pamap2_108_gapped__K2__hmc_in__available__s0__79b7cae2,fit,0.9880333750006685
pamap2_108_gapped__K2__hmc_in__available__s1__31479deb,fit,0.9502137919989764
pamap2_108_gapped__K2__hmc_in__available__s2__5bf1aa81,fit,0.9706777920000604
pamap2_108_gapped__K2__pmc_pair__available__s0__c594d6f1,fit,8.270562958998198
pamap2_108_gapped__K2__pmc_pair__available__s1__58a4ac0d,fit,7.7582232910026505
pamap2_108_gapped__K2__pmc_pair__available__s2__48a5b487,fit,3.197547542000393
pamap2_108_gapped__K2__pmc_state__available__s0__f6a0c2c3,fit,2.355220208999526
pamap2_108_gapped__K2__pmc_state__available__s1__57697945,fit,2.6397141669986013
pamap2_108_gapped__K2__pmc_state__available__s2__bf3e7521,fit,3.406485125000472
pamap2_108_gapped__K3__hmc_in__available__s0__c06bec1e,fit,0.9394674579998537
pamap2_108_gapped__K3__hmc_in__available__s1__26d7df1f,fit,1.0002884170025936
pamap2_108_gapped__K3__hmc_in__available__s2__39d4513c,fit,0.9521298750005371
pamap2_108_gapped__K3__pmc_pair__available__s0__3d1fd49f,fit,29.194696041002317
pamap2_108_gapped__K3__pmc_pair__available__s1__ef9a29c3,fit,16.73211620800066
pamap2_108_gapped__K3__pmc_pair__available__s2__b3cb5144,fit,20.334026208998694
pamap2_108_gapped__K3__pmc_state__available__s0__e8c087d0,fit,10.677236166997318
pamap2_108_gapped__K3__pmc_state__available__s1__17dc7743,fit,7.080458542000997
pamap2_108_gapped__K3__pmc_state__available__s2__fbdc6160,fit,8.168375707999076
pamap2_feature_check__1542d5e1,pamap2_feature_check,0.29350999999951455
pamap2_feature_check__e81de752,pamap2_feature_check,0.33375270800024737
pamap2_feature_check__fbb21d50,pamap2_feature_check,0.31595641700187116
pamap2_missingness__33e07dbb,pamap2_missingness,0.010685167002520757
pamap2_missingness__4c01a489,pamap2_missingness,0.002314290999493096
pamap2_missingness__bf742271,pamap2_missingness,0.0028476670013333205
tsnh4__K2__hmc_in__available__s0__19f42324,fit,0.4587091249995865
tsnh4__K2__hmc_in__available__s1__182cba08,fit,0.46214033299838775
tsnh4__K2__hmc_in__available__s2__6742ff3d,fit,0.44357750000199303
tsnh4__K2__hmc_in__impute__s0__3a9ea289,fit,2.512565791999805
tsnh4__K2__hmc_in__impute__s1__8384c782,fit,2.678065083000547
tsnh4__K2__hmc_in__impute__s2__f0cf745c,fit,2.175894583997433
tsnh4__K2__hmc_in__sem__s0__6d87fbb9,fit,1.9642836669991084
tsnh4__K2__hmc_in__sem__s1__816308fb,fit,1.9515819160005776
tsnh4__K2__hmc_in__sem__s2__03c6e3a3,fit,1.9594062910000503
tsnh4__K2__pmc_pair__available__s0__c7ee69b8,fit,4.05473504100155
tsnh4__K2__pmc_pair__available__s1__bc737ff3,fit,5.015402041000925
tsnh4__K2__pmc_pair__available__s2__a2d83076,fit,1.9859167499998875
tsnh4__K2__pmc_pair__impute__s0__6a3a1caf,fit,7.61565358399821
tsnh4__K2__pmc_pair__impute__s1__f3ebb930,fit,33.82736862499951
tsnh4__K2__pmc_pair__impute__s2__6e1153da,fit,9.811431250000169
tsnh4__K2__pmc_pair__sem__s0__798cdde8,fit,7.81650004200128
tsnh4__K2__pmc_pair__sem__s1__3880786c,fit,7.813381916999788
tsnh4__K2__pmc_pair__sem__s2__3561ee2e,fit,8.011058166997827
tsnh4__K2__pmc_state__available__s0__de9566a2,fit,3.1609723750007106
tsnh4__K2__pmc_state__available__s1__a94c4406,fit,3.227482250000321
tsnh4__K2__pmc_state__available__s2__e3379bd0,fit,3.7331111669991515
tsnh4__K2__pmc_state__impute__s0__7cf997d2,fit,11.584536166999897
tsnh4__K2__pmc_state__impute__s1__3c731612,fit,22.659503292001318
tsnh4__K2__pmc_state__impute__s2__39002c8d,fit,47.958213082998554
tsnh4__K2__pmc_state__sem__s0__fdce57c2,fit,7.25552987500123
tsnh4__K2__pmc_state__sem__s1__ab1c7704,fit,7.468248541998037
tsnh4__K2__pmc_state__sem__s2__a46e40f1,fit,6.905214624999644
tsnh4__K2__pmc_state_gice__available__s0__0f4cae65,fit,7.039309083000262
tsnh4__K2__pmc_state_gice__available__s1__a156fa09,fit,11.791779374998441
tsnh4__K2__pmc_state_gice__available__s2__8b3588d3,fit,4.7466097500000615
tsnh4__K2__pmc_state_gice__impute__s0__dd7cb7fb,fit,26.611927208999987
tsnh4__K2__pmc_state_gice__sem__s0__e243bcee,fit,14.081899125001655
tsnh4__K3__hmc_in__available__s0__d4149bb4,fit,0.4225997499997902
tsnh4__K3__hmc_in__available__s1__0351b0fd,fit,0.398040874999424
tsnh4__K3__hmc_in__available__s2__04600d2b,fit,0.4513469580015226
tsnh4__K3__hmc_in__impute__s0__72a146ed,fit,2.0573608340018836
tsnh4__K3__hmc_in__impute__s1__2a5aa701,fit,1.854477875000157
tsnh4__K3__hmc_in__impute__s2__c06aeb14,fit,2.237347917001898
tsnh4__K3__hmc_in__sem__s0__8f6fe519,fit,2.0057406250016356
tsnh4__K3__hmc_in__sem__s1__52bd5a83,fit,2.0169466660008766
tsnh4__K3__hmc_in__sem__s2__09ac4ca6,fit,2.031371332999697
tsnh4__K3__pmc_pair__available__s0__54621436,fit,4.008137417000398
tsnh4__K3__pmc_pair__available__s1__f18e5eb1,fit,4.021076375000121
tsnh4__K3__pmc_pair__available__s2__ff07cba4,fit,7.491012459002377
tsnh4__K3__pmc_pair__impute__s0__b0ffee30,fit,25.2897508749993
tsnh4__K3__pmc_pair__impute__s1__8adc2a1b,fit,30.774570500001573
tsnh4__K3__pmc_pair__impute__s2__5808f5db,fit,31.18795016600052
tsnh4__K3__pmc_pair__sem__s0__3aa4ba6f,fit,11.361497750000126
tsnh4__K3__pmc_pair__sem__s1__70880a12,fit,9.368034374998388
tsnh4__K3__pmc_pair__sem__s2__1c81d9b8,fit,7.526907292001852
tsnh4__K3__pmc_state__available__s0__15a79fe9,fit,5.478090749998955
tsnh4__K3__pmc_state__available__s1__c6b99535,fit,4.744012040999223
tsnh4__K3__pmc_state__available__s2__6fb379bf,fit,6.581731750000472
tsnh4__K3__pmc_state__impute__s0__31e0d7b7,fit,23.223265959000855
tsnh4__K3__pmc_state__impute__s1__ec47dd71,fit,18.67888262500128
tsnh4__K3__pmc_state__impute__s2__907791a0,fit,40.354867709000246
tsnh4__K3__pmc_state__sem__s0__52762d6e,fit,11.109226542001124
tsnh4__K3__pmc_state__sem__s1__dc2095ea,fit,8.027097791000415
tsnh4__K3__pmc_state__sem__s2__634177a7,fit,7.840373791001184
tsnh4__K3__pmc_state_gice__available__s0__1dde0782,fit,8.756821167000453
tsnh4__K3__pmc_state_gice__available__s1__99220e3a,fit,7.517987708000874
tsnh4__K3__pmc_state_gice__available__s2__f50723ac,fit,8.571044832999178
tsnh4__K3__pmc_state_gice__impute__s0__5c0bc4bf,fit,42.06128712499776
tsnh4__K3__pmc_state_gice__sem__s0__e4d1ec32,fit,20.376808708999306
tsnh4_baselines__662de1a0,tsnh4_baselines,0.006947083998966264
