run,seed,i,j,true_name,selected,hit,tau_hat
0,3000,0,0,Student,Student,1,0.2233
0,3000,0,1,CubSec,GH,0,0.1315
0,3000,1,0,CubSec,GH,0,0.2094
0,3000,1,1,Clayton,Clayton,1,0.1087
1,3001,0,0,Student,Student,1,0.1831
1,3001,0,1,CubSec,GH,0,0.1538
1,3001,1,0,CubSec,GH,0,0.1181
1,3001,1,1,Clayton,Clayton,1,0.1781
2,3002,0,0,Student,Student,1,0.2283
2,3002,0,1,CubSec,GH,0,0.0799
2,3002,1,0,CubSec,Clayton,0,0.0598
2,3002,1,1,Clayton,Clayton,1,0.1487
3,3003,0,0,Student,Student,1,0.2655
3,3003,0,1,CubSec,CubSec,1,0.0491
3,3003,1,0,CubSec,CubSec,1,0.1377
3,3003,1,1,Clayton,Clayton,1,0.1937
4,3004,0,0,Student,Student,1,0.2223
4,3004,0,1,CubSec,GH,0,0.0891
4,3004,1,0,CubSec,GH,0,0.1289
4,3004,1,1,Clayton,Clayton,1,0.1216
5,3005,0,0,Student,Student,1,0.2440
5,3005,0,1,CubSec,GH,0,0.1028
5,3005,1,0,CubSec,Student,0,0.1369
5,3005,1,1,Clayton,Clayton,1,0.1950
6,3006,0,0,Student,Student,1,0.1963
6,3006,0,1,CubSec,Clayton,0,0.1120
6,3006,1,0,CubSec,GH,0,0.0680
6,3006,1,1,Clayton,Clayton,1,0.2058
7,3007,0,0,Student,Student,1,0.2601
7,3007,0,1,CubSec,GH,0,0.0958
7,3007,1,0,CubSec,GH,0,0.1125
7,3007,1,1,Clayton,Clayton,1,0.1816
8,3008,0,0,Student,Student,1,0.2056
8,3008,0,1,CubSec,CubSec,1,0.0000
8,3008,1,0,CubSec,CubSec,1,0.1219
8,3008,1,1,Clayton,Clayton,1,0.1769
9,3009,0,0,Student,Student,1,0.2235
9,3009,0,1,CubSec,GH,0,0.0700
9,3009,1,0,CubSec,CubSec,1,0.0270
9,3009,1,1,Clayton,Clayton,1,0.1249
10,3010,0,0,Student,Student,1,0.2765
10,3010,0,1,CubSec,GH,0,0.1775
10,3010,1,0,CubSec,CubSec,1,0.0825
10,3010,1,1,Clayton,Clayton,1,0.1587
11,3011,0,0,Student,Student,1,0.2304
11,3011,0,1,CubSec,GH,0,0.1278
11,3011,1,0,CubSec,Student,0,0.2376
11,3011,1,1,Clayton,Clayton,1,0.1293
12,3012,0,0,Student,Student,1,0.2409
12,3012,0,1,CubSec,Student,0,0.1049
12,3012,1,0,CubSec,GH,0,0.1141
12,3012,1,1,Clayton,Clayton,1,0.1727
13,3013,0,0,Student,Student,1,0.2281
13,3013,0,1,CubSec,GH,0,0.1619
13,3013,1,0,CubSec,GH,0,0.1027
13,3013,1,1,Clayton,Clayton,1,0.1626
14,3014,0,0,Student,Student,1,0.2229
14,3014,0,1,CubSec,GH,0,0.1034
14,3014,1,0,CubSec,GH,0,0.1837
14,3014,1,1,Clayton,Clayton,1,0.1124
15,3015,0,0,Student,Student,1,0.2325
15,3015,0,1,CubSec,GH,0,0.1392
15,3015,1,0,CubSec,GH,0,0.1310
15,3015,1,1,Clayton,Clayton,1,0.1389
16,3016,0,0,Student,Student,1,0.2251
16,3016,0,1,CubSec,CubSec,1,0.0151
16,3016,1,0,CubSec,GH,0,0.1794
16,3016,1,1,Clayton,Clayton,1,0.1728
17,3017,0,0,Student,Student,1,0.2181
17,3017,0,1,CubSec,GH,0,0.0837
17,3017,1,0,CubSec,GH,0,0.0890
17,3017,1,1,Clayton,Clayton,1,0.1644
18,3018,0,0,Student,Student,1,0.2667
18,3018,0,1,CubSec,GH,0,0.1255
18,3018,1,0,CubSec,GH,0,0.0309
18,3018,1,1,Clayton,Clayton,1,0.1614
19,3019,0,0,Student,Student,1,0.2655
19,3019,0,1,CubSec,CubSec,1,0.1381
19,3019,1,0,CubSec,GH,0,0.1051
19,3019,1,1,Clayton,Clayton,1,0.1675
20,3020,0,0,Student,Student,1,0.2354
20,3020,0,1,CubSec,CubSec,1,0.0401
20,3020,1,0,CubSec,GH,0,0.1239
20,3020,1,1,Clayton,Clayton,1,0.1041
21,3021,0,0,Student,Student,1,0.1823
21,3021,0,1,CubSec,CubSec,1,0.0874
21,3021,1,0,CubSec,GH,0,0.0991
21,3021,1,1,Clayton,Clayton,1,0.1647
22,3022,0,0,Student,Student,1,0.2135
22,3022,0,1,CubSec,GH,0,0.1267
22,3022,1,0,CubSec,GH,0,0.1152
22,3022,1,1,Clayton,Clayton,1,0.1588
23,3023,0,0,Student,Student,1,0.2145
23,3023,0,1,CubSec,Clayton,0,0.1314
23,3023,1,0,CubSec,CubSec,1,0.1403
23,3023,1,1,Clayton,Clayton,1,0.1722
24,3024,0,0,Student,Student,1,0.2348
24,3024,0,1,CubSec,GH,0,0.0978
24,3024,1,0,CubSec,GH,0,0.1604
24,3024,1,1,Clayton,Clayton,1,0.1405
25,3025,0,0,Student,Student,1,0.2226
25,3025,0,1,CubSec,CubSec,1,0.1116
25,3025,1,0,CubSec,GH,0,0.0697
25,3025,1,1,Clayton,Clayton,1,0.1662
26,3026,0,0,Student,Student,1,0.2103
26,3026,0,1,CubSec,CubSec,1,0.1419
26,3026,1,0,CubSec,GH,0,0.1637
26,3026,1,1,Clayton,Clayton,1,0.1903
27,3027,0,0,Student,Student,1,0.1688
27,3027,0,1,CubSec,Clayton,0,0.0191
27,3027,1,0,CubSec,GH,0,0.1250
27,3027,1,1,Clayton,Clayton,1,0.1715
28,3028,0,0,Student,Student,1,0.2410
28,3028,0,1,CubSec,GH,0,0.0899
28,3028,1,0,CubSec,Student,0,0.1773
28,3028,1,1,Clayton,Clayton,1,0.1701
29,3029,0,0,Student,Student,1,0.2598
29,3029,0,1,CubSec,GH,0,0.0712
29,3029,1,0,CubSec,Clayton,0,0.1439
29,3029,1,1,Clayton,Clayton,1,0.1763
30,3030,0,0,Student,Student,1,0.2566
30,3030,0,1,CubSec,Clayton,0,0.1102
30,3030,1,0,CubSec,GH,0,0.1026
30,3030,1,1,Clayton,Clayton,1,0.1965
31,3031,0,0,Student,Student,1,0.2835
31,3031,0,1,CubSec,GH,0,0.1816
31,3031,1,0,CubSec,CubSec,1,0.0568
31,3031,1,1,Clayton,Clayton,1,0.1716
32,3032,0,0,Student,Student,1,0.2438
32,3032,0,1,CubSec,CubSec,1,0.1393
32,3032,1,0,CubSec,CubSec,1,0.1632
32,3032,1,1,Clayton,Clayton,1,0.2023
33,3033,0,0,Student,Student,1,0.2477
33,3033,0,1,CubSec,GH,0,0.0848
33,3033,1,0,CubSec,CubSec,1,0.1316
33,3033,1,1,Clayton,Clayton,1,0.1370
34,3034,0,0,Student,Student,1,0.2347
34,3034,0,1,CubSec,Clayton,0,0.1372
34,3034,1,0,CubSec,CubSec,1,0.0999
34,3034,1,1,Clayton,Clayton,1,0.1660
35,3035,0,0,Student,Student,1,0.2353
35,3035,0,1,CubSec,CubSec,1,0.1366
35,3035,1,0,CubSec,CubSec,1,0.0962
35,3035,1,1,Clayton,Clayton,1,0.1743
36,3036,0,0,Student,Student,1,0.2814
36,3036,0,1,CubSec,GH,0,0.1764
36,3036,1,0,CubSec,GH,0,0.0538
36,3036,1,1,Clayton,Clayton,1,0.1929
37,3037,0,0,Student,Student,1,0.2655
37,3037,0,1,CubSec,Clayton,0,0.1000
37,3037,1,0,CubSec,GH,0,0.0825
37,3037,1,1,Clayton,Clayton,1,0.2041
38,3038,0,0,Student,Student,1,0.2325
38,3038,0,1,CubSec,CubSec,1,0.1305
38,3038,1,0,CubSec,GH,0,0.1128
38,3038,1,1,Clayton,Clayton,1,0.1858
39,3039,0,0,Student,Student,1,0.3055
39,3039,0,1,CubSec,CubSec,1,0.0562
39,3039,1,0,CubSec,Clayton,0,0.0464
39,3039,1,1,Clayton,Clayton,1,0.2184
40,3040,0,0,Student,Student,1,0.2203
40,3040,0,1,CubSec,GH,0,0.0694
40,3040,1,0,CubSec,CubSec,1,0.1267
40,3040,1,1,Clayton,Clayton,1,0.1887
41,3041,0,0,Student,Student,1,0.2438
41,3041,0,1,CubSec,GH,0,0.1281
41,3041,1,0,CubSec,GH,0,0.1027
41,3041,1,1,Clayton,Student,0,0.1656
42,3042,0,0,Student,Student,1,0.2064
42,3042,0,1,CubSec,CubSec,1,0.0782
42,3042,1,0,CubSec,CubSec,1,0.0927
42,3042,1,1,Clayton,Clayton,1,0.1827
43,3043,0,0,Student,Student,1,0.2003
43,3043,0,1,CubSec,Clayton,0,0.0097
43,3043,1,0,CubSec,CubSec,1,0.0824
43,3043,1,1,Clayton,Clayton,1,0.1786
44,3044,0,0,Student,Student,1,0.1962
44,3044,0,1,CubSec,GH,0,0.0919
44,3044,1,0,CubSec,GH,0,0.0543
44,3044,1,1,Clayton,Clayton,1,0.2106
45,3045,0,0,Student,Student,1,0.2614
45,3045,0,1,CubSec,GH,0,0.0651
45,3045,1,0,CubSec,GH,0,0.0426
45,3045,1,1,Clayton,Clayton,1,0.2101
46,3046,0,0,Student,Student,1,0.2249
46,3046,0,1,CubSec,GH,0,0.1676
46,3046,1,0,CubSec,GH,0,0.1054
46,3046,1,1,Clayton,Clayton,1,0.1443
47,3047,0,0,Student,Student,1,0.2591
47,3047,0,1,CubSec,GH,0,0.0731
47,3047,1,0,CubSec,CubSec,1,0.1063
47,3047,1,1,Clayton,Student,0,0.2100
48,3048,0,0,Student,Student,1,0.2544
48,3048,0,1,CubSec,Clayton,0,0.1216
48,3048,1,0,CubSec,GH,0,0.1148
48,3048,1,1,Clayton,Clayton,1,0.1442
49,3049,0,0,Student,Student,1,0.2600
49,3049,0,1,CubSec,GH,0,0.1076
49,3049,1,0,CubSec,GH,0,0.1444
49,3049,1,1,Clayton,Clayton,1,0.1539
50,3050,0,0,Student,Student,1,0.2235
50,3050,0,1,CubSec,GH,0,0.0707
50,3050,1,0,CubSec,CubSec,1,0.0916
50,3050,1,1,Clayton,Clayton,1,0.1432
51,3051,0,0,Student,Student,1,0.2354
51,3051,0,1,CubSec,GH,0,0.0994
51,3051,1,0,CubSec,GH,0,0.1120
51,3051,1,1,Clayton,Clayton,1,0.2158
52,3052,0,0,Student,Student,1,0.2378
52,3052,0,1,CubSec,GH,0,0.0734
52,3052,1,0,CubSec,GH,0,0.1523
52,3052,1,1,Clayton,Clayton,1,0.1784
53,3053,0,0,Student,Student,1,0.2434
53,3053,0,1,CubSec,Clayton,0,0.1376
53,3053,1,0,CubSec,GH,0,0.0769
53,3053,1,1,Clayton,Clayton,1,0.1505
54,3054,0,0,Student,Student,1,0.2383
54,3054,0,1,CubSec,CubSec,1,0.1113
54,3054,1,0,CubSec,GH,0,0.1178
54,3054,1,1,Clayton,Clayton,1,0.1502
55,3055,0,0,Student,Student,1,0.2076
55,3055,0,1,CubSec,CubSec,1,0.1578
55,3055,1,0,CubSec,GH,0,0.0733
55,3055,1,1,Clayton,Clayton,1,0.1863
56,3056,0,0,Student,Student,1,0.2394
56,3056,0,1,CubSec,GH,0,0.1526
56,3056,1,0,CubSec,GH,0,0.1472
56,3056,1,1,Clayton,Clayton,1,0.1816
57,3057,0,0,Student,Student,1,0.2540
57,3057,0,1,CubSec,GH,0,0.1635
57,3057,1,0,CubSec,Clayton,0,0.1373
57,3057,1,1,Clayton,Clayton,1,0.1264
58,3058,0,0,Student,Student,1,0.1915
58,3058,0,1,CubSec,GH,0,0.1144
58,3058,1,0,CubSec,GH,0,0.1548
58,3058,1,1,Clayton,Clayton,1,0.1857
59,3059,0,0,Student,Student,1,0.2453
59,3059,0,1,CubSec,GH,0,0.1002
59,3059,1,0,CubSec,GH,0,0.1309
59,3059,1,1,Clayton,Clayton,1,0.1696
60,3060,0,0,Student,Student,1,0.1944
60,3060,0,1,CubSec,CubSec,1,0.1043
60,3060,1,0,CubSec,GH,0,0.1524
60,3060,1,1,Clayton,Clayton,1,0.1325
61,3061,0,0,Student,Student,1,0.2191
61,3061,0,1,CubSec,GH,0,0.1042
61,3061,1,0,CubSec,GH,0,0.1591
61,3061,1,1,Clayton,Clayton,1,0.2121
62,3062,0,0,Student,Student,1,0.2000
62,3062,0,1,CubSec,CubSec,1,0.0624
62,3062,1,0,CubSec,GH,0,0.1144
62,3062,1,1,Clayton,Clayton,1,0.2225
63,3063,0,0,Student,Student,1,0.2312
63,3063,0,1,CubSec,GH,0,0.0743
63,3063,1,0,CubSec,CubSec,1,0.0622
63,3063,1,1,Clayton,Clayton,1,0.2092
64,3064,0,0,Student,Student,1,0.1758
64,3064,0,1,CubSec,GH,0,0.1024
64,3064,1,0,CubSec,GH,0,0.0777
64,3064,1,1,Clayton,Student,0,0.1465
65,3065,0,0,Student,Student,1,0.1892
65,3065,0,1,CubSec,CubSec,1,0.1330
65,3065,1,0,CubSec,Student,0,-0.0476
65,3065,1,1,Clayton,Clayton,1,0.1622
66,3066,0,0,Student,Student,1,0.2678
66,3066,0,1,CubSec,GH,0,0.0904
66,3066,1,0,CubSec,GH,0,0.1063
66,3066,1,1,Clayton,Clayton,1,0.1781
67,3067,0,0,Student,Student,1,0.2051
67,3067,0,1,CubSec,GH,0,0.1237
67,3067,1,0,CubSec,GH,0,0.1648
67,3067,1,1,Clayton,Clayton,1,0.2056
68,3068,0,0,Student,Student,1,0.2518
68,3068,0,1,CubSec,Clayton,0,0.0292
68,3068,1,0,CubSec,GH,0,0.0733
68,3068,1,1,Clayton,Clayton,1,0.1866
69,3069,0,0,Student,Student,1,0.2537
69,3069,0,1,CubSec,CubSec,1,0.0898
69,3069,1,0,CubSec,GH,0,0.0623
69,3069,1,1,Clayton,Clayton,1,0.1613
70,3070,0,0,Student,Student,1,0.2174
70,3070,0,1,CubSec,Clayton,0,0.0485
70,3070,1,0,CubSec,GH,0,0.0643
70,3070,1,1,Clayton,Clayton,1,0.1597
71,3071,0,0,Student,Student,1,0.2547
71,3071,0,1,CubSec,GH,0,0.0643
71,3071,1,0,CubSec,CubSec,1,0.0541
71,3071,1,1,Clayton,Clayton,1,0.2204
72,3072,0,0,Student,Student,1,0.2309
72,3072,0,1,CubSec,Clayton,0,0.0577
72,3072,1,0,CubSec,CubSec,1,0.1025
72,3072,1,1,Clayton,Clayton,1,0.1678
73,3073,0,0,Student,Student,1,0.2221
73,3073,0,1,CubSec,GH,0,0.1239
73,3073,1,0,CubSec,GH,0,0.0790
73,3073,1,1,Clayton,Clayton,1,0.1947
74,3074,0,0,Student,Student,1,0.3078
74,3074,0,1,CubSec,GH,0,0.0389
74,3074,1,0,CubSec,CubSec,1,0.0851
74,3074,1,1,Clayton,Clayton,1,0.1444
75,3075,0,0,Student,Student,1,0.2400
75,3075,0,1,CubSec,GH,0,0.1479
75,3075,1,0,CubSec,GH,0,0.2140
75,3075,1,1,Clayton,Student,0,0.1271
76,3076,0,0,Student,Student,1,0.2330
76,3076,0,1,CubSec,GH,0,0.0801
76,3076,1,0,CubSec,GH,0,0.0406
76,3076,1,1,Clayton,Clayton,1,0.1755
77,3077,0,0,Student,Student,1,0.1944
77,3077,0,1,CubSec,CubSec,1,0.0685
77,3077,1,0,CubSec,GH,0,0.0974
77,3077,1,1,Clayton,Clayton,1,0.2168
78,3078,0,0,Student,Student,1,0.2753
78,3078,0,1,CubSec,GH,0,0.0865
78,3078,1,0,CubSec,CubSec,1,0.1650
78,3078,1,1,Clayton,Clayton,1,0.2505
79,3079,0,0,Student,Student,1,0.2534
79,3079,0,1,CubSec,GH,0,0.1320
79,3079,1,0,CubSec,GH,0,0.1171
79,3079,1,1,Clayton,Clayton,1,0.1333
80,3080,0,0,Student,Student,1,0.2475
80,3080,0,1,CubSec,CubSec,1,0.1334
80,3080,1,0,CubSec,CubSec,1,0.0845
80,3080,1,1,Clayton,Clayton,1,0.2218
81,3081,0,0,Student,Student,1,0.2508
81,3081,0,1,CubSec,GH,0,0.1177
81,3081,1,0,CubSec,GH,0,0.0663
81,3081,1,1,Clayton,Clayton,1,0.2033
82,3082,0,0,Student,Student,1,0.2805
82,3082,0,1,CubSec,Clayton,0,0.0505
82,3082,1,0,CubSec,GH,0,0.0636
82,3082,1,1,Clayton,Clayton,1,0.1714
83,3083,0,0,Student,Student,1,0.2182
83,3083,0,1,CubSec,GH,0,0.1976
83,3083,1,0,CubSec,GH,0,0.0930
83,3083,1,1,Clayton,Clayton,1,0.1811
84,3084,0,0,Student,Student,1,0.2141
84,3084,0,1,CubSec,CubSec,1,0.1147
84,3084,1,0,CubSec,GH,0,0.0999
84,3084,1,1,Clayton,Clayton,1,0.1483
85,3085,0,0,Student,Student,1,0.2855
85,3085,0,1,CubSec,CubSec,1,0.0602
85,3085,1,0,CubSec,Student,0,0.0876
85,3085,1,1,Clayton,Clayton,1,0.1485
86,3086,0,0,Student,Student,1,0.2351
86,3086,0,1,CubSec,CubSec,1,0.0891
86,3086,1,0,CubSec,GH,0,0.1134
86,3086,1,1,Clayton,Clayton,1,0.1622
87,3087,0,0,Student,Student,1,0.2717
87,3087,0,1,CubSec,Clayton,0,0.1431
87,3087,1,0,CubSec,GH,0,0.1729
87,3087,1,1,Clayton,Clayton,1,0.1583
88,3088,0,0,Student,Student,1,0.2325
88,3088,0,1,CubSec,Student,0,0.1209
88,3088,1,0,CubSec,GH,0,0.0753
88,3088,1,1,Clayton,Clayton,1,0.1948
89,3089,0,0,Student,Student,1,0.2094
89,3089,0,1,CubSec,GH,0,0.0723
89,3089,1,0,CubSec,GH,0,0.1658
89,3089,1,1,Clayton,Clayton,1,0.1179
90,3090,0,0,Student,Student,1,0.2289
90,3090,0,1,CubSec,GH,0,0.1360
90,3090,1,0,CubSec,GH,0,0.0805
90,3090,1,1,Clayton,Clayton,1,0.1754
91,3091,0,0,Student,Student,1,0.2543
91,3091,0,1,CubSec,GH,0,0.1179
91,3091,1,0,CubSec,GH,0,0.1306
91,3091,1,1,Clayton,Clayton,1,0.1413
92,3092,0,0,Student,Student,1,0.2457
92,3092,0,1,CubSec,GH,0,0.0710
92,3092,1,0,CubSec,GH,0,0.2127
92,3092,1,1,Clayton,Clayton,1,0.1504
93,3093,0,0,Student,Student,1,0.1694
93,3093,0,1,CubSec,CubSec,1,0.0819
93,3093,1,0,CubSec,Clayton,0,0.0802
93,3093,1,1,Clayton,Clayton,1,0.1937
94,3094,0,0,Student,Student,1,0.2563
94,3094,0,1,CubSec,GH,0,0.0557
94,3094,1,0,CubSec,CubSec,1,0.1106
94,3094,1,1,Clayton,Clayton,1,0.1820
95,3095,0,0,Student,Student,1,0.2544
95,3095,0,1,CubSec,GH,0,0.0726
95,3095,1,0,CubSec,CubSec,1,0.0574
95,3095,1,1,Clayton,Clayton,1,0.2093
96,3096,0,0,Student,Student,1,0.2521
96,3096,0,1,CubSec,GH,0,0.0955
96,3096,1,0,CubSec,GH,0,0.0904
96,3096,1,1,Clayton,Student,0,0.1143
97,3097,0,0,Student,Student,1,0.2463
97,3097,0,1,CubSec,GH,0,0.1075
97,3097,1,0,CubSec,Clayton,0,0.0812
97,3097,1,1,Clayton,Clayton,1,0.2317
98,3098,0,0,Student,Student,1,0.2519
98,3098,0,1,CubSec,GH,0,0.0853
98,3098,1,0,CubSec,GH,0,0.1331
98,3098,1,1,Clayton,Clayton,1,0.1660
99,3099,0,0,Student,Student,1,0.2211
99,3099,0,1,CubSec,GH,0,0.1917
99,3099,1,0,CubSec,GH,0,0.0909
99,3099,1,1,Clayton,Clayton,1,0.1449
