run,seed,i,j,true_name,selected,hit,tau_hat,start
0,3000,0,0,Student,Student,1,0.2452,sweep:CubSec/Student
0,3000,0,1,CubSec,CubSec,1,0.1530,sweep:CubSec/Student
0,3000,1,0,CubSec,Student,0,0.2322,sweep:CubSec/Student
0,3000,1,1,Clayton,Clayton,1,0.1480,sweep:CubSec/Student
1,3001,0,0,Student,Student,1,0.1976,sweep:CubSec/Student
1,3001,0,1,CubSec,CubSec,1,0.1464,sweep:CubSec/Student
1,3001,1,0,CubSec,GH,0,0.1349,sweep:CubSec/Student
1,3001,1,1,Clayton,Clayton,1,0.2085,sweep:CubSec/Student
2,3002,0,0,Student,Student,1,0.2836,sweep:Student/Clayton
2,3002,0,1,CubSec,CubSec,1,0.1033,sweep:Student/Clayton
2,3002,1,0,CubSec,Clayton,0,0.0671,sweep:Student/Clayton
2,3002,1,1,Clayton,Clayton,1,0.2190,sweep:Student/Clayton
3,3003,0,0,Student,Student,1,0.3036,sweep:Student/CubSec
3,3003,0,1,CubSec,CubSec,1,0.0931,sweep:Student/CubSec
3,3003,1,0,CubSec,CubSec,1,0.1650,sweep:Student/CubSec
3,3003,1,1,Clayton,Clayton,1,0.2079,sweep:Student/CubSec
4,3004,0,0,Student,Student,1,0.2142,indep
4,3004,0,1,CubSec,CubSec,1,0.1208,indep
4,3004,1,0,CubSec,Student,0,0.1553,indep
4,3004,1,1,Clayton,Clayton,1,0.1263,indep
5,3005,0,0,Student,Clayton,0,0.2412,sweep:Clayton/Student
5,3005,0,1,CubSec,CubSec,1,0.1650,sweep:Clayton/Student
5,3005,1,0,CubSec,Student,0,0.1815,sweep:Clayton/Student
5,3005,1,1,Clayton,Clayton,1,0.2454,sweep:Clayton/Student
6,3006,0,0,Student,Student,1,0.2358,sweep:Student/Clayton
6,3006,0,1,CubSec,CubSec,1,0.1650,sweep:Student/Clayton
6,3006,1,0,CubSec,CubSec,1,0.0855,sweep:Student/Clayton
6,3006,1,1,Clayton,Clayton,1,0.2462,sweep:Student/Clayton
7,3007,0,0,Student,Student,1,0.3007,sweep:Student/CubSec
7,3007,0,1,CubSec,GH,0,0.0988,sweep:Student/CubSec
7,3007,1,0,CubSec,Student,0,0.1467,sweep:Student/CubSec
7,3007,1,1,Clayton,Clayton,1,0.1933,sweep:Student/CubSec
8,3008,0,0,Student,Student,1,0.2541,sweep:Student/CubSec
8,3008,0,1,CubSec,CubSec,1,0.0013,sweep:Student/CubSec
8,3008,1,0,CubSec,CubSec,1,0.1425,sweep:Student/CubSec
8,3008,1,1,Clayton,Clayton,1,0.1867,sweep:Student/CubSec
9,3009,0,0,Student,Student,1,0.2270,indep
9,3009,0,1,CubSec,GH,0,0.0656,indep
9,3009,1,0,CubSec,CubSec,1,0.0209,indep
9,3009,1,1,Clayton,Clayton,1,0.1257,indep
10,3010,0,0,Student,Student,1,0.2967,kmeans
10,3010,0,1,CubSec,CubSec,1,0.1602,kmeans
10,3010,1,0,CubSec,CubSec,1,0.0639,kmeans
10,3010,1,1,Clayton,Clayton,1,0.1823,kmeans
11,3011,0,0,Student,Student,1,0.2301,indep
11,3011,0,1,CubSec,GH,0,0.1286,indep
11,3011,1,0,CubSec,Student,0,0.2393,indep
11,3011,1,1,Clayton,Clayton,1,0.1274,indep
12,3012,0,0,Student,Student,1,0.2535,sweep:CubSec/Student
12,3012,0,1,CubSec,Student,0,0.1242,sweep:CubSec/Student
12,3012,1,0,CubSec,CubSec,1,0.1601,sweep:CubSec/Student
12,3012,1,1,Clayton,Clayton,1,0.2021,sweep:CubSec/Student
13,3013,0,0,Student,Student,1,0.2250,indep
13,3013,0,1,CubSec,Student,0,0.1824,indep
13,3013,1,0,CubSec,GH,0,0.0922,indep
13,3013,1,1,Clayton,Clayton,1,0.1701,indep
14,3014,0,0,Student,Student,1,0.2160,indep
14,3014,0,1,CubSec,Student,0,0.1059,indep
14,3014,1,0,CubSec,Student,0,0.1952,indep
14,3014,1,1,Clayton,Clayton,1,0.1059,indep
15,3015,0,0,Student,Student,1,0.2618,sweep:CubSec/GH
15,3015,0,1,CubSec,CubSec,1,0.1394,sweep:CubSec/GH
15,3015,1,0,CubSec,CubSec,1,0.1143,sweep:CubSec/GH
15,3015,1,1,Clayton,Clayton,1,0.1866,sweep:CubSec/GH
16,3016,0,0,Student,Student,1,0.2507,sweep:CubSec/Student
16,3016,0,1,CubSec,CubSec,1,0.0119,sweep:CubSec/Student
16,3016,1,0,CubSec,Student,0,0.1885,sweep:CubSec/Student
16,3016,1,1,Clayton,Clayton,1,0.1972,sweep:CubSec/Student
17,3017,0,0,Student,Student,1,0.2199,indep
17,3017,0,1,CubSec,GH,0,0.0786,indep
17,3017,1,0,CubSec,GH,0,0.0805,indep
17,3017,1,1,Clayton,Clayton,1,0.1649,indep
18,3018,0,0,Student,Student,1,0.2512,indep
18,3018,0,1,CubSec,Student,0,0.1585,indep
18,3018,1,0,CubSec,Student,0,0.0542,indep
18,3018,1,1,Clayton,Clayton,1,0.1570,indep
19,3019,0,0,Student,Student,1,0.2753,sweep:CubSec/GH
19,3019,0,1,CubSec,CubSec,1,0.1473,sweep:CubSec/GH
19,3019,1,0,CubSec,Clayton,0,0.0935,sweep:CubSec/GH
19,3019,1,1,Clayton,Clayton,1,0.1995,sweep:CubSec/GH
20,3020,0,0,Student,Student,1,0.2333,indep
20,3020,0,1,CubSec,CubSec,1,0.0509,indep
20,3020,1,0,CubSec,GH,0,0.1222,indep
20,3020,1,1,Clayton,Clayton,1,0.1043,indep
21,3021,0,0,Student,Student,1,0.1861,sweep:Student/Clayton
21,3021,0,1,CubSec,CubSec,1,0.1370,sweep:Student/Clayton
21,3021,1,0,CubSec,Clayton,0,0.1029,sweep:Student/Clayton
21,3021,1,1,Clayton,Clayton,1,0.1855,sweep:Student/Clayton
22,3022,0,0,Student,Student,1,0.2368,kmeans
22,3022,0,1,CubSec,CubSec,1,0.1583,kmeans
22,3022,1,0,CubSec,CubSec,1,0.1576,kmeans
22,3022,1,1,Clayton,Clayton,1,0.2034,kmeans
23,3023,0,0,Student,Student,1,0.2470,sweep:Student/CubSec
23,3023,0,1,CubSec,Clayton,0,0.1261,sweep:Student/CubSec
23,3023,1,0,CubSec,CubSec,1,0.1245,sweep:Student/CubSec
23,3023,1,1,Clayton,Clayton,1,0.1904,sweep:Student/CubSec
24,3024,0,0,Student,Student,1,0.2533,sweep:CubSec/Student
24,3024,0,1,CubSec,CubSec,1,0.1194,sweep:CubSec/Student
24,3024,1,0,CubSec,CubSec,1,0.1639,sweep:CubSec/Student
24,3024,1,1,Clayton,Clayton,1,0.1866,sweep:CubSec/Student
25,3025,0,0,Student,Student,1,0.2176,indep
25,3025,0,1,CubSec,CubSec,1,0.1222,indep
25,3025,1,0,CubSec,CubSec,1,0.1072,indep
25,3025,1,1,Clayton,Clayton,1,0.1703,indep
26,3026,0,0,Student,Student,1,0.2068,kmeans
26,3026,0,1,CubSec,CubSec,1,0.1374,kmeans
26,3026,1,0,CubSec,CubSec,1,0.1622,kmeans
26,3026,1,1,Clayton,Clayton,1,0.2104,kmeans
27,3027,0,0,Student,Student,1,0.1652,indep
27,3027,0,1,CubSec,Clayton,0,0.0222,indep
27,3027,1,0,CubSec,CubSec,1,0.1504,indep
27,3027,1,1,Clayton,Clayton,1,0.1768,indep
28,3028,0,0,Student,Student,1,0.2511,sweep:Student/Clayton
28,3028,0,1,CubSec,CubSec,1,0.1342,sweep:Student/Clayton
28,3028,1,0,CubSec,Clayton,0,0.2457,sweep:Student/Clayton
28,3028,1,1,Clayton,Clayton,1,0.2166,sweep:Student/Clayton
29,3029,0,0,Student,Student,1,0.3041,sweep:Student/Student
29,3029,0,1,CubSec,CubSec,1,0.1077,sweep:Student/Student
29,3029,1,0,CubSec,Clayton,0,0.1465,sweep:Student/Student
29,3029,1,1,Clayton,Clayton,1,0.2098,sweep:Student/Student
