"# CSDA 2013 (Derrode & Pieczynski, doi:10.1016/j.csda.2013.01.027) Tables 2-5 as printed: rows = tested (restoration) copula, columns = true (simulation) copula; mean error % and std"
table,tested,true,mean,std
2a,c0,c0,11.09,0.9
2a,c0,c1,14.30,1.2
2a,c0,c2,13.72,1.3
2a,c0,c3,13.90,1.2
2a,c0,c4,14.64,1.2
2a,c0,c5,14.73,1.2
2a,c0,c6,13.88,1.2
2a,c1,c0,11.28,0.9
2a,c1,c1,14.09,1.2
2a,c1,c2,13.81,1.4
2a,c1,c3,13.84,1.2
2a,c1,c4,14.39,1.3
2a,c1,c5,14.43,1.3
2a,c1,c6,13.78,1.3
2a,c2,c0,11.89,0.9
2a,c2,c1,14.65,1.2
2a,c2,c2,13.13,1.3
2a,c2,c3,14.03,1.2
2a,c2,c4,15.31,1.3
2a,c2,c5,15.60,1.2
2a,c2,c6,14.23,1.3
2a,c3,c0,11.71,0.9
2a,c3,c1,14.36,1.2
2a,c3,c2,13.59,1.3
2a,c3,c3,13.67,1.2
2a,c3,c4,14.93,1.3
2a,c3,c5,15.05,1.2
2a,c3,c6,14.38,1.3
2a,c4,c0,11.40,1.0
2a,c4,c1,14.13,1.2
2a,c4,c2,14.06,1.4
2a,c4,c3,13.95,1.2
2a,c4,c4,14.26,1.3
2a,c4,c5,14.28,1.3
2a,c4,c6,13.82,1.3
2a,c5,c0,11.69,1.0
2a,c5,c1,14.22,1.2
2a,c5,c2,14.51,1.4
2a,c5,c3,14.11,1.2
2a,c5,c4,14.34,1.3
2a,c5,c5,14.27,1.2
2a,c5,c6,13.94,1.3
2a,c6,c0,11.81,1.0
2a,c6,c1,14.39,1.2
2a,c6,c2,13.90,1.4
2a,c6,c3,14.46,1.2
2a,c6,c4,14.67,1.3
2a,c6,c5,14.83,1.3
2a,c6,c6,13.50,1.3
2b,c0,c0,8.54,0.7
2b,c0,c1,10.58,1.0
2b,c0,c2,10.89,1.0
2b,c0,c3,10.95,1.0
2b,c0,c4,10.87,0.9
2b,c0,c5,10.82,0.9
2b,c0,c6,10.46,1.0
2b,c1,c0,8.75,0.8
2b,c1,c1,10.26,1.0
2b,c1,c2,10.78,1.0
2b,c1,c3,10.75,1.0
2b,c1,c4,10.41,1.0
2b,c1,c5,10.33,0.9
2b,c1,c6,9.93,1.0
2b,c2,c0,9.12,0.8
2b,c2,c1,10.65,1.0
2b,c2,c2,10.18,0.9
2b,c2,c3,10.92,1.0
2b,c2,c4,11.04,1.0
2b,c2,c5,11.07,0.9
2b,c2,c6,10.12,1.0
2b,c3,c0,8.78,0.8
2b,c3,c1,10.36,1.0
2b,c3,c2,10.58,1.0
2b,c3,c3,10.57,0.9
2b,c3,c4,10.65,1.0
2b,c3,c5,10.63,0.9
2b,c3,c6,10.24,1.0
2b,c4,c0,8.81,0.8
2b,c4,c1,10.29,1.0
2b,c4,c2,10.86,1.0
2b,c4,c3,10.81,1.0
2b,c4,c4,10.33,1.0
2b,c4,c5,10.24,0.9
2b,c4,c6,9.93,0.9
2b,c5,c0,8.89,0.8
2b,c5,c1,10.33,1.0
2b,c5,c2,11.09,1.0
2b,c5,c3,10.88,1.0
2b,c5,c4,10.38,1.0
2b,c5,c5,10.22,0.9
2b,c5,c6,9.98,1.0
2b,c6,c0,9.17,0.8
2b,c6,c1,10.48,1.0
2b,c6,c2,10.73,1.0
2b,c6,c3,11.23,1.0
2b,c6,c4,10.69,0.9
2b,c6,c5,10.65,0.9
2b,c6,c6,9.73,0.9
3a,c0,c0,11.06,1.0
3a,c0,c1,26.27,2.2
3a,c0,c2,25.77,2.3
3a,c0,c3,26.27,2.5
3a,c0,c6,27.50,2.3
3a,c0,c7,25.63,2.2
3a,c0,c8,25.71,2.1
3a,c1,c0,41.55,1.1
3a,c1,c1,14.95,2.1
3a,c1,c2,17.84,2.2
3a,c1,c3,17.13,2.1
3a,c1,c6,19.43,2.5
3a,c1,c7,16.90,2.2
3a,c1,c8,16.70,2.2
3a,c2,c0,36.16,1.0
3a,c2,c1,16.01,2.1
3a,c2,c2,16.86,2.2
3a,c2,c3,15.69,2.0
3a,c2,c6,17.07,2.4
3a,c2,c7,16.27,2.1
3a,c2,c8,15.97,2.1
3a,c3,c0,40.50,1.0
3a,c3,c1,18.14,2.2
3a,c3,c2,18.98,2.4
3a,c3,c3,12.43,1.9
3a,c3,c6,29.37,2.7
3a,c3,c7,20.48,2.4
3a,c3,c8,15.78,2.2
3a,c6,c0,44.41,1.9
3a,c6,c1,21.09,2.3
3a,c6,c2,21.84,2.4
3a,c6,c3,27.97,2.4
3a,c6,c6,6.31,1.1
3a,c6,c7,18.68,2.2
3a,c6,c8,24.21,2.5
3a,c7,c0,37.97,1.0
3a,c7,c1,16.56,2.2
3a,c7,c2,17.64,2.2
3a,c7,c3,19.12,2.2
3a,c7,c6,13.62,2.1
3a,c7,c7,15.25,2.0
3a,c7,c8,17.55,2.3
3a,c8,c0,39.25,1.0
3a,c8,c1,16.59,2.1
3a,c8,c2,17.80,2.5
3a,c8,c3,13.71,1.9
3a,c8,c6,24.98,2.8
3a,c8,c7,17.94,2.3
3a,c8,c8,14.99,2.0
3b,c0,c0,8.69,0.7
3b,c0,c1,22.48,2.0
3b,c0,c2,21.94,2.2
3b,c0,c3,22.18,2.1
3b,c0,c6,23.45,2.3
3b,c0,c7,21.97,2.2
3b,c0,c8,21.95,2.2
3b,c1,c0,44.89,2.0
3b,c1,c1,13.37,1.8
3b,c1,c2,16.09,2.0
3b,c1,c3,19.39,2.2
3b,c1,c6,12.12,1.7
3b,c1,c7,14.05,1.9
3b,c1,c8,16.72,1.9
3b,c2,c0,31.04,2.0
3b,c2,c1,14.60,1.8
3b,c2,c2,14.91,2.0
3b,c2,c3,20.14,2.1
3b,c2,c6,9.23,1.3
3b,c2,c7,13.36,1.7
3b,c2,c8,16.72,1.9
3b,c3,c0,35.84,1.1
3b,c3,c1,15.71,1.9
3b,c3,c2,16.98,2.1
3b,c3,c3,18.03,2.1
3b,c3,c6,17.69,2.2
3b,c3,c7,15.87,2.0
3b,c3,c8,16.68,1.9
3b,c6,c0,45.64,2.9
3b,c6,c1,17.66,2.0
3b,c6,c2,17.32,1.9
3b,c6,c3,23.23,2.1
3b,c6,c6,6.71,1.1
3b,c6,c7,14.85,1.8
3b,c6,c8,20.08,2.1
3b,c7,c0,37.56,2.0
3b,c7,c1,14.59,1.8
3b,c7,c2,15.24,1.9
3b,c7,c3,20.56,2.1
3b,c7,c6,8.60,1.2
3b,c7,c7,13.09,1.7
3b,c7,c8,16.98,1.9
3b,c8,c0,35.46,1.4
3b,c8,c1,14.43,1.8
3b,c8,c2,15.62,2.0
3b,c8,c3,18.75,2.2
3b,c8,c6,12.97,1.7
3b,c8,c7,13.87,1.8
3b,c8,c8,16.05,1.9
4a,c0,c0,17.11,0.8
4a,c0,c1,19.79,0.8
4a,c0,c2,18.48,0.8
4a,c0,c3,19.30,0.7
4a,c0,c4,20.42,0.8
4a,c0,c5,20.60,0.8
4a,c0,c6,19.20,0.8
4a,c1,c0,17.18,0.7
4a,c1,c1,19.74,0.8
4a,c1,c2,18.56,0.8
4a,c1,c3,19.34,0.7
4a,c1,c4,20.32,0.8
4a,c1,c5,20.49,0.8
4a,c1,c6,19.15,0.8
4a,c2,c0,17.12,0.8
4a,c2,c1,19.78,0.8
4a,c2,c2,18.45,0.7
4a,c2,c3,19.27,0.7
4a,c2,c4,20.37,0.8
4a,c2,c5,20.60,0.8
4a,c2,c6,19.20,0.8
4a,c3,c0,17.26,0.7
4a,c3,c1,19.86,0.8
4a,c3,c2,18.57,0.7
4a,c3,c3,19.29,0.7
4a,c3,c4,20.47,0.8
4a,c3,c5,20.65,0.8
4a,c3,c6,19.48,0.8
4a,c4,c0,17.30,0.7
4a,c4,c1,19.75,0.8
4a,c4,c2,18.63,0.8
4a,c4,c3,19.41,0.7
4a,c4,c4,20.31,0.8
4a,c4,c5,20.44,0.8
4a,c4,c6,19.17,0.8
4a,c5,c0,17.56,0.7
4a,c5,c1,19.83,0.8
4a,c5,c2,18.94,0.8
4a,c5,c3,19.55,0.7
4a,c5,c4,20.35,0.8
4a,c5,c5,20.43,0.8
4a,c5,c6,19.26,0.8
4a,c6,c0,17.35,0.7
4a,c6,c1,19.78,0.8
4a,c6,c2,18.70,0.8
4a,c6,c3,19.62,0.8
4a,c6,c4,20.31,0.8
4a,c6,c5,20.46,0.8
4a,c6,c6,18.89,0.8
4b,c0,c0,16.99,0.7
4b,c0,c1,19.22,0.7
4b,c0,c2,18.54,0.7
4b,c0,c3,18.78,0.6
4b,c0,c4,19.51,0.6
4b,c0,c5,19.63,0.7
4b,c0,c6,19.23,0.6
4b,c1,c0,17.43,0.6
4b,c1,c1,18.74,0.6
4b,c1,c2,18.45,0.6
4b,c1,c3,18.65,0.6
4b,c1,c4,18.84,0.6
4b,c1,c5,18.91,0.6
4b,c1,c6,18.67,0.6
4b,c2,c0,17.40,0.7
4b,c2,c1,19.06,0.6
4b,c2,c2,18.08,0.7
4b,c2,c3,18.82,0.6
4b,c2,c4,19.29,0.6
4b,c2,c5,19.48,0.6
4b,c2,c6,18.78,0.7
4b,c3,c0,17.18,0.6
4b,c3,c1,18.82,0.6
4b,c3,c2,18.33,0.6
4b,c3,c3,18.58,0.6
4b,c3,c4,18.94,0.6
4b,c3,c5,19.06,0.6
4b,c3,c6,18.78,0.6
4b,c4,c0,17.65,0.7
4b,c4,c1,18.74,0.6
4b,c4,c2,18.56,0.6
4b,c4,c3,18.73,0.6
4b,c4,c4,18.78,0.6
4b,c4,c5,18.83,0.6
4b,c4,c6,18.73,0.6
4b,c5,c0,17.74,0.7
4b,c5,c1,18.80,0.7
4b,c5,c2,18.74,0.6
4b,c5,c3,18.77,0.6
4b,c5,c4,18.82,0.6
4b,c5,c5,18.84,0.6
4b,c5,c6,18.81,0.6
4b,c6,c0,17.75,0.7
4b,c6,c1,18.90,0.6
4b,c6,c2,18.36,0.6
4b,c6,c3,18.96,0.6
4b,c6,c4,19.06,0.6
4b,c6,c5,19.20,0.6
4b,c6,c6,18.49,0.6
5a,c0,c0,17.06,0.8
5a,c0,c1,24.33,0.7
5a,c0,c2,23.99,0.7
5a,c0,c3,24.30,0.7
5a,c0,c6,24.95,0.7
5a,c0,c7,23.97,0.8
5a,c0,c8,24.12,0.7
5a,c1,c0,29.90,0.8
5a,c1,c1,22.47,0.7
5a,c1,c2,22.59,0.7
5a,c1,c3,22.41,0.6
5a,c1,c6,22.52,0.7
5a,c1,c7,22.93,0.7
5a,c1,c8,22.67,0.7
5a,c2,c0,20.25,0.8
5a,c2,c1,22.66,0.7
5a,c2,c2,22.09,0.7
5a,c2,c3,22.25,0.7
5a,c2,c6,22.99,0.7
5a,c2,c7,22.49,0.7
5a,c2,c8,22.29,0.7
5a,c3,c0,25.60,0.8
5a,c3,c1,23.30,0.7
5a,c3,c2,22.76,0.8
5a,c3,c3,21.80,0.8
5a,c3,c6,25.72,0.8
5a,c3,c7,23.47,0.8
5a,c3,c8,22.43,0.7
5a,c6,c0,29.13,1.0
5a,c6,c1,25.73,0.8
5a,c6,c2,24.93,0.8
5a,c6,c3,27.38,0.8
5a,c6,c6,19.50,0.8
5a,c6,c7,24.49,0.8
5a,c6,c8,26.19,0.8
5a,c7,c0,20.11,0.8
5a,c7,c1,22.75,0.7
5a,c7,c2,22.21,0.7
5a,c7,c3,22.76,0.7
5a,c7,c6,22.08,0.7
5a,c7,c7,22.38,0.7
5a,c7,c8,22.61,0.7
5a,c8,c0,21.52,0.7
5a,c8,c1,22.81,0.7
5a,c8,c2,22.26,0.7
5a,c8,c3,21.93,0.7
5a,c8,c6,24.28,0.7
5a,c8,c7,22.78,0.7
5a,c8,c8,22.19,0.7
5b,c0,c0,17.04,0.6
5b,c0,c1,23.75,0.6
5b,c0,c2,23.54,0.6
5b,c0,c3,23.70,0.6
5b,c0,c6,24.06,0.6
5b,c0,c7,23.58,0.6
5b,c0,c8,23.57,0.6
5b,c1,c0,26.64,0.9
5b,c1,c1,12.02,0.6
5b,c1,c2,11.14,0.6
5b,c1,c3,11.24,0.7
5b,c1,c6,12.89,0.6
5b,c1,c7,11.69,0.6
5b,c1,c8,11.35,0.7
5b,c2,c0,26.26,0.9
5b,c2,c1,12.25,0.7
5b,c2,c2,10.73,0.6
5b,c2,c3,10.36,0.7
5b,c2,c6,13.37,0.6
5b,c2,c7,11.44,0.6
5b,c2,c8,10.72,0.7
5b,c3,c0,27.36,0.9
5b,c3,c1,12.52,0.7
5b,c3,c2,10.93,0.6
5b,c3,c3,10.07,0.7
5b,c3,c6,14.05,0.6
5b,c3,c7,11.78,0.6
5b,c3,c8,10.74,0.7
5b,c6,c0,28.97,1.0
5b,c6,c1,14.36,0.6
5b,c6,c2,13.43,0.6
5b,c6,c3,15.15,0.6
5b,c6,c6,10.94,0.5
5b,c6,c7,13.25,0.6
5b,c6,c8,14.31,0.6
5b,c7,c0,26.51,0.9
5b,c7,c1,12.29,0.7
5b,c7,c2,10.81,0.6
5b,c7,c3,10.83,0.7
5b,c7,c6,12.98,0.6
5b,c7,c7,11.34,0.6
5b,c7,c8,10.94,0.7
5b,c8,c0,26.78,0.9
5b,c8,c1,12.30,0.7
5b,c8,c2,10.78,0.6
5b,c8,c3,10.17,0.7
5b,c8,c6,13.72,0.6
5b,c8,c7,11.54,0.6
5b,c8,c8,10.67,0.7
