study,method,h,n,rmse,mse,mae,crps,crps_gauss,cov50,cov80,cov95,w95
aotizhongxin,hmc_in_K3|raw+gate,1,90,0.590893,0.349155,0.474759,0.333597,0.331322,0.411111,0.755556,0.922222,2.3653
aotizhongxin,hmc_in_K3|raw+gate,2,89,0.709787,0.503798,0.57228,0.403458,0.40271,0.337079,0.730337,0.910112,2.65918
aotizhongxin,hmc_in_K3|raw+gate,3,89,0.80045,0.64072,0.645229,0.448992,0.452624,0.393258,0.696629,0.865169,2.82885
aotizhongxin,hmc_in_K3|raw+gate,4,90,0.902085,0.813758,0.744401,0.512214,0.51762,0.344444,0.633333,0.866667,2.95929
aotizhongxin,hmc_in_K3|raw+gate,5,88,1.03417,1.0695,0.859812,0.591858,0.600565,0.261364,0.625,0.818182,3.09255
aotizhongxin,hmc_in_K3|raw+gate,6,90,1.08729,1.18219,0.904028,0.623887,0.633875,0.266667,0.611111,0.8,3.18192
aotizhongxin,hmc_in_K3|raw+gate,7,91,1.11314,1.23908,0.956719,0.64984,0.661181,0.274725,0.571429,0.846154,3.29539
aotizhongxin,hmc_in_K3|raw+gate,8,90,1.15359,1.33078,0.978719,0.67175,0.683223,0.277778,0.566667,0.844444,3.39071
aotizhongxin,hmc_in_K3|raw+gate,9,90,1.14191,1.30396,0.986602,0.659934,0.675582,0.277778,0.555556,0.877778,3.46109
aotizhongxin,hmc_in_K3|raw+gate,10,89,1.14976,1.32195,1.00358,0.667201,0.682657,0.235955,0.595506,0.88764,3.51415
aotizhongxin,hmc_in_K3|raw+gate,11,90,1.11519,1.24366,0.936353,0.637054,0.650781,0.355556,0.577778,0.877778,3.55804
aotizhongxin,hmc_in_K3|raw+gate,12,90,1.11475,1.24267,0.933964,0.631815,0.643243,0.344444,0.644444,0.888889,3.59296
aotizhongxin,hmc_in_K3|raw+gate,13,91,1.03699,1.07534,0.87329,0.590384,0.599866,0.373626,0.714286,0.901099,3.62056
aotizhongxin,hmc_in_K3|raw+gate,14,90,1.06125,1.12625,0.878798,0.606527,0.611196,0.4,0.733333,0.888889,3.64619
aotizhongxin,hmc_in_K3|raw+gate,15,91,1.03488,1.07098,0.879025,0.594317,0.598807,0.395604,0.758242,0.901099,3.66556
aotizhongxin,hmc_in_K3|raw+gate,16,91,1.07062,1.14624,0.894541,0.612929,0.615826,0.417582,0.758242,0.901099,3.68326
aotizhongxin,hmc_in_K3|raw+gate,17,90,1.03119,1.06335,0.851125,0.592506,0.590423,0.444444,0.777778,0.888889,3.6996
aotizhongxin,hmc_in_K3|raw+gate,18,90,1.04343,1.08875,0.868226,0.601529,0.601032,0.411111,0.755556,0.922222,3.71382
aotizhongxin,hmc_in_K3|raw+gate,19,90,1.06751,1.13958,0.899884,0.621555,0.621726,0.4,0.733333,0.933333,3.72233
aotizhongxin,hmc_in_K3|raw+gate,20,91,1.11736,1.2485,0.951291,0.65318,0.653508,0.351648,0.714286,0.912088,3.73344
aotizhongxin,hmc_in_K3|raw+gate,21,90,1.04945,1.10135,0.908851,0.618035,0.615781,0.388889,0.722222,0.966667,3.74397
aotizhongxin,hmc_in_K3|raw+gate,22,89,1.17187,1.37327,0.988931,0.689436,0.685616,0.337079,0.752809,0.898876,3.75326
aotizhongxin,hmc_in_K3|raw+gate,23,88,1.15829,1.34164,0.996037,0.683241,0.682696,0.386364,0.715909,0.909091,3.75919
aotizhongxin,hmc_in_K3|raw+gate,24,90,1.20675,1.45625,1.02121,0.707391,0.707041,0.377778,0.722222,0.888889,3.76452
aotizhongxin,hmc_in_K3|raw,1,90,0.590893,0.349155,0.474759,0.333597,0.331322,0.411111,0.755556,0.922222,2.3653
aotizhongxin,hmc_in_K3|raw,2,89,0.709787,0.503798,0.57228,0.403458,0.40271,0.337079,0.730337,0.910112,2.65918
aotizhongxin,hmc_in_K3|raw,3,89,0.80045,0.64072,0.645229,0.448992,0.452624,0.393258,0.696629,0.865169,2.82885
aotizhongxin,hmc_in_K3|raw,4,90,0.902085,0.813758,0.744401,0.512214,0.51762,0.344444,0.633333,0.866667,2.95929
aotizhongxin,hmc_in_K3|raw,5,88,1.03417,1.0695,0.859812,0.591858,0.600565,0.261364,0.625,0.818182,3.09255
aotizhongxin,hmc_in_K3|raw,6,90,1.08729,1.18219,0.904028,0.623887,0.633875,0.266667,0.611111,0.8,3.18192
aotizhongxin,hmc_in_K3|raw,7,91,1.11314,1.23908,0.956719,0.64984,0.661181,0.274725,0.571429,0.846154,3.29539
aotizhongxin,hmc_in_K3|raw,8,90,1.15359,1.33078,0.978719,0.67175,0.683223,0.277778,0.566667,0.844444,3.39071
aotizhongxin,hmc_in_K3|raw,9,90,1.14191,1.30396,0.986602,0.659934,0.675582,0.277778,0.555556,0.877778,3.46109
aotizhongxin,hmc_in_K3|raw,10,89,1.14976,1.32195,1.00358,0.667201,0.682657,0.235955,0.595506,0.88764,3.51415
aotizhongxin,hmc_in_K3|raw,11,90,1.11519,1.24366,0.936353,0.637054,0.650781,0.355556,0.577778,0.877778,3.55804
aotizhongxin,hmc_in_K3|raw,12,90,1.11475,1.24267,0.933964,0.631815,0.643243,0.344444,0.644444,0.888889,3.59296
aotizhongxin,hmc_in_K3|raw,13,91,1.03699,1.07534,0.87329,0.590384,0.599866,0.373626,0.714286,0.901099,3.62056
aotizhongxin,hmc_in_K3|raw,14,90,1.06125,1.12625,0.878798,0.606527,0.611196,0.4,0.733333,0.888889,3.64619
aotizhongxin,hmc_in_K3|raw,15,91,1.03488,1.07098,0.879025,0.594317,0.598807,0.395604,0.758242,0.901099,3.66556
aotizhongxin,hmc_in_K3|raw,16,91,1.07062,1.14624,0.894541,0.612929,0.615826,0.417582,0.758242,0.901099,3.68326
aotizhongxin,hmc_in_K3|raw,17,90,1.03119,1.06335,0.851125,0.592506,0.590423,0.444444,0.777778,0.888889,3.6996
aotizhongxin,hmc_in_K3|raw,18,90,1.04343,1.08875,0.868226,0.601529,0.601032,0.411111,0.755556,0.922222,3.71382
aotizhongxin,hmc_in_K3|raw,19,90,1.06751,1.13958,0.899884,0.621555,0.621726,0.4,0.733333,0.933333,3.72233
aotizhongxin,hmc_in_K3|raw,20,91,1.11736,1.2485,0.951291,0.65318,0.653508,0.351648,0.714286,0.912088,3.73344
aotizhongxin,hmc_in_K3|raw,21,90,1.04945,1.10135,0.908851,0.618035,0.615781,0.388889,0.722222,0.966667,3.74397
aotizhongxin,hmc_in_K3|raw,22,89,1.17187,1.37327,0.988931,0.689436,0.685616,0.337079,0.752809,0.898876,3.75326
aotizhongxin,hmc_in_K3|raw,23,88,1.15829,1.34164,0.996037,0.683241,0.682696,0.386364,0.715909,0.909091,3.75919
aotizhongxin,hmc_in_K3|raw,24,90,1.20675,1.45625,1.02121,0.707391,0.707041,0.377778,0.722222,0.888889,3.76452
aotizhongxin,hmc_in_K3|robust+gate,1,90,0.590838,0.34909,0.474852,0.33375,0.331481,0.411111,0.755556,0.922222,2.3526
aotizhongxin,hmc_in_K3|robust+gate,2,89,0.709839,0.503872,0.572346,0.403732,0.403142,0.325843,0.730337,0.910112,2.64084
aotizhongxin,hmc_in_K3|robust+gate,3,89,0.800689,0.641102,0.645194,0.449401,0.453196,0.393258,0.685393,0.865169,2.80342
aotizhongxin,hmc_in_K3|robust+gate,4,90,0.902332,0.814204,0.744013,0.512826,0.518361,0.344444,0.633333,0.844444,2.925
aotizhongxin,hmc_in_K3|robust+gate,5,88,1.03456,1.07031,0.859527,0.592619,0.601473,0.261364,0.613636,0.818182,3.05148
aotizhongxin,hmc_in_K3|robust+gate,6,90,1.08788,1.18349,0.903855,0.624901,0.63502,0.266667,0.611111,0.8,3.12957
aotizhongxin,hmc_in_K3|robust+gate,7,91,1.11323,1.23928,0.956211,0.650735,0.66218,0.274725,0.571429,0.835165,3.23248
aotizhongxin,hmc_in_K3|robust+gate,8,90,1.15379,1.33123,0.977912,0.672685,0.684154,0.277778,0.555556,0.844444,3.33435
aotizhongxin,hmc_in_K3|robust+gate,9,90,1.14246,1.30522,0.986177,0.660999,0.676628,0.266667,0.555556,0.877778,3.41443
aotizhongxin,hmc_in_K3|robust+gate,10,89,1.15024,1.32305,1.00351,0.668245,0.68366,0.235955,0.58427,0.865169,3.47365
aotizhongxin,hmc_in_K3|robust+gate,11,90,1.11544,1.24422,0.935563,0.637974,0.65154,0.355556,0.577778,0.877778,3.5223
aotizhongxin,hmc_in_K3|robust+gate,12,90,1.11445,1.24199,0.932717,0.632288,0.64358,0.344444,0.633333,0.877778,3.56043
aotizhongxin,hmc_in_K3|robust+gate,13,91,1.03629,1.0739,0.871834,0.590481,0.599751,0.373626,0.714286,0.901099,3.59031
aotizhongxin,hmc_in_K3|robust+gate,14,90,1.06059,1.12486,0.877643,0.606634,0.611112,0.4,0.733333,0.888889,3.618
aotizhongxin,hmc_in_K3|robust+gate,15,91,1.03391,1.06897,0.877352,0.594125,0.59845,0.384615,0.747253,0.901099,3.63877
aotizhongxin,hmc_in_K3|robust+gate,16,91,1.06974,1.14435,0.893387,0.612814,0.615541,0.417582,0.758242,0.901099,3.65774
aotizhongxin,hmc_in_K3|robust+gate,17,90,1.03052,1.06198,0.850355,0.592586,0.590324,0.444444,0.766667,0.888889,3.67517
aotizhongxin,hmc_in_K3|robust+gate,18,90,1.04306,1.08797,0.868066,0.60182,0.601189,0.411111,0.755556,0.911111,3.69046
aotizhongxin,hmc_in_K3|robust+gate,19,90,1.06714,1.13879,0.898367,0.621732,0.621761,0.4,0.733333,0.933333,3.69953
aotizhongxin,hmc_in_K3|robust+gate,20,91,1.11674,1.24711,0.950098,0.653372,0.653618,0.351648,0.714286,0.912088,3.71135
aotizhongxin,hmc_in_K3|robust+gate,21,90,1.04946,1.10136,0.908341,0.618437,0.616121,0.388889,0.722222,0.966667,3.72263
aotizhongxin,hmc_in_K3|robust+gate,22,89,1.17188,1.37331,0.989492,0.690174,0.68625,0.337079,0.741573,0.898876,3.73258
aotizhongxin,hmc_in_K3|robust+gate,23,88,1.15889,1.34302,0.996821,0.684296,0.683658,0.386364,0.715909,0.909091,3.73894
aotizhongxin,hmc_in_K3|robust+gate,24,90,1.20725,1.45746,1.02213,0.708581,0.708165,0.377778,0.711111,0.888889,3.74458
aotizhongxin,hmc_in_K3|robust,1,90,0.590838,0.34909,0.474852,0.33375,0.331481,0.411111,0.755556,0.922222,2.3526
aotizhongxin,hmc_in_K3|robust,2,89,0.709839,0.503872,0.572346,0.403732,0.403142,0.325843,0.730337,0.910112,2.64084
aotizhongxin,hmc_in_K3|robust,3,89,0.800689,0.641102,0.645194,0.449401,0.453196,0.393258,0.685393,0.865169,2.80342
aotizhongxin,hmc_in_K3|robust,4,90,0.902332,0.814204,0.744013,0.512826,0.518361,0.344444,0.633333,0.844444,2.925
aotizhongxin,hmc_in_K3|robust,5,88,1.03456,1.07031,0.859527,0.592619,0.601473,0.261364,0.613636,0.818182,3.05148
aotizhongxin,hmc_in_K3|robust,6,90,1.08788,1.18349,0.903855,0.624901,0.63502,0.266667,0.611111,0.8,3.12957
aotizhongxin,hmc_in_K3|robust,7,91,1.11323,1.23928,0.956211,0.650735,0.66218,0.274725,0.571429,0.835165,3.23248
aotizhongxin,hmc_in_K3|robust,8,90,1.15379,1.33123,0.977912,0.672685,0.684154,0.277778,0.555556,0.844444,3.33435
aotizhongxin,hmc_in_K3|robust,9,90,1.14246,1.30522,0.986177,0.660999,0.676628,0.266667,0.555556,0.877778,3.41443
aotizhongxin,hmc_in_K3|robust,10,89,1.15024,1.32305,1.00351,0.668245,0.683659,0.235955,0.58427,0.865169,3.47365
aotizhongxin,hmc_in_K3|robust,11,90,1.11544,1.24422,0.935563,0.637974,0.65154,0.355556,0.577778,0.877778,3.5223
aotizhongxin,hmc_in_K3|robust,12,90,1.11445,1.24199,0.932717,0.632288,0.64358,0.344444,0.633333,0.877778,3.56043
aotizhongxin,hmc_in_K3|robust,13,91,1.03629,1.0739,0.871834,0.590481,0.599751,0.373626,0.714286,0.901099,3.59031
aotizhongxin,hmc_in_K3|robust,14,90,1.06059,1.12486,0.877643,0.606634,0.611112,0.4,0.733333,0.888889,3.618
aotizhongxin,hmc_in_K3|robust,15,91,1.03391,1.06897,0.877352,0.594125,0.59845,0.384615,0.747253,0.901099,3.63877
aotizhongxin,hmc_in_K3|robust,16,91,1.06974,1.14435,0.893387,0.612814,0.615541,0.417582,0.758242,0.901099,3.65774
aotizhongxin,hmc_in_K3|robust,17,90,1.03052,1.06198,0.850355,0.592586,0.590324,0.444444,0.766667,0.888889,3.67517
aotizhongxin,hmc_in_K3|robust,18,90,1.04306,1.08797,0.868066,0.60182,0.601189,0.411111,0.755556,0.911111,3.69046
aotizhongxin,hmc_in_K3|robust,19,90,1.06714,1.13879,0.898367,0.621732,0.621761,0.4,0.733333,0.933333,3.69953
aotizhongxin,hmc_in_K3|robust,20,91,1.11674,1.24711,0.950098,0.653372,0.653618,0.351648,0.714286,0.912088,3.71135
aotizhongxin,hmc_in_K3|robust,21,90,1.04946,1.10136,0.908341,0.618437,0.616121,0.388889,0.722222,0.966667,3.72263
aotizhongxin,hmc_in_K3|robust,22,89,1.17188,1.37331,0.989492,0.690174,0.68625,0.337079,0.741573,0.898876,3.73258
aotizhongxin,hmc_in_K3|robust,23,88,1.15889,1.34302,0.996821,0.684296,0.683658,0.386364,0.715909,0.909091,3.73894
aotizhongxin,hmc_in_K3|robust,24,90,1.20725,1.45746,1.02213,0.708581,0.708165,0.377778,0.711111,0.888889,3.74458
mote20,hmc_in_K3|raw+gate,1,106,1.31711,1.73477,1.04966,0.7376,0.733073,0.433962,0.764151,0.943396,4.80905
mote20,hmc_in_K3|raw+gate,2,109,1.29585,1.67921,1.03431,0.723847,0.719748,0.431193,0.798165,0.93578,4.81584
mote20,hmc_in_K3|raw+gate,3,105,1.34242,1.80209,1.05969,0.747378,0.74304,0.466667,0.780952,0.933333,4.89473
mote20,hmc_in_K3|raw+gate,4,108,1.37264,1.88414,1.1018,0.765715,0.761615,0.416667,0.777778,0.925926,4.85607
mote20,hmc_in_K3|raw+gate,5,98,1.33043,1.77004,1.06305,0.742679,0.738152,0.459184,0.77551,0.938776,4.89497
mote20,hmc_in_K3|raw+gate,7,106,1.37608,1.8936,1.0979,0.769824,0.765872,0.424528,0.764151,0.924528,4.97073
mote20,hmc_in_K3|raw+gate,9,105,1.31656,1.73334,1.04751,0.735854,0.732078,0.447619,0.761905,0.942857,5.01463
mote20,hmc_in_K3|raw+gate,10,109,1.35728,1.84222,1.08358,0.756492,0.753961,0.431193,0.752294,0.926606,5.00591
mote20,hmc_in_K3|raw+gate,11,106,1.35608,1.83897,1.08588,0.760518,0.756352,0.415094,0.764151,0.933962,5.05838
mote20,hmc_in_K3|raw+gate,12,97,1.34531,1.80986,1.06305,0.747626,0.745135,0.443299,0.793814,0.927835,5.08574
mote20,hmc_in_K3|raw+gate,13,107,1.38934,1.93027,1.09786,0.777467,0.77414,0.439252,0.747664,0.925234,5.14633
mote20,hmc_in_K3|raw+gate,14,105,1.34795,1.81698,1.06803,0.755118,0.752775,0.428571,0.761905,0.942857,5.16749
mote20,hmc_in_K3|raw+gate,15,103,1.39776,1.95374,1.1211,0.786921,0.783565,0.407767,0.757282,0.932039,5.22264
mote20,hmc_in_K3|raw+gate,16,109,1.36158,1.85389,1.08013,0.76391,0.760591,0.449541,0.770642,0.93578,5.27337
mote20,hmc_in_K3|raw+gate,17,104,1.33474,1.78153,1.05889,0.747322,0.743389,0.442308,0.807692,0.932692,5.28276
mote20,hmc_in_K3|raw+gate,18,108,1.33408,1.77977,1.03772,0.739313,0.738056,0.472222,0.824074,0.935185,5.3678
mote20,hmc_in_K3|raw+gate,19,99,1.34865,1.81886,1.05208,0.750231,0.748314,0.454545,0.787879,0.929293,5.35412
mote20,hmc_in_K3|raw+gate,20,97,1.40475,1.97333,1.11229,0.79,0.78595,0.412371,0.773196,0.938144,5.44313
mote20,hmc_in_K3|raw+gate,22,103,1.37559,1.89226,1.07097,0.7639,0.765201,0.446602,0.796117,0.932039,5.56154
mote20,hmc_in_K3|raw+gate,23,107,1.42221,2.02269,1.11809,0.795479,0.794431,0.429907,0.785047,0.925234,5.60935
mote20,hmc_in_K3|raw+gate,24,111,1.41665,2.00689,1.11934,0.794501,0.7922,0.432432,0.774775,0.936937,5.6741
mote20,hmc_in_K3|raw+gate,6,102,1.33677,1.78695,1.05522,0.74206,0.737922,0.45098,0.784314,0.931373,4.9082
mote20,hmc_in_K3|raw+gate,8,104,1.38326,1.91341,1.09636,0.77178,0.768077,0.423077,0.75,0.923077,4.97599
mote20,hmc_in_K3|raw+gate,21,100,1.34137,1.79928,1.04971,0.753186,0.748816,0.48,0.79,0.95,5.4747
mote20,hmc_in_K3|raw,1,106,1.31711,1.73477,1.04966,0.7376,0.733073,0.433962,0.764151,0.943396,4.80905
mote20,hmc_in_K3|raw,2,109,1.29585,1.67921,1.03431,0.723847,0.719748,0.431193,0.798165,0.93578,4.81584
mote20,hmc_in_K3|raw,3,105,1.34242,1.80209,1.05969,0.747378,0.74304,0.466667,0.780952,0.933333,4.89473
mote20,hmc_in_K3|raw,4,108,1.37264,1.88414,1.1018,0.765715,0.761615,0.416667,0.777778,0.925926,4.85607
mote20,hmc_in_K3|raw,5,98,1.33043,1.77004,1.06305,0.742679,0.738152,0.459184,0.77551,0.938776,4.89497
mote20,hmc_in_K3|raw,7,106,1.37608,1.8936,1.0979,0.769824,0.765872,0.424528,0.764151,0.924528,4.97073
mote20,hmc_in_K3|raw,9,105,1.31656,1.73334,1.04751,0.735854,0.732078,0.447619,0.761905,0.942857,5.01463
mote20,hmc_in_K3|raw,10,109,1.35728,1.84222,1.08358,0.756492,0.753961,0.431193,0.752294,0.926606,5.00591
mote20,hmc_in_K3|raw,11,106,1.35608,1.83897,1.08588,0.760518,0.756352,0.415094,0.764151,0.933962,5.05838
mote20,hmc_in_K3|raw,12,97,1.34531,1.80986,1.06305,0.747626,0.745135,0.443299,0.793814,0.927835,5.08574
mote20,hmc_in_K3|raw,13,107,1.38934,1.93027,1.09786,0.777467,0.77414,0.439252,0.747664,0.925234,5.14633
mote20,hmc_in_K3|raw,14,105,1.34795,1.81698,1.06803,0.755118,0.752775,0.428571,0.761905,0.942857,5.16749
mote20,hmc_in_K3|raw,15,103,1.39776,1.95374,1.1211,0.786921,0.783565,0.407767,0.757282,0.932039,5.22264
mote20,hmc_in_K3|raw,16,109,1.36158,1.85389,1.08013,0.76391,0.760591,0.449541,0.770642,0.93578,5.27337
mote20,hmc_in_K3|raw,17,104,1.33474,1.78153,1.05889,0.747322,0.743389,0.442308,0.807692,0.932692,5.28276
mote20,hmc_in_K3|raw,18,108,1.33408,1.77977,1.03772,0.739313,0.738056,0.472222,0.824074,0.935185,5.3678
mote20,hmc_in_K3|raw,19,99,1.34865,1.81886,1.05208,0.750231,0.748314,0.454545,0.787879,0.929293,5.35412
mote20,hmc_in_K3|raw,20,97,1.40475,1.97333,1.11229,0.79,0.78595,0.412371,0.773196,0.938144,5.44313
mote20,hmc_in_K3|raw,22,103,1.37559,1.89226,1.07097,0.7639,0.765201,0.446602,0.796117,0.932039,5.56154
mote20,hmc_in_K3|raw,23,107,1.42221,2.02269,1.11809,0.795479,0.794431,0.429907,0.785047,0.925234,5.60935
mote20,hmc_in_K3|raw,24,111,1.41665,2.00689,1.11934,0.794501,0.7922,0.432432,0.774775,0.936937,5.6741
mote20,hmc_in_K3|raw,6,102,1.33677,1.78695,1.05522,0.74206,0.737922,0.45098,0.784314,0.931373,4.9082
mote20,hmc_in_K3|raw,8,104,1.38326,1.91341,1.09636,0.77178,0.768077,0.423077,0.75,0.923077,4.97599
mote20,hmc_in_K3|raw,21,100,1.34137,1.79928,1.04971,0.753186,0.748816,0.48,0.79,0.95,5.4747
mote20,hmc_in_K3|robust+gate,1,106,1.33494,1.78208,1.05124,0.753805,0.748854,0.415094,0.707547,0.886792,4.17097
mote20,hmc_in_K3|robust+gate,2,109,1.32185,1.74729,1.04541,0.746931,0.744625,0.385321,0.706422,0.899083,4.14511
mote20,hmc_in_K3|robust+gate,3,105,1.36343,1.85895,1.06648,0.766533,0.761334,0.409524,0.695238,0.895238,4.23359
mote20,hmc_in_K3|robust+gate,4,108,1.39408,1.94347,1.10874,0.790575,0.785227,0.361111,0.694444,0.87963,4.24092
mote20,hmc_in_K3|robust+gate,5,98,1.34545,1.81023,1.06536,0.761027,0.75544,0.418367,0.673469,0.887755,4.26757
mote20,hmc_in_K3|robust+gate,7,106,1.39685,1.9512,1.10365,0.792472,0.786924,0.386792,0.679245,0.877358,4.33109
mote20,hmc_in_K3|robust+gate,9,105,1.33525,1.78289,1.0536,0.752789,0.747359,0.4,0.695238,0.904762,4.39062
mote20,hmc_in_K3|robust+gate,10,109,1.37187,1.88203,1.0847,0.775012,0.769484,0.376147,0.688073,0.889908,4.41903
mote20,hmc_in_K3|robust+gate,11,106,1.37512,1.89097,1.09329,0.779672,0.773757,0.358491,0.698113,0.886792,4.45343
mote20,hmc_in_K3|robust+gate,12,97,1.37906,1.9018,1.0849,0.774094,0.770944,0.381443,0.71134,0.886598,4.46884
mote20,hmc_in_K3|robust+gate,13,107,1.40833,1.98338,1.10431,0.798176,0.792492,0.373832,0.691589,0.878505,4.52963
mote20,hmc_in_K3|robust+gate,14,105,1.36136,1.85331,1.07078,0.770853,0.765753,0.390476,0.714286,0.895238,4.55745
mote20,hmc_in_K3|robust+gate,15,103,1.41187,1.99338,1.12636,0.807014,0.800032,0.359223,0.68932,0.873786,4.59842
mote20,hmc_in_K3|robust+gate,16,109,1.37552,1.89206,1.08432,0.779894,0.774275,0.385321,0.706422,0.880734,4.64074
mote20,hmc_in_K3|robust+gate,17,104,1.34597,1.81163,1.06156,0.759512,0.753268,0.384615,0.730769,0.894231,4.68628
mote20,hmc_in_K3|robust+gate,18,108,1.34978,1.82191,1.04078,0.752598,0.748623,0.416667,0.75,0.888889,4.74298
mote20,hmc_in_K3|robust+gate,19,99,1.3788,1.9011,1.07013,0.771759,0.768756,0.424242,0.727273,0.878788,4.77798
mote20,hmc_in_K3|robust+gate,20,97,1.42027,2.01718,1.11698,0.806725,0.799814,0.371134,0.71134,0.876289,4.85438
mote20,hmc_in_K3|robust+gate,22,103,1.39133,1.9358,1.07517,0.781386,0.778106,0.427184,0.718447,0.883495,4.96514
mote20,hmc_in_K3|robust+gate,23,107,1.43764,2.06681,1.12239,0.813489,0.80804,0.383178,0.71028,0.869159,5.02496
mote20,hmc_in_K3|robust+gate,24,111,1.43291,2.05324,1.12439,0.812651,0.806745,0.387387,0.702703,0.873874,5.07992
mote20,hmc_in_K3|robust+gate,6,102,1.35519,1.83653,1.06092,0.75966,0.754126,0.401961,0.735294,0.882353,4.29868
mote20,hmc_in_K3|robust+gate,8,104,1.40413,1.97158,1.10268,0.794671,0.789221,0.394231,0.682692,0.865385,4.35802
mote20,hmc_in_K3|robust+gate,21,100,1.3535,1.83197,1.04997,0.763801,0.756509,0.41,0.72,0.89,4.90892
mote20,hmc_in_K3|robust,1,106,1.32534,1.75653,1.04784,0.752586,0.748232,0.415094,0.707547,0.886792,4.14419
mote20,hmc_in_K3|robust,2,109,1.31828,1.73785,1.04409,0.746472,0.744433,0.385321,0.706422,0.899083,4.13443
mote20,hmc_in_K3|robust,3,105,1.35361,1.83225,1.06285,0.765227,0.760652,0.409524,0.695238,0.895238,4.20507
mote20,hmc_in_K3|robust,4,108,1.38491,1.91798,1.10521,0.789303,0.784545,0.361111,0.694444,0.87963,4.21304
mote20,hmc_in_K3|robust,5,98,1.33826,1.79095,1.06271,0.760059,0.754881,0.418367,0.673469,0.887755,4.2479
mote20,hmc_in_K3|robust,7,106,1.3879,1.92628,1.10007,0.791171,0.786173,0.386792,0.679245,0.877358,4.30235
mote20,hmc_in_K3|robust,9,105,1.32603,1.75835,1.04999,0.751472,0.746561,0.4,0.695238,0.904762,4.3615
mote20,hmc_in_K3|robust,10,109,1.36326,1.85848,1.08122,0.773742,0.768702,0.376147,0.688073,0.889908,4.39097
mote20,hmc_in_K3|robust,11,106,1.36635,1.86691,1.08972,0.778364,0.772938,0.358491,0.698113,0.886792,4.42458
mote20,hmc_in_K3|robust,12,97,1.36959,1.87579,1.081,0.772663,0.770028,0.381443,0.71134,0.886598,4.43735
mote20,hmc_in_K3|robust,13,107,1.39994,1.95982,1.10078,0.796877,0.791649,0.373832,0.691589,0.878505,4.50114
mote20,hmc_in_K3|robust,14,105,1.35541,1.83712,1.06832,0.769939,0.765115,0.390476,0.714286,0.895238,4.53949
mote20,hmc_in_K3|robust,15,103,1.40606,1.977,1.12387,0.806082,0.799369,0.359223,0.68932,0.873786,4.5802
mote20,hmc_in_K3|robust,16,109,1.36993,1.8767,1.08196,0.779012,0.773637,0.385321,0.706422,0.880734,4.62361
mote20,hmc_in_K3|robust,17,104,1.34009,1.79584,1.05909,0.758586,0.75258,0.384615,0.730769,0.894231,4.66844
mote20,hmc_in_K3|robust,18,108,1.34149,1.79959,1.0373,0.751304,0.747694,0.416667,0.75,0.888889,4.71546
mote20,hmc_in_K3|robust,19,99,1.37,1.87689,1.06634,0.770345,0.767723,0.424242,0.727273,0.878788,4.74822
mote20,hmc_in_K3|robust,20,97,1.41157,1.99253,1.11312,0.80528,0.798747,0.371134,0.71134,0.876289,4.8243
mote20,hmc_in_K3|robust,22,103,1.38305,1.91283,1.07154,0.780023,0.777068,0.427184,0.718447,0.883495,4.93749
mote20,hmc_in_K3|robust,23,107,1.42984,2.04443,1.11889,0.812175,0.807043,0.383178,0.71028,0.869159,4.99872
mote20,hmc_in_K3|robust,24,111,1.42536,2.03165,1.12102,0.811383,0.805774,0.387387,0.702703,0.873874,5.05504
mote20,hmc_in_K3|robust,6,102,1.34549,1.81034,1.05719,0.758309,0.753364,0.401961,0.735294,0.882353,4.26891
mote20,hmc_in_K3|robust,8,104,1.39511,1.94634,1.09903,0.793343,0.78844,0.394231,0.682692,0.865385,4.32866
mote20,hmc_in_K3|robust,21,100,1.34467,1.80815,1.04623,0.762398,0.755459,0.41,0.72,0.89,4.88007
tsnh4,hmc_in_K3|raw+gate,1,93,0.303565,0.0921515,0.25755,0.184846,0.173358,0.419355,0.83871,1,1.38865
tsnh4,hmc_in_K3|raw+gate,2,93,0.298152,0.0888946,0.252048,0.181432,0.171502,0.537634,0.83871,1,1.50833
tsnh4,hmc_in_K3|raw+gate,3,93,0.31579,0.0997232,0.261311,0.190097,0.18076,0.462366,0.849462,1,1.66699
tsnh4,hmc_in_K3|raw+gate,4,93,0.331757,0.110063,0.274126,0.198437,0.18921,0.462366,0.870968,1,1.79921
tsnh4,hmc_in_K3|raw+gate,5,93,0.339706,0.1154,0.276927,0.202262,0.193456,0.473118,0.892473,1,1.88927
tsnh4,hmc_in_K3|raw+gate,6,93,0.341127,0.116367,0.284838,0.207173,0.197597,0.473118,0.88172,1,1.96156
tsnh4,hmc_in_K3|raw+gate,7,93,0.3692,0.136309,0.301779,0.222425,0.211036,0.451613,0.88172,1,2.02268
tsnh4,hmc_in_K3|raw+gate,8,93,0.388527,0.150953,0.308981,0.230575,0.218899,0.44086,0.849462,1,2.07462
tsnh4,hmc_in_K3|raw+gate,9,93,0.402836,0.162276,0.323069,0.240279,0.22781,0.397849,0.83871,1,2.12028
tsnh4,hmc_in_K3|raw+gate,10,93,0.423928,0.179715,0.325662,0.24591,0.235024,0.44086,0.83871,1,2.1613
tsnh4,hmc_in_K3|raw+gate,11,93,0.44193,0.195302,0.33444,0.253197,0.24309,0.451613,0.849462,1,2.19763
tsnh4,hmc_in_K3|raw+gate,12,93,0.471975,0.222761,0.3553,0.265445,0.255551,0.451613,0.849462,1,2.23001
tsnh4,hmc_in_K3|raw+gate,13,93,0.480185,0.230578,0.353441,0.267111,0.258493,0.494624,0.849462,1,2.25926
tsnh4,hmc_in_K3|raw+gate,14,93,0.48775,0.2379,0.345015,0.268004,0.260981,0.55914,0.860215,1,2.28634
tsnh4,hmc_in_K3|raw+gate,15,93,0.504053,0.254069,0.352497,0.275858,0.269344,0.537634,0.860215,0.978495,2.31207
tsnh4,hmc_in_K3|raw+gate,16,93,0.520243,0.270653,0.365215,0.28323,0.276562,0.569892,0.849462,0.978495,2.33711
tsnh4,hmc_in_K3|raw+gate,17,93,0.530984,0.281944,0.370709,0.289444,0.282342,0.55914,0.849462,0.989247,2.36216
tsnh4,hmc_in_K3|raw+gate,18,93,0.537018,0.288388,0.375356,0.295143,0.286435,0.55914,0.849462,1,2.38814
tsnh4,hmc_in_K3|raw+gate,19,93,0.567292,0.32182,0.398766,0.312049,0.301659,0.537634,0.817204,0.978495,2.41601
tsnh4,hmc_in_K3|raw+gate,20,93,0.584143,0.341223,0.407997,0.319991,0.309316,0.569892,0.806452,0.967742,2.44655
tsnh4,hmc_in_K3|raw+gate,21,93,0.589629,0.347662,0.410373,0.32385,0.313236,0.612903,0.795699,0.989247,2.48101
tsnh4,hmc_in_K3|raw+gate,22,93,0.596655,0.355997,0.407331,0.323224,0.314479,0.655914,0.806452,0.967742,2.52107
tsnh4,hmc_in_K3|raw+gate,23,93,0.598745,0.358496,0.4068,0.323612,0.315968,0.655914,0.795699,0.978495,2.56593
tsnh4,hmc_in_K3|raw+gate,24,93,0.607931,0.36958,0.420268,0.327019,0.31939,0.645161,0.806452,0.956989,2.60945
tsnh4,hmc_in_K3|raw,1,93,0.303565,0.0921515,0.25755,0.184846,0.173358,0.419355,0.83871,1,1.38865
tsnh4,hmc_in_K3|raw,2,93,0.298152,0.0888946,0.252048,0.181432,0.171502,0.537634,0.83871,1,1.50833
tsnh4,hmc_in_K3|raw,3,93,0.31579,0.0997232,0.261311,0.190097,0.18076,0.462366,0.849462,1,1.66699
tsnh4,hmc_in_K3|raw,4,93,0.331757,0.110063,0.274126,0.198437,0.18921,0.462366,0.870968,1,1.79921
tsnh4,hmc_in_K3|raw,5,93,0.339706,0.1154,0.276927,0.202262,0.193456,0.473118,0.892473,1,1.88927
tsnh4,hmc_in_K3|raw,6,93,0.341127,0.116367,0.284838,0.207173,0.197597,0.473118,0.88172,1,1.96156
tsnh4,hmc_in_K3|raw,7,93,0.3692,0.136309,0.301779,0.222425,0.211036,0.451613,0.88172,1,2.02268
tsnh4,hmc_in_K3|raw,8,93,0.388527,0.150953,0.308981,0.230575,0.218899,0.44086,0.849462,1,2.07462
tsnh4,hmc_in_K3|raw,9,93,0.402836,0.162276,0.323069,0.240279,0.22781,0.397849,0.83871,1,2.12028
tsnh4,hmc_in_K3|raw,10,93,0.423928,0.179715,0.325662,0.24591,0.235024,0.44086,0.83871,1,2.1613
tsnh4,hmc_in_K3|raw,11,93,0.44193,0.195302,0.33444,0.253197,0.24309,0.451613,0.849462,1,2.19763
tsnh4,hmc_in_K3|raw,12,93,0.471975,0.222761,0.3553,0.265445,0.255551,0.451613,0.849462,1,2.23001
tsnh4,hmc_in_K3|raw,13,93,0.480185,0.230578,0.353441,0.267111,0.258493,0.494624,0.849462,1,2.25926
tsnh4,hmc_in_K3|raw,14,93,0.48775,0.2379,0.345015,0.268004,0.260981,0.55914,0.860215,1,2.28634
tsnh4,hmc_in_K3|raw,15,93,0.504053,0.254069,0.352497,0.275858,0.269344,0.537634,0.860215,0.978495,2.31207
tsnh4,hmc_in_K3|raw,16,93,0.520243,0.270653,0.365215,0.28323,0.276562,0.569892,0.849462,0.978495,2.33711
tsnh4,hmc_in_K3|raw,17,93,0.530984,0.281944,0.370709,0.289444,0.282342,0.55914,0.849462,0.989247,2.36216
tsnh4,hmc_in_K3|raw,18,93,0.537018,0.288388,0.375356,0.295143,0.286435,0.55914,0.849462,1,2.38814
tsnh4,hmc_in_K3|raw,19,93,0.567292,0.32182,0.398766,0.312049,0.301659,0.537634,0.817204,0.978495,2.41601
tsnh4,hmc_in_K3|raw,20,93,0.584143,0.341223,0.407997,0.319991,0.309316,0.569892,0.806452,0.967742,2.44655
tsnh4,hmc_in_K3|raw,21,93,0.589629,0.347662,0.410373,0.32385,0.313236,0.612903,0.795699,0.989247,2.48101
tsnh4,hmc_in_K3|raw,22,93,0.596655,0.355997,0.407331,0.323224,0.314479,0.655914,0.806452,0.967742,2.52107
tsnh4,hmc_in_K3|raw,23,93,0.598745,0.358496,0.4068,0.323612,0.315968,0.655914,0.795699,0.978495,2.56593
tsnh4,hmc_in_K3|raw,24,93,0.607931,0.36958,0.420268,0.327019,0.31939,0.645161,0.806452,0.956989,2.60945
tsnh4,hmc_in_K3|robust+gate,1,93,0.303689,0.092227,0.258139,0.18493,0.173443,0.430108,0.83871,1,1.38565
tsnh4,hmc_in_K3|robust+gate,2,93,0.298281,0.0889718,0.252645,0.181535,0.171461,0.537634,0.83871,1,1.498
tsnh4,hmc_in_K3|robust+gate,3,93,0.31614,0.0999447,0.261895,0.190264,0.180699,0.473118,0.83871,1,1.63626
tsnh4,hmc_in_K3|robust+gate,4,93,0.332319,0.110436,0.274631,0.198643,0.189153,0.462366,0.870968,1,1.7728
tsnh4,hmc_in_K3|robust+gate,5,93,0.34033,0.115824,0.277391,0.202495,0.193377,0.451613,0.892473,1,1.86531
tsnh4,hmc_in_K3|robust+gate,6,93,0.341853,0.116864,0.285489,0.207402,0.197493,0.473118,0.870968,1,1.93616
tsnh4,hmc_in_K3|robust+gate,7,93,0.370192,0.137042,0.302573,0.222739,0.211042,0.451613,0.870968,1,1.99649
tsnh4,hmc_in_K3|robust+gate,8,93,0.389836,0.151972,0.310431,0.230995,0.219041,0.44086,0.83871,1,2.04868
tsnh4,hmc_in_K3|robust+gate,9,93,0.404097,0.163295,0.3245,0.240757,0.228,0.397849,0.83871,1,2.09409
tsnh4,hmc_in_K3|robust+gate,10,93,0.42507,0.180685,0.326645,0.246323,0.235101,0.44086,0.827957,1,2.13482
tsnh4,hmc_in_K3|robust+gate,11,93,0.443399,0.196603,0.335205,0.253773,0.24331,0.462366,0.83871,1,2.17181
tsnh4,hmc_in_K3|robust+gate,12,93,0.473137,0.223858,0.355693,0.265932,0.255668,0.451613,0.849462,1,2.20511
tsnh4,hmc_in_K3|robust+gate,13,93,0.480938,0.231301,0.353511,0.267415,0.258338,0.494624,0.849462,1,2.23526
tsnh4,hmc_in_K3|robust+gate,14,93,0.488698,0.238826,0.345007,0.268315,0.260778,0.55914,0.860215,1,2.26286
tsnh4,hmc_in_K3|robust+gate,15,93,0.505113,0.255139,0.352723,0.276191,0.269172,0.548387,0.860215,0.978495,2.28861
tsnh4,hmc_in_K3|robust+gate,16,93,0.521516,0.271979,0.365563,0.283632,0.27645,0.569892,0.849462,0.978495,2.31321
tsnh4,hmc_in_K3|robust+gate,17,93,0.532386,0.283435,0.371653,0.289908,0.282291,0.55914,0.849462,0.978495,2.33721
tsnh4,hmc_in_K3|robust+gate,18,93,0.538449,0.289927,0.376838,0.295678,0.286474,0.55914,0.827957,1,2.36126
tsnh4,hmc_in_K3|robust+gate,19,93,0.568969,0.323725,0.39948,0.312726,0.301892,0.537634,0.827957,0.978495,2.38618
tsnh4,hmc_in_K3|robust+gate,20,93,0.585997,0.343392,0.409578,0.320655,0.309589,0.55914,0.806452,0.967742,2.41293
tsnh4,hmc_in_K3|robust+gate,21,93,0.591412,0.349768,0.412042,0.324448,0.313448,0.612903,0.795699,0.978495,2.4423
tsnh4,hmc_in_K3|robust+gate,22,93,0.598591,0.358312,0.409084,0.323736,0.314571,0.655914,0.806452,0.967742,2.47541
tsnh4,hmc_in_K3|robust+gate,23,93,0.600877,0.361053,0.408491,0.324176,0.31611,0.655914,0.795699,0.978495,2.51371
tsnh4,hmc_in_K3|robust+gate,24,93,0.609712,0.371749,0.420594,0.327404,0.319303,0.645161,0.806452,0.946237,2.55652
tsnh4,hmc_in_K3|robust,1,93,0.303689,0.092227,0.258139,0.18493,0.173443,0.430108,0.83871,1,1.38565
tsnh4,hmc_in_K3|robust,2,93,0.298281,0.0889718,0.252645,0.181535,0.171461,0.537634,0.83871,1,1.498
tsnh4,hmc_in_K3|robust,3,93,0.31614,0.0999447,0.261895,0.190264,0.180699,0.473118,0.83871,1,1.63626
tsnh4,hmc_in_K3|robust,4,93,0.332319,0.110436,0.274631,0.198643,0.189153,0.462366,0.870968,1,1.7728
tsnh4,hmc_in_K3|robust,5,93,0.34033,0.115824,0.277391,0.202495,0.193377,0.451613,0.892473,1,1.86531
tsnh4,hmc_in_K3|robust,6,93,0.341853,0.116864,0.285489,0.207402,0.197493,0.473118,0.870968,1,1.93616
tsnh4,hmc_in_K3|robust,7,93,0.370192,0.137042,0.302573,0.222739,0.211042,0.451613,0.870968,1,1.99649
tsnh4,hmc_in_K3|robust,8,93,0.389836,0.151972,0.310431,0.230995,0.219041,0.44086,0.83871,1,2.04868
tsnh4,hmc_in_K3|robust,9,93,0.404097,0.163295,0.3245,0.240757,0.228,0.397849,0.83871,1,2.09409
tsnh4,hmc_in_K3|robust,10,93,0.42507,0.180685,0.326645,0.246323,0.235101,0.44086,0.827957,1,2.13482
tsnh4,hmc_in_K3|robust,11,93,0.443399,0.196603,0.335205,0.253773,0.24331,0.462366,0.83871,1,2.17181
tsnh4,hmc_in_K3|robust,12,93,0.473137,0.223858,0.355693,0.265932,0.255668,0.451613,0.849462,1,2.20511
tsnh4,hmc_in_K3|robust,13,93,0.480938,0.231301,0.353511,0.267415,0.258338,0.494624,0.849462,1,2.23526
tsnh4,hmc_in_K3|robust,14,93,0.488698,0.238826,0.345007,0.268315,0.260778,0.55914,0.860215,1,2.26286
tsnh4,hmc_in_K3|robust,15,93,0.505113,0.255139,0.352723,0.276191,0.269172,0.548387,0.860215,0.978495,2.28861
tsnh4,hmc_in_K3|robust,16,93,0.521516,0.271979,0.365563,0.283632,0.27645,0.569892,0.849462,0.978495,2.31321
tsnh4,hmc_in_K3|robust,17,93,0.532386,0.283435,0.371653,0.289908,0.282291,0.55914,0.849462,0.978495,2.33721
tsnh4,hmc_in_K3|robust,18,93,0.538449,0.289927,0.376838,0.295678,0.286474,0.55914,0.827957,1,2.36126
tsnh4,hmc_in_K3|robust,19,93,0.568969,0.323725,0.39948,0.312726,0.301892,0.537634,0.827957,0.978495,2.38618
tsnh4,hmc_in_K3|robust,20,93,0.585997,0.343392,0.409578,0.320655,0.309589,0.55914,0.806452,0.967742,2.41293
tsnh4,hmc_in_K3|robust,21,93,0.591412,0.349768,0.412042,0.324448,0.313448,0.612903,0.795699,0.978495,2.4423
tsnh4,hmc_in_K3|robust,22,93,0.598591,0.358312,0.409084,0.323736,0.314571,0.655914,0.806452,0.967742,2.47541
tsnh4,hmc_in_K3|robust,23,93,0.600877,0.361053,0.408491,0.324176,0.31611,0.655914,0.795699,0.978495,2.51371
tsnh4,hmc_in_K3|robust,24,93,0.609712,0.371749,0.420594,0.327404,0.319303,0.645161,0.806452,0.946237,2.55652
tsnh4,pmc_state_K2|raw+gate,1,93,0.0887603,0.00787838,0.0708793,0.0498222,0.049963,0.430108,0.688172,0.956989,0.333343
tsnh4,pmc_state_K2|raw+gate,2,93,0.113866,0.0129655,0.0936878,0.065004,0.0649024,0.473118,0.784946,0.978495,0.46412
tsnh4,pmc_state_K2|raw+gate,3,93,0.130212,0.016955,0.106437,0.0726715,0.07328,0.483871,0.817204,0.978495,0.565496
tsnh4,pmc_state_K2|raw+gate,4,93,0.155798,0.0242729,0.115917,0.0857371,0.0864062,0.580645,0.763441,0.956989,0.651956
tsnh4,pmc_state_K2|raw+gate,5,93,0.178114,0.0317246,0.13602,0.0981368,0.0983955,0.55914,0.817204,0.956989,0.728943
tsnh4,pmc_state_K2|raw+gate,6,93,0.186107,0.0346359,0.145012,0.103732,0.103995,0.569892,0.827957,0.956989,0.798683
tsnh4,pmc_state_K2|raw+gate,7,93,0.225348,0.0507818,0.166397,0.121643,0.12169,0.505376,0.817204,0.913978,0.863597
tsnh4,pmc_state_K2|raw+gate,8,93,0.25512,0.0650862,0.178049,0.13393,0.133983,0.569892,0.817204,0.903226,0.923576
tsnh4,pmc_state_K2|raw+gate,9,93,0.272109,0.0740434,0.194463,0.146326,0.146184,0.612903,0.763441,0.913978,0.980587
tsnh4,pmc_state_K2|raw+gate,10,93,0.307513,0.094564,0.218552,0.163406,0.163208,0.591398,0.752688,0.913978,1.03437
tsnh4,pmc_state_K2|raw+gate,11,93,0.330882,0.109483,0.239145,0.17703,0.176442,0.569892,0.741935,0.924731,1.08552
tsnh4,pmc_state_K2|raw+gate,12,93,0.374394,0.140171,0.263134,0.199637,0.198628,0.516129,0.752688,0.860215,1.13431
tsnh4,pmc_state_K2|raw+gate,13,93,0.392425,0.153997,0.274364,0.207438,0.206755,0.55914,0.752688,0.849462,1.18144
tsnh4,pmc_state_K2|raw+gate,14,93,0.405739,0.164624,0.289837,0.217125,0.215913,0.494624,0.763441,0.870968,1.22615
tsnh4,pmc_state_K2|raw+gate,15,93,0.425758,0.181269,0.306482,0.228498,0.227166,0.473118,0.752688,0.870968,1.26975
tsnh4,pmc_state_K2|raw+gate,16,93,0.446817,0.199646,0.317733,0.240291,0.238793,0.526882,0.731183,0.870968,1.31133
tsnh4,pmc_state_K2|raw+gate,17,93,0.462373,0.213789,0.338404,0.25285,0.250577,0.494624,0.741935,0.849462,1.3518
tsnh4,pmc_state_K2|raw+gate,18,93,0.477184,0.227704,0.349607,0.262155,0.259568,0.505376,0.709677,0.817204,1.39069
tsnh4,pmc_state_K2|raw+gate,19,93,0.5099,0.259998,0.367477,0.281189,0.278282,0.473118,0.677419,0.827957,1.42879
tsnh4,pmc_state_K2|raw+gate,20,93,0.528643,0.279463,0.382038,0.2917,0.288553,0.483871,0.677419,0.83871,1.46526
tsnh4,pmc_state_K2|raw+gate,21,93,0.542614,0.29443,0.397552,0.302519,0.299037,0.473118,0.655914,0.817204,1.50063
tsnh4,pmc_state_K2|raw+gate,22,93,0.556388,0.309568,0.404253,0.308495,0.305594,0.473118,0.645161,0.83871,1.53496
tsnh4,pmc_state_K2|raw+gate,23,93,0.565523,0.319817,0.414811,0.313756,0.311213,0.494624,0.655914,0.849462,1.56878
tsnh4,pmc_state_K2|raw+gate,24,93,0.586094,0.343506,0.43869,0.326991,0.324,0.44086,0.612903,0.88172,1.60133
tsnh4,pmc_state_K2|raw,1,93,0.0887603,0.00787838,0.0708793,0.0498222,0.049963,0.430108,0.688172,0.956989,0.333343
tsnh4,pmc_state_K2|raw,2,93,0.113866,0.0129655,0.0936878,0.065004,0.0649024,0.473118,0.784946,0.978495,0.46412
tsnh4,pmc_state_K2|raw,3,93,0.130212,0.016955,0.106437,0.0726715,0.07328,0.483871,0.817204,0.978495,0.565496
tsnh4,pmc_state_K2|raw,4,93,0.155798,0.0242729,0.115917,0.0857371,0.0864062,0.580645,0.763441,0.956989,0.651956
tsnh4,pmc_state_K2|raw,5,93,0.178114,0.0317246,0.13602,0.0981368,0.0983955,0.55914,0.817204,0.956989,0.728943
tsnh4,pmc_state_K2|raw,6,93,0.186107,0.0346359,0.145012,0.103732,0.103995,0.569892,0.827957,0.956989,0.798683
tsnh4,pmc_state_K2|raw,7,93,0.225348,0.0507818,0.166397,0.121643,0.12169,0.505376,0.817204,0.913978,0.863597
tsnh4,pmc_state_K2|raw,8,93,0.25512,0.0650862,0.178049,0.13393,0.133983,0.569892,0.817204,0.903226,0.923576
tsnh4,pmc_state_K2|raw,9,93,0.272109,0.0740434,0.194463,0.146326,0.146184,0.612903,0.763441,0.913978,0.980587
tsnh4,pmc_state_K2|raw,10,93,0.307513,0.094564,0.218552,0.163406,0.163208,0.591398,0.752688,0.913978,1.03437
tsnh4,pmc_state_K2|raw,11,93,0.330882,0.109483,0.239145,0.17703,0.176442,0.569892,0.741935,0.924731,1.08552
tsnh4,pmc_state_K2|raw,12,93,0.374394,0.140171,0.263134,0.199637,0.198628,0.516129,0.752688,0.860215,1.13431
tsnh4,pmc_state_K2|raw,13,93,0.392425,0.153997,0.274364,0.207438,0.206755,0.55914,0.752688,0.849462,1.18144
tsnh4,pmc_state_K2|raw,14,93,0.405739,0.164624,0.289837,0.217125,0.215913,0.494624,0.763441,0.870968,1.22615
tsnh4,pmc_state_K2|raw,15,93,0.425758,0.181269,0.306482,0.228498,0.227166,0.473118,0.752688,0.870968,1.26975
tsnh4,pmc_state_K2|raw,16,93,0.446817,0.199646,0.317733,0.240291,0.238793,0.526882,0.731183,0.870968,1.31133
tsnh4,pmc_state_K2|raw,17,93,0.462373,0.213789,0.338404,0.25285,0.250577,0.494624,0.741935,0.849462,1.3518
tsnh4,pmc_state_K2|raw,18,93,0.477184,0.227704,0.349607,0.262155,0.259568,0.505376,0.709677,0.817204,1.39069
tsnh4,pmc_state_K2|raw,19,93,0.5099,0.259998,0.367477,0.281189,0.278282,0.473118,0.677419,0.827957,1.42879
tsnh4,pmc_state_K2|raw,20,93,0.528643,0.279463,0.382038,0.2917,0.288553,0.483871,0.677419,0.83871,1.46526
tsnh4,pmc_state_K2|raw,21,93,0.542614,0.29443,0.397552,0.302519,0.299037,0.473118,0.655914,0.817204,1.50063
tsnh4,pmc_state_K2|raw,22,93,0.556388,0.309568,0.404253,0.308495,0.305594,0.473118,0.645161,0.83871,1.53496
tsnh4,pmc_state_K2|raw,23,93,0.565523,0.319817,0.414811,0.313756,0.311213,0.494624,0.655914,0.849462,1.56878
tsnh4,pmc_state_K2|raw,24,93,0.586094,0.343506,0.43869,0.326991,0.324,0.44086,0.612903,0.88172,1.60133
tsnh4,pmc_state_K2|robust+gate,1,93,0.0928788,0.00862648,0.0734663,0.0521082,0.0519541,0.408602,0.677419,0.946237,0.323669
tsnh4,pmc_state_K2|robust+gate,2,93,0.117655,0.0138428,0.0963418,0.0672659,0.0673254,0.451613,0.741935,0.956989,0.447674
tsnh4,pmc_state_K2|robust+gate,3,93,0.135626,0.0183944,0.109005,0.0750773,0.0751519,0.462366,0.817204,0.967742,0.543712
tsnh4,pmc_state_K2|robust+gate,4,93,0.159895,0.0255663,0.118541,0.0879947,0.0881644,0.569892,0.752688,0.946237,0.624386
tsnh4,pmc_state_K2|robust+gate,5,93,0.18015,0.0324539,0.138546,0.0995419,0.09949,0.526882,0.774194,0.924731,0.695715
tsnh4,pmc_state_K2|robust+gate,6,93,0.189602,0.0359491,0.14795,0.105792,0.105752,0.548387,0.795699,0.935484,0.760372
tsnh4,pmc_state_K2|robust+gate,7,93,0.228939,0.0524132,0.169027,0.123966,0.123771,0.505376,0.806452,0.903226,0.819559
tsnh4,pmc_state_K2|robust+gate,8,93,0.257624,0.0663702,0.18097,0.135825,0.13557,0.526882,0.806452,0.903226,0.874567
tsnh4,pmc_state_K2|robust+gate,9,93,0.275211,0.0757412,0.197819,0.148616,0.148322,0.602151,0.752688,0.903226,0.926322
tsnh4,pmc_state_K2|robust+gate,10,93,0.310513,0.0964183,0.221686,0.165832,0.16569,0.580645,0.741935,0.88172,0.975184
tsnh4,pmc_state_K2|robust+gate,11,93,0.333807,0.111427,0.242835,0.179547,0.17917,0.537634,0.731183,0.892473,1.02112
tsnh4,pmc_state_K2|robust+gate,12,93,0.376595,0.141824,0.267084,0.201592,0.201125,0.483871,0.731183,0.83871,1.06544
tsnh4,pmc_state_K2|robust+gate,13,93,0.394259,0.15544,0.276244,0.208645,0.208471,0.537634,0.731183,0.83871,1.10761
tsnh4,pmc_state_K2|robust+gate,14,93,0.4075,0.166056,0.291104,0.218026,0.217763,0.505376,0.752688,0.849462,1.14795
tsnh4,pmc_state_K2|robust+gate,15,93,0.428022,0.183203,0.308005,0.22989,0.229671,0.451613,0.731183,0.849462,1.18681
tsnh4,pmc_state_K2|robust+gate,16,93,0.449964,0.202468,0.321393,0.242595,0.24232,0.505376,0.72043,0.817204,1.22425
tsnh4,pmc_state_K2|robust+gate,17,93,0.465604,0.216787,0.341462,0.255129,0.254582,0.473118,0.72043,0.806452,1.26058
tsnh4,pmc_state_K2|robust+gate,18,93,0.480126,0.230521,0.350692,0.263846,0.263203,0.505376,0.698925,0.795699,1.2955
tsnh4,pmc_state_K2|robust+gate,19,93,0.513081,0.263252,0.368586,0.28317,0.282294,0.473118,0.666667,0.795699,1.32939
tsnh4,pmc_state_K2|robust+gate,20,93,0.532301,0.283345,0.383768,0.294019,0.293082,0.483871,0.645161,0.806452,1.36227
tsnh4,pmc_state_K2|robust+gate,21,93,0.546562,0.29873,0.399239,0.305102,0.304179,0.483871,0.645161,0.784946,1.39421
tsnh4,pmc_state_K2|robust+gate,22,93,0.560857,0.314561,0.405893,0.311415,0.311169,0.462366,0.623656,0.795699,1.42519
tsnh4,pmc_state_K2|robust+gate,23,93,0.570606,0.325591,0.416496,0.31729,0.317341,0.483871,0.623656,0.827957,1.45534
tsnh4,pmc_state_K2|robust+gate,24,93,0.591272,0.349602,0.440068,0.330669,0.330544,0.430108,0.580645,0.827957,1.48474
tsnh4,pmc_state_K2|robust,1,93,0.0885487,0.00784088,0.0708039,0.0499024,0.0497598,0.419355,0.688172,0.956989,0.322312
tsnh4,pmc_state_K2|robust,2,93,0.113775,0.0129447,0.0936775,0.0650743,0.0651455,0.462366,0.752688,0.967742,0.44644
tsnh4,pmc_state_K2|robust,3,93,0.130213,0.0169554,0.106339,0.0726369,0.0727174,0.462366,0.817204,0.978495,0.542545
tsnh4,pmc_state_K2|robust,4,93,0.155891,0.0243021,0.115873,0.0856806,0.0858643,0.569892,0.763441,0.956989,0.623224
tsnh4,pmc_state_K2|robust,5,93,0.17843,0.0318372,0.136062,0.0981497,0.0980878,0.537634,0.784946,0.924731,0.694578
tsnh4,pmc_state_K2|robust,6,93,0.186496,0.0347809,0.145279,0.103691,0.103669,0.55914,0.806452,0.946237,0.759201
tsnh4,pmc_state_K2|robust,7,93,0.225642,0.0509142,0.166354,0.12168,0.121507,0.505376,0.817204,0.913978,0.818382
tsnh4,pmc_state_K2|robust,8,93,0.255633,0.0653483,0.178295,0.134023,0.133773,0.537634,0.817204,0.903226,0.873363
tsnh4,pmc_state_K2|robust,9,93,0.272901,0.0744749,0.195142,0.14661,0.146332,0.612903,0.763441,0.903226,0.925111
tsnh4,pmc_state_K2|robust,10,93,0.308555,0.0952061,0.219008,0.163933,0.163801,0.591398,0.752688,0.88172,0.97393
tsnh4,pmc_state_K2|robust,11,93,0.332141,0.110318,0.240156,0.177812,0.177433,0.548387,0.741935,0.892473,1.01986
tsnh4,pmc_state_K2|robust,12,93,0.375949,0.141338,0.265134,0.200795,0.200266,0.494624,0.731183,0.83871,1.06416
tsnh4,pmc_state_K2|robust,13,93,0.394244,0.155428,0.276197,0.208677,0.208412,0.537634,0.731183,0.83871,1.10632
tsnh4,pmc_state_K2|robust,14,93,0.407978,0.166446,0.292668,0.218711,0.218362,0.494624,0.752688,0.849462,1.14661
tsnh4,pmc_state_K2|robust,15,93,0.428331,0.183467,0.309064,0.230363,0.230049,0.44086,0.731183,0.849462,1.18545
tsnh4,pmc_state_K2|robust,16,93,0.449791,0.202312,0.320769,0.242405,0.242032,0.505376,0.72043,0.817204,1.22288
tsnh4,pmc_state_K2|robust,17,93,0.465778,0.216949,0.342108,0.255427,0.254776,0.462366,0.72043,0.806452,1.2592
tsnh4,pmc_state_K2|robust,18,93,0.480949,0.231312,0.35338,0.264999,0.264284,0.494624,0.698925,0.795699,1.2941
tsnh4,pmc_state_K2|robust,19,93,0.513972,0.264167,0.371275,0.284447,0.283506,0.462366,0.666667,0.795699,1.32796
tsnh4,pmc_state_K2|robust,20,93,0.533192,0.284294,0.386458,0.295309,0.294308,0.473118,0.645161,0.806452,1.36081
tsnh4,pmc_state_K2|robust,21,93,0.547638,0.299907,0.401929,0.30661,0.305643,0.473118,0.645161,0.784946,1.39273
tsnh4,pmc_state_K2|robust,22,93,0.561808,0.315628,0.408584,0.312785,0.312479,0.451613,0.623656,0.795699,1.42371
tsnh4,pmc_state_K2|robust,23,93,0.571221,0.326293,0.419188,0.318232,0.318187,0.473118,0.623656,0.827957,1.45384
tsnh4,pmc_state_K2|robust,24,93,0.592173,0.350669,0.442761,0.331992,0.331801,0.419355,0.580645,0.827957,1.48322
aotizhongxin,pmc_pair_K3|raw+gate,1,90,0.395807,0.156663,0.261355,0.198746,0.19985,0.433333,0.7,0.9,1.33613
aotizhongxin,pmc_pair_K3|raw+gate,2,89,0.605986,0.367218,0.423429,0.320158,0.320799,0.393258,0.629213,0.876404,1.79497
aotizhongxin,pmc_pair_K3|raw+gate,3,89,0.723454,0.523385,0.523699,0.385798,0.389418,0.370787,0.640449,0.865169,2.11518
aotizhongxin,pmc_pair_K3|raw+gate,4,90,0.852926,0.727484,0.634195,0.461418,0.465104,0.311111,0.622222,0.8,2.34787
aotizhongxin,pmc_pair_K3|raw+gate,5,88,0.96279,0.926965,0.752591,0.532318,0.537009,0.227273,0.545455,0.829545,2.55139
aotizhongxin,pmc_pair_K3|raw+gate,6,90,1.0403,1.08222,0.809209,0.572105,0.579308,0.244444,0.555556,0.811111,2.70737
aotizhongxin,pmc_pair_K3|raw+gate,7,91,1.04603,1.09419,0.837304,0.593327,0.602672,0.274725,0.516484,0.813187,2.84364
aotizhongxin,pmc_pair_K3|raw+gate,8,90,1.08843,1.18468,0.879875,0.615945,0.625155,0.255556,0.555556,0.766667,2.95822
aotizhongxin,pmc_pair_K3|raw+gate,9,90,1.09013,1.18838,0.886939,0.613965,0.626024,0.255556,0.555556,0.833333,3.05551
aotizhongxin,pmc_pair_K3|raw+gate,10,89,1.10096,1.21211,0.905709,0.619729,0.632764,0.269663,0.573034,0.820225,3.14146
aotizhongxin,pmc_pair_K3|raw+gate,11,90,1.07912,1.16449,0.846854,0.597675,0.609219,0.322222,0.622222,0.888889,3.21362
aotizhongxin,pmc_pair_K3|raw+gate,12,90,1.08394,1.17493,0.854118,0.593726,0.604742,0.366667,0.7,0.9,3.28049
aotizhongxin,pmc_pair_K3|raw+gate,13,91,0.996924,0.993857,0.799516,0.548142,0.557296,0.373626,0.747253,0.934066,3.33756
aotizhongxin,pmc_pair_K3|raw+gate,14,90,1.02255,1.0456,0.819501,0.568346,0.573543,0.366667,0.766667,0.9,3.39454
aotizhongxin,pmc_pair_K3|raw+gate,15,91,0.994554,0.989137,0.809128,0.554833,0.559987,0.351648,0.791209,0.923077,3.43939
aotizhongxin,pmc_pair_K3|raw+gate,16,91,1.03692,1.07521,0.830821,0.57579,0.580847,0.395604,0.78022,0.89011,3.48097
aotizhongxin,pmc_pair_K3|raw+gate,17,90,0.997208,0.994423,0.782763,0.549905,0.5523,0.411111,0.822222,0.911111,3.5231
aotizhongxin,pmc_pair_K3|raw+gate,18,90,1.00843,1.01693,0.81162,0.565186,0.568981,0.411111,0.744444,0.922222,3.56023
aotizhongxin,pmc_pair_K3|raw+gate,19,90,1.03744,1.07629,0.833644,0.586924,0.588915,0.444444,0.733333,0.933333,3.58559
aotizhongxin,pmc_pair_K3|raw+gate,20,91,1.07841,1.16296,0.890795,0.622278,0.623104,0.373626,0.703297,0.934066,3.61531
aotizhongxin,pmc_pair_K3|raw+gate,21,90,1.02794,1.05665,0.868657,0.599753,0.596663,0.388889,0.733333,0.955556,3.64362
aotizhongxin,pmc_pair_K3|raw+gate,22,89,1.16977,1.36836,0.982768,0.68801,0.683089,0.348315,0.662921,0.898876,3.66773
aotizhongxin,pmc_pair_K3|raw+gate,23,88,1.16406,1.35503,0.996181,0.684828,0.684696,0.363636,0.670455,0.909091,3.68666
aotizhongxin,pmc_pair_K3|raw+gate,24,90,1.21363,1.4729,1.01996,0.708926,0.709917,0.366667,0.611111,0.9,3.7032
aotizhongxin,pmc_pair_K3|raw,1,90,0.395999,0.156815,0.261715,0.19889,0.200012,0.433333,0.688889,0.9,1.328
aotizhongxin,pmc_pair_K3|raw,2,89,0.606029,0.367271,0.423775,0.320141,0.320617,0.382022,0.629213,0.876404,1.78834
aotizhongxin,pmc_pair_K3|raw,3,89,0.723431,0.523353,0.523338,0.38571,0.389151,0.370787,0.640449,0.865169,2.10965
aotizhongxin,pmc_pair_K3|raw,4,90,0.852844,0.727342,0.633845,0.461302,0.464846,0.311111,0.622222,0.8,2.34341
aotizhongxin,pmc_pair_K3|raw,5,88,0.962709,0.926809,0.752234,0.532194,0.536761,0.227273,0.545455,0.829545,2.54732
aotizhongxin,pmc_pair_K3|raw,6,90,1.04019,1.08199,0.808866,0.571981,0.579084,0.244444,0.555556,0.811111,2.70391
aotizhongxin,pmc_pair_K3|raw,7,91,1.04592,1.09395,0.83697,0.5932,0.60246,0.274725,0.516484,0.813187,2.84044
aotizhongxin,pmc_pair_K3|raw,8,90,1.08836,1.18453,0.879545,0.615823,0.624961,0.255556,0.555556,0.766667,2.95535
aotizhongxin,pmc_pair_K3|raw,9,90,1.09025,1.18864,0.887263,0.614109,0.626128,0.255556,0.555556,0.833333,3.05298
aotizhongxin,pmc_pair_K3|raw,10,89,1.10121,1.21266,0.906029,0.62005,0.633124,0.269663,0.573034,0.820225,3.13918
aotizhongxin,pmc_pair_K3|raw,11,90,1.07952,1.16536,0.847163,0.598096,0.609711,0.322222,0.622222,0.888889,3.21153
aotizhongxin,pmc_pair_K3|raw,12,90,1.08428,1.17567,0.854418,0.594096,0.605165,0.366667,0.7,0.9,3.27862
aotizhongxin,pmc_pair_K3|raw,13,91,0.997047,0.994102,0.799806,0.548268,0.557381,0.373626,0.747253,0.934066,3.33598
aotizhongxin,pmc_pair_K3|raw,14,90,1.02288,1.04628,0.819786,0.568672,0.573904,0.366667,0.766667,0.9,3.39316
aotizhongxin,pmc_pair_K3|raw,15,91,0.994891,0.989809,0.809403,0.555147,0.560331,0.351648,0.791209,0.923077,3.43819
aotizhongxin,pmc_pair_K3|raw,16,91,1.03726,1.07592,0.831088,0.576106,0.581193,0.395604,0.78022,0.89011,3.47987
aotizhongxin,pmc_pair_K3|raw,17,90,0.997561,0.995128,0.783026,0.550212,0.552633,0.411111,0.822222,0.911111,3.52214
aotizhongxin,pmc_pair_K3|raw,18,90,1.00874,1.01756,0.811875,0.565462,0.569274,0.411111,0.744444,0.922222,3.55937
aotizhongxin,pmc_pair_K3|raw,19,90,1.03779,1.07701,0.833891,0.58722,0.589231,0.444444,0.733333,0.933333,3.58478
aotizhongxin,pmc_pair_K3|raw,20,91,1.07876,1.16373,0.891032,0.622577,0.623419,0.373626,0.703297,0.934066,3.6146
aotizhongxin,pmc_pair_K3|raw,21,90,1.02835,1.0575,0.86889,0.60006,0.596984,0.388889,0.733333,0.955556,3.64299
aotizhongxin,pmc_pair_K3|raw,22,89,1.17012,1.36919,0.982996,0.688307,0.683397,0.348315,0.662921,0.898876,3.66712
aotizhongxin,pmc_pair_K3|raw,23,88,1.16438,1.35578,0.996405,0.685104,0.684983,0.363636,0.670455,0.909091,3.68608
aotizhongxin,pmc_pair_K3|raw,24,90,1.21389,1.47353,1.02017,0.709169,0.710169,0.366667,0.611111,0.9,3.70269
aotizhongxin,pmc_pair_K3|robust+gate,1,90,0.396224,0.156994,0.263871,0.199804,0.20186,0.455556,0.722222,0.911111,1.34478
aotizhongxin,pmc_pair_K3|robust+gate,2,89,0.610327,0.372499,0.424619,0.321338,0.324092,0.382022,0.651685,0.876404,1.78244
aotizhongxin,pmc_pair_K3|robust+gate,3,89,0.727447,0.529179,0.529606,0.389785,0.394855,0.393258,0.640449,0.853933,2.10622
aotizhongxin,pmc_pair_K3|robust+gate,4,90,0.859529,0.738791,0.641109,0.468532,0.473149,0.311111,0.6,0.811111,2.34689
aotizhongxin,pmc_pair_K3|robust+gate,5,88,0.965368,0.931936,0.75759,0.536995,0.541099,0.227273,0.522727,0.818182,2.5502
aotizhongxin,pmc_pair_K3|robust+gate,6,90,1.05073,1.10404,0.816828,0.581516,0.587977,0.244444,0.544444,0.811111,2.70016
aotizhongxin,pmc_pair_K3|robust+gate,7,91,1.0528,1.10839,0.844128,0.60209,0.609997,0.274725,0.494505,0.813187,2.83198
aotizhongxin,pmc_pair_K3|robust+gate,8,90,1.09447,1.19785,0.889091,0.624194,0.631778,0.266667,0.544444,0.788889,2.94797
aotizhongxin,pmc_pair_K3|robust+gate,9,90,1.09546,1.20002,0.893862,0.622175,0.631942,0.244444,0.544444,0.833333,3.04759
aotizhongxin,pmc_pair_K3|robust+gate,10,89,1.10717,1.22583,0.910729,0.627223,0.638249,0.235955,0.606742,0.820225,3.14053
aotizhongxin,pmc_pair_K3|robust+gate,11,90,1.08577,1.1789,0.852762,0.605932,0.615326,0.311111,0.622222,0.866667,3.21214
aotizhongxin,pmc_pair_K3|robust+gate,12,90,1.09288,1.19439,0.857193,0.600571,0.609895,0.344444,0.688889,0.911111,3.2804
aotizhongxin,pmc_pair_K3|robust+gate,13,91,1.00814,1.01635,0.803957,0.556479,0.564585,0.351648,0.725275,0.923077,3.3393
aotizhongxin,pmc_pair_K3|robust+gate,14,90,1.03131,1.06359,0.82493,0.576528,0.580158,0.344444,0.755556,0.888889,3.39612
aotizhongxin,pmc_pair_K3|robust+gate,15,91,1.00832,1.01672,0.819364,0.564712,0.568473,0.362637,0.769231,0.923077,3.44333
aotizhongxin,pmc_pair_K3|robust+gate,16,91,1.05109,1.10479,0.84072,0.585852,0.589625,0.373626,0.78022,0.912088,3.48835
aotizhongxin,pmc_pair_K3|robust+gate,17,90,1.01406,1.02831,0.794553,0.5606,0.562116,0.388889,0.811111,0.911111,3.53267
aotizhongxin,pmc_pair_K3|robust+gate,18,90,1.02596,1.0526,0.827445,0.577392,0.580086,0.388889,0.744444,0.922222,3.56908
aotizhongxin,pmc_pair_K3|robust+gate,19,90,1.05676,1.11674,0.849075,0.599108,0.600959,0.422222,0.733333,0.922222,3.59583
aotizhongxin,pmc_pair_K3|robust+gate,20,91,1.09317,1.19503,0.905092,0.633651,0.634243,0.362637,0.681319,0.912088,3.62891
aotizhongxin,pmc_pair_K3|robust+gate,21,90,1.04251,1.08683,0.88148,0.610175,0.607255,0.377778,0.711111,0.933333,3.65622
aotizhongxin,pmc_pair_K3|robust+gate,22,89,1.17598,1.38292,0.987537,0.69255,0.687683,0.325843,0.629213,0.88764,3.68557
aotizhongxin,pmc_pair_K3|robust+gate,23,88,1.17325,1.37651,1.00638,0.692017,0.691043,0.318182,0.670455,0.909091,3.70895
aotizhongxin,pmc_pair_K3|robust+gate,24,90,1.22087,1.49053,1.02962,0.715613,0.715794,0.355556,0.611111,0.9,3.72642
aotizhongxin,pmc_pair_K3|robust,1,90,0.396224,0.156994,0.263871,0.199804,0.20186,0.455556,0.722222,0.911111,1.34478
aotizhongxin,pmc_pair_K3|robust,2,89,0.610327,0.372499,0.424619,0.321338,0.324092,0.382022,0.651685,0.876404,1.78244
aotizhongxin,pmc_pair_K3|robust,3,89,0.727447,0.529179,0.529606,0.389785,0.394855,0.393258,0.640449,0.853933,2.10622
aotizhongxin,pmc_pair_K3|robust,4,90,0.859529,0.738791,0.641109,0.468532,0.473149,0.311111,0.6,0.811111,2.34689
aotizhongxin,pmc_pair_K3|robust,5,88,0.965368,0.931936,0.75759,0.536995,0.541099,0.227273,0.522727,0.818182,2.5502
aotizhongxin,pmc_pair_K3|robust,6,90,1.05073,1.10404,0.816828,0.581516,0.587977,0.244444,0.544444,0.811111,2.70016
aotizhongxin,pmc_pair_K3|robust,7,91,1.0528,1.10839,0.844128,0.60209,0.609997,0.274725,0.494505,0.813187,2.83198
aotizhongxin,pmc_pair_K3|robust,8,90,1.09447,1.19785,0.889091,0.624194,0.631778,0.266667,0.544444,0.788889,2.94797
aotizhongxin,pmc_pair_K3|robust,9,90,1.09546,1.20002,0.893862,0.622175,0.631942,0.244444,0.544444,0.833333,3.04759
aotizhongxin,pmc_pair_K3|robust,10,89,1.10717,1.22583,0.910729,0.627223,0.638249,0.235955,0.606742,0.820225,3.14053
aotizhongxin,pmc_pair_K3|robust,11,90,1.08577,1.1789,0.852762,0.605932,0.615326,0.311111,0.622222,0.866667,3.21214
aotizhongxin,pmc_pair_K3|robust,12,90,1.09288,1.19439,0.857193,0.600571,0.609895,0.344444,0.688889,0.911111,3.2804
aotizhongxin,pmc_pair_K3|robust,13,91,1.00814,1.01635,0.803957,0.556479,0.564585,0.351648,0.725275,0.923077,3.3393
aotizhongxin,pmc_pair_K3|robust,14,90,1.03131,1.06359,0.82493,0.576528,0.580158,0.344444,0.755556,0.888889,3.39612
aotizhongxin,pmc_pair_K3|robust,15,91,1.00832,1.01672,0.819364,0.564712,0.568473,0.362637,0.769231,0.923077,3.44333
aotizhongxin,pmc_pair_K3|robust,16,91,1.05109,1.10479,0.84072,0.585852,0.589625,0.373626,0.78022,0.912088,3.48835
aotizhongxin,pmc_pair_K3|robust,17,90,1.01406,1.02831,0.794553,0.5606,0.562116,0.388889,0.811111,0.911111,3.53267
aotizhongxin,pmc_pair_K3|robust,18,90,1.02596,1.0526,0.827445,0.577392,0.580086,0.388889,0.744444,0.922222,3.56908
aotizhongxin,pmc_pair_K3|robust,19,90,1.05676,1.11674,0.849075,0.599108,0.600959,0.422222,0.733333,0.922222,3.59583
aotizhongxin,pmc_pair_K3|robust,20,91,1.09317,1.19503,0.905092,0.633651,0.634243,0.362637,0.681319,0.912088,3.62891
aotizhongxin,pmc_pair_K3|robust,21,90,1.04251,1.08683,0.88148,0.610175,0.607255,0.377778,0.711111,0.933333,3.65622
aotizhongxin,pmc_pair_K3|robust,22,89,1.17598,1.38292,0.987537,0.69255,0.687683,0.325843,0.629213,0.88764,3.68557
aotizhongxin,pmc_pair_K3|robust,23,88,1.17325,1.37651,1.00638,0.692017,0.691043,0.318182,0.670455,0.909091,3.70895
aotizhongxin,pmc_pair_K3|robust,24,90,1.22087,1.49053,1.02962,0.715613,0.715794,0.355556,0.611111,0.9,3.72642
mote20,ar1|raw,1,106,0.0209496,0.000438888,0.0144397,0.0153512,0.0153512,0.915094,0.971698,1,0.203553
mote20,ar1|raw,2,109,0.0301508,0.000909071,0.0200434,0.0213459,0.0213459,0.899083,0.972477,1,0.277748
mote20,ar1|raw,3,105,0.0437622,0.00191513,0.0276274,0.0278842,0.0278842,0.885714,0.952381,0.980952,0.3381
mote20,ar1|raw,4,108,0.0587014,0.00344585,0.034125,0.0343257,0.0343257,0.861111,0.944444,0.972222,0.386539
mote20,ar1|raw,5,98,0.0683953,0.00467792,0.0405664,0.039167,0.039167,0.897959,0.94898,0.969388,0.431609
mote20,ar1|raw,7,106,0.120764,0.014584,0.0603263,0.0556565,0.0556565,0.820755,0.924528,0.95283,0.506758
mote20,ar1|raw,9,105,0.215313,0.0463597,0.080189,0.0719001,0.0719001,0.838095,0.933333,0.961905,0.573396
mote20,ar1|raw,10,109,0.250227,0.0626135,0.0946969,0.0828971,0.0828971,0.825688,0.926606,0.954128,0.604085
mote20,ar1|raw,11,106,0.281195,0.0790705,0.104068,0.092141,0.092141,0.801887,0.896226,0.943396,0.632661
mote20,ar1|raw,12,97,0.311081,0.0967712,0.110635,0.098721,0.098721,0.814433,0.917526,0.948454,0.659401
mote20,ar1|raw,13,107,0.302459,0.0914815,0.109918,0.0954257,0.0954257,0.841121,0.915888,0.962617,0.687017
mote20,ar1|raw,14,105,0.333121,0.11097,0.129782,0.111588,0.111588,0.809524,0.885714,0.942857,0.711958
mote20,ar1|raw,15,103,0.351721,0.123708,0.138235,0.117449,0.117449,0.776699,0.893204,0.932039,0.73692
mote20,ar1|raw,16,109,0.353029,0.12463,0.140861,0.119667,0.119667,0.761468,0.899083,0.93578,0.760956
mote20,ar1|raw,17,104,0.369037,0.136189,0.147493,0.126319,0.126319,0.759615,0.894231,0.932692,0.783421
mote20,ar1|raw,18,108,0.195075,0.0380544,0.116512,0.0957739,0.0957739,0.777778,0.898148,0.953704,0.806758
mote20,ar1|raw,19,99,0.393722,0.155017,0.166012,0.140659,0.140659,0.737374,0.868687,0.939394,0.828336
mote20,ar1|raw,20,97,0.413231,0.170759,0.182776,0.15099,0.15099,0.701031,0.876289,0.927835,0.849466
mote20,ar1|raw,22,103,0.409888,0.168008,0.177395,0.14738,0.14738,0.728155,0.864078,0.941748,0.890263
mote20,ar1|raw,23,107,0.432039,0.186657,0.192596,0.15881,0.15881,0.728972,0.869159,0.915888,0.910669
mote20,ar1|raw,24,111,0.426291,0.181724,0.188182,0.154638,0.154638,0.738739,0.873874,0.927928,0.929899
mote20,ar1|raw,6,102,0.0800331,0.0064053,0.0477502,0.0447848,0.0447848,0.852941,0.921569,0.960784,0.469943
mote20,ar1|raw,8,104,0.181286,0.0328647,0.0725575,0.066486,0.066486,0.826923,0.932692,0.961538,0.541302
mote20,ar1|raw,21,100,0.42181,0.177924,0.182368,0.152757,0.152757,0.75,0.87,0.93,0.870304
mote20,ar1|raw+gate,1,106,3.38438,11.454,1.67741,1.52691,1.52691,0.707547,0.745283,0.745283,1.20899
mote20,ar1|raw+gate,2,109,3.41998,11.6963,1.73633,1.58134,1.58134,0.697248,0.724771,0.733945,1.29893
mote20,ar1|raw+gate,3,105,3.4552,11.9384,1.78734,1.63004,1.63004,0.67619,0.72381,0.72381,1.35592
mote20,ar1|raw+gate,4,108,3.46842,12.03,1.74965,1.60663,1.60663,0.675926,0.731481,0.740741,1.30332
mote20,ar1|raw+gate,5,98,3.46674,12.0183,1.80063,1.64864,1.64864,0.693878,0.714286,0.72449,1.38575
mote20,ar1|raw+gate,7,106,3.49901,12.2431,1.82333,1.67256,1.67256,0.641509,0.707547,0.716981,1.41862
mote20,ar1|raw+gate,9,105,3.35537,11.2585,1.72646,1.57535,1.57535,0.657143,0.714286,0.733333,1.46226
mote20,ar1|raw+gate,10,109,3.4664,12.0159,1.83541,1.66966,1.66966,0.642202,0.697248,0.715596,1.56202
mote20,ar1|raw+gate,11,106,3.41322,11.6501,1.78021,1.62435,1.62435,0.632075,0.688679,0.716981,1.51992
mote20,ar1|raw+gate,12,97,3.39465,11.5237,1.75377,1.59759,1.59759,0.659794,0.71134,0.721649,1.55578
mote20,ar1|raw+gate,13,107,3.45904,11.965,1.78734,1.6234,1.6234,0.672897,0.700935,0.728972,1.6087
mote20,ar1|raw+gate,14,105,3.48042,12.1133,1.86865,1.70096,1.70096,0.628571,0.67619,0.695238,1.62645
mote20,ar1|raw+gate,15,103,3.53728,12.5124,1.89465,1.72145,1.72145,0.601942,0.679612,0.699029,1.67318
mote20,ar1|raw+gate,16,109,3.39321,11.5139,1.76823,1.60846,1.60846,0.623853,0.706422,0.715596,1.60971
mote20,ar1|raw+gate,17,104,3.23278,10.4509,1.63816,1.48634,1.48634,0.634615,0.721154,0.730769,1.57686
mote20,ar1|raw+gate,18,108,3.30141,10.8993,1.66479,1.51375,1.51375,0.648148,0.712963,0.740741,1.58867
mote20,ar1|raw+gate,19,99,3.30691,10.9356,1.69274,1.54396,1.54396,0.626263,0.707071,0.727273,1.58265
mote20,ar1|raw+gate,20,97,3.36504,11.3235,1.75279,1.59091,1.59091,0.587629,0.71134,0.721649,1.65163
mote20,ar1|raw+gate,22,103,3.39814,11.5473,1.79276,1.6327,1.6327,0.61165,0.699029,0.718447,1.67851
mote20,ar1|raw+gate,23,107,3.46497,12.006,1.87758,1.69912,1.69912,0.588785,0.682243,0.700935,1.78577
mote20,ar1|raw+gate,24,111,3.49314,12.202,1.88854,1.71377,1.71377,0.612613,0.693694,0.711712,1.7835
mote20,ar1|raw+gate,6,102,3.32307,11.0428,1.66011,1.51293,1.51293,0.666667,0.72549,0.745098,1.38318
mote20,ar1|raw+gate,8,104,3.57032,12.7472,1.89064,1.72956,1.72956,0.634615,0.701923,0.711538,1.50888
mote20,ar1|raw+gate,21,100,3.31977,11.0209,1.73354,1.57404,1.57404,0.63,0.71,0.72,1.66625
mote20,ar1|robust+gate,1,106,5.8733,34.4957,5.23201,4.97881,4.97881,0.0660377,0.0849057,0.0849057,1.76255
mote20,ar1|robust+gate,2,109,5.92939,35.1576,5.2743,5.02407,5.02407,0.0458716,0.0733945,0.0825688,1.74197
mote20,ar1|robust+gate,3,105,5.9802,35.7628,5.28857,5.04256,5.04256,0.0571429,0.0952381,0.104762,1.7141
mote20,ar1|robust+gate,4,108,5.88544,34.6384,5.15575,4.91054,4.91054,0.0648148,0.0925926,0.101852,1.70957
mote20,ar1|robust+gate,5,98,5.82073,33.881,5.1124,4.86904,4.86904,0.0612245,0.102041,0.102041,1.69821
mote20,ar1|robust+gate,7,106,5.97373,35.6855,5.3082,5.05575,5.05575,0.0471698,0.0660377,0.0754717,1.75926
mote20,ar1|robust+gate,9,105,5.85983,34.3376,5.18108,4.92912,4.92912,0.0380952,0.0857143,0.0857143,1.75729
mote20,ar1|robust+gate,10,109,5.85787,34.3146,5.18001,4.93071,4.93071,0.0275229,0.0733945,0.0825688,1.73698
mote20,ar1|robust+gate,11,106,5.87555,34.5221,5.17177,4.92899,4.92899,0.0377358,0.0849057,0.0943396,1.69468
mote20,ar1|robust+gate,12,97,5.8686,34.4404,5.132,4.88066,4.88066,0.0309278,0.0927835,0.103093,1.75399
mote20,ar1|robust+gate,13,107,5.93595,35.2355,5.27398,5.01881,5.01881,0.00934579,0.0654206,0.0747664,1.77636
mote20,ar1|robust+gate,14,105,5.89753,34.7808,5.22776,4.97637,4.97637,0.0380952,0.0761905,0.0857143,1.75372
mote20,ar1|robust+gate,15,103,5.91707,35.0117,5.20614,4.96189,4.96189,0.0582524,0.0679612,0.0970874,1.7044
mote20,ar1|robust+gate,16,109,5.89983,34.808,5.24192,4.99323,4.99323,0.0275229,0.0550459,0.0825688,1.73343
mote20,ar1|robust+gate,17,104,5.71371,32.6465,5.0177,4.76909,4.76909,0.0384615,0.0673077,0.0961538,1.73487
mote20,ar1|robust+gate,18,108,5.86487,34.3968,5.21246,4.95783,4.95783,0.0277778,0.0555556,0.0833333,1.77495
mote20,ar1|robust+gate,19,99,5.77704,33.3741,5.03555,4.78619,4.78619,0.010101,0.0707071,0.10101,1.73944
mote20,ar1|robust+gate,20,97,5.87698,34.5389,5.19208,4.94728,4.94728,0.0206186,0.0618557,0.0927835,1.70746
mote20,ar1|robust+gate,22,103,5.93928,35.2751,5.30874,5.04942,5.04942,0.0291262,0.0582524,0.0679612,1.80786
mote20,ar1|robust+gate,23,107,5.9119,34.9506,5.25176,4.99675,4.99675,0.0186916,0.0560748,0.0654206,1.77687
mote20,ar1|robust+gate,24,111,5.91153,34.9462,5.24309,4.99276,4.99276,0.027027,0.0720721,0.0900901,1.74659
mote20,ar1|robust+gate,6,102,5.79418,33.5725,5.08882,4.83732,4.83732,0.0686275,0.0784314,0.0882353,1.75448
mote20,ar1|robust+gate,8,104,5.92866,35.1491,5.24811,4.99523,4.99523,0.0480769,0.0769231,0.0865385,1.76434
mote20,ar1|robust+gate,21,100,5.6389,31.7971,4.94168,4.68868,4.68868,0.04,0.07,0.1,1.76605
mote20,persistence|raw,1,106,0.0210484,0.000443034,0.0145227,0.0108939,,0.584906,0.830189,0.962264,0.134772
mote20,persistence|raw,2,109,0.0303375,0.000920367,0.0202163,0.015382,,0.59633,0.834862,0.981651,0.201981
mote20,persistence|raw,3,105,0.0440311,0.00193874,0.0278268,0.0211683,,0.533333,0.847619,0.961905,0.260034
mote20,persistence|raw,4,108,0.0590203,0.00348339,0.0344355,0.0267513,,0.601852,0.861111,0.944444,0.320835
mote20,persistence|raw,5,98,0.0685918,0.00470484,0.0407333,0.0311981,,0.520408,0.887755,0.959184,0.374825
mote20,persistence|raw,7,106,0.121107,0.014667,0.0606816,0.0476255,,0.603774,0.820755,0.943396,0.477123
mote20,persistence|raw,9,105,0.215625,0.0464941,0.0803649,0.0627686,,0.590476,0.847619,0.961905,0.580173
mote20,persistence|raw,10,109,0.250756,0.0628786,0.0954493,0.0729992,,0.568807,0.834862,0.944954,0.629578
mote20,persistence|raw,11,106,0.281662,0.0793333,0.104728,0.0824298,,0.622642,0.820755,0.95283,0.689228
mote20,persistence|raw,12,97,0.311527,0.0970491,0.111244,0.0891187,,0.587629,0.845361,0.927835,0.732727
mote20,persistence|raw,13,107,0.303029,0.0918268,0.110813,0.0842437,,0.607477,0.869159,0.953271,0.790948
mote20,persistence|raw,14,105,0.333456,0.111193,0.130659,0.102371,,0.533333,0.838095,0.952381,0.846812
mote20,persistence|raw,15,103,0.352121,0.123989,0.138909,0.10796,,0.533981,0.84466,0.951456,0.897659
mote20,persistence|raw,16,109,0.353479,0.124947,0.141777,0.10918,,0.541284,0.844037,0.954128,0.945328
mote20,persistence|raw,17,104,0.369499,0.13653,0.148252,0.115116,,0.596154,0.836538,0.951923,1.00156
mote20,persistence|raw,18,108,0.196229,0.0385058,0.117855,0.0833245,,0.583333,0.833333,0.972222,1.06155
mote20,persistence|raw,19,99,0.394319,0.155487,0.16641,0.129484,,0.565657,0.838384,0.949495,1.11292
mote20,persistence|raw,20,97,0.413965,0.171367,0.183871,0.13979,,0.515464,0.845361,0.948454,1.18147
mote20,persistence|raw,22,103,0.410524,0.16853,0.178084,0.136979,,0.524272,0.815534,0.951456,1.26044
mote20,persistence|raw,23,107,0.432666,0.1872,0.193501,0.147007,,0.53271,0.82243,0.943925,1.33217
mote20,persistence|raw,24,111,0.426766,0.182129,0.189442,0.141566,,0.522523,0.837838,0.963964,1.37973
mote20,persistence|raw,6,102,0.0805138,0.00648247,0.0482513,0.0362419,,0.627451,0.843137,0.960784,0.425297
mote20,persistence|raw,8,104,0.181581,0.0329715,0.0728159,0.0573718,,0.615385,0.826923,0.961538,0.528449
mote20,persistence|raw,21,100,0.422594,0.178585,0.18355,0.140589,,0.54,0.86,0.94,1.22296
aotizhongxin,ar1|raw,1,90,0.396546,0.157249,0.263513,0.206181,0.206181,0.644444,0.8,0.9,1.33743
aotizhongxin,ar1|raw,2,89,0.594697,0.353664,0.425153,0.318435,0.318435,0.52809,0.764045,0.898876,1.841
aotizhongxin,ar1|raw,3,89,0.710703,0.505098,0.52143,0.38935,0.38935,0.494382,0.741573,0.865169,2.19578
aotizhongxin,ar1|raw,4,90,0.845808,0.715391,0.65249,0.473333,0.473333,0.455556,0.733333,0.833333,2.47814
aotizhongxin,ar1|raw,5,88,0.953133,0.908462,0.767147,0.543162,0.543162,0.318182,0.693182,0.852273,2.6992
aotizhongxin,ar1|raw,6,90,1.01075,1.02161,0.81415,0.57636,0.57636,0.322222,0.7,0.855556,2.88234
aotizhongxin,ar1|raw,7,91,1.01108,1.02229,0.844978,0.589265,0.589265,0.307692,0.67033,0.868132,3.03691
aotizhongxin,ar1|raw,8,90,1.06057,1.12481,0.88674,0.616681,0.616681,0.288889,0.688889,0.877778,3.16475
aotizhongxin,ar1|raw,9,90,1.06026,1.12415,0.891658,0.618539,0.618539,0.288889,0.7,0.888889,3.27884
aotizhongxin,ar1|raw,10,89,1.07051,1.14598,0.911418,0.625022,0.625022,0.303371,0.685393,0.921348,3.37766
aotizhongxin,ar1|raw,11,90,1.05407,1.11107,0.871589,0.606398,0.606398,0.333333,0.744444,0.911111,3.4637
aotizhongxin,ar1|raw,12,90,1.07016,1.14523,0.888427,0.608828,0.608828,0.355556,0.744444,0.911111,3.53892
aotizhongxin,ar1|raw,13,91,0.996344,0.992702,0.838041,0.570109,0.570109,0.362637,0.769231,0.945055,3.60703
aotizhongxin,ar1|raw,14,90,1.01604,1.03234,0.84677,0.58008,0.58008,0.366667,0.788889,0.911111,3.66292
aotizhongxin,ar1|raw,15,91,1.0035,1.00702,0.842734,0.57359,0.57359,0.362637,0.791209,0.934066,3.71575
aotizhongxin,ar1|raw,16,91,1.04732,1.09688,0.865471,0.594676,0.594676,0.395604,0.813187,0.901099,3.76074
aotizhongxin,ar1|raw,17,90,0.998141,0.996285,0.807444,0.560748,0.560748,0.411111,0.855556,0.933333,3.80056
aotizhongxin,ar1|raw,18,90,1.0139,1.02798,0.841757,0.578405,0.578405,0.377778,0.8,0.933333,3.83583
aotizhongxin,ar1|raw,19,90,1.03738,1.07615,0.869032,0.597384,0.597384,0.388889,0.788889,0.955556,3.86712
aotizhongxin,ar1|raw,20,91,1.0842,1.17549,0.913051,0.627684,0.627684,0.362637,0.769231,0.945055,3.89489
aotizhongxin,ar1|raw,21,90,1.02246,1.04543,0.877655,0.594235,0.594235,0.377778,0.755556,0.977778,3.91959
aotizhongxin,ar1|raw,22,89,1.14451,1.3099,0.967778,0.66793,0.66793,0.359551,0.707865,0.932584,3.94156
aotizhongxin,ar1|raw,23,88,1.13832,1.29578,0.978467,0.666963,0.666963,0.340909,0.693182,0.943182,3.96112
aotizhongxin,ar1|raw,24,90,1.18669,1.40824,1.00314,0.688696,0.688696,0.366667,0.711111,0.922222,3.97851
aotizhongxin,ar1|raw+gate,1,90,0.568649,0.323362,0.342041,0.271792,0.271792,0.6,0.755556,0.855556,1.38079
aotizhongxin,ar1|raw+gate,2,89,0.646384,0.417812,0.455352,0.341348,0.341348,0.52809,0.741573,0.88764,1.87369
aotizhongxin,ar1|raw+gate,3,89,0.762963,0.582113,0.557961,0.416126,0.416126,0.483146,0.719101,0.853933,2.22183
aotizhongxin,ar1|raw+gate,4,90,0.879725,0.773916,0.685454,0.49626,0.49626,0.444444,0.7,0.822222,2.49933
aotizhongxin,ar1|raw+gate,5,88,0.994579,0.989188,0.800461,0.57045,0.57045,0.306818,0.670455,0.829545,2.71739
aotizhongxin,ar1|raw+gate,6,90,1.07563,1.15699,0.844963,0.604232,0.604232,0.322222,0.688889,0.844444,2.89747
aotizhongxin,ar1|raw+gate,7,91,1.09432,1.19754,0.878072,0.624495,0.624495,0.318681,0.67033,0.846154,3.04975
aotizhongxin,ar1|raw+gate,8,90,1.13757,1.29406,0.936888,0.65586,0.65586,0.266667,0.688889,0.866667,3.17598
aotizhongxin,ar1|raw+gate,9,90,1.1372,1.29323,0.942942,0.656739,0.656739,0.266667,0.688889,0.877778,3.28861
aotizhongxin,ar1|raw+gate,10,89,1.13125,1.27973,0.96114,0.66295,0.66295,0.280899,0.662921,0.898876,3.38629
aotizhongxin,ar1|raw+gate,11,90,1.11837,1.25074,0.918101,0.644174,0.644174,0.322222,0.711111,0.9,3.47118
aotizhongxin,ar1|raw+gate,12,90,1.13256,1.2827,0.932425,0.644074,0.644074,0.333333,0.722222,0.9,3.54549
aotizhongxin,ar1|raw+gate,13,91,1.05708,1.11742,0.879203,0.602554,0.602554,0.340659,0.758242,0.923077,3.61276
aotizhongxin,ar1|raw+gate,14,90,1.06927,1.14333,0.88614,0.610438,0.610438,0.355556,0.766667,0.888889,3.66803
aotizhongxin,ar1|raw+gate,15,91,1.06262,1.12917,0.875846,0.600645,0.600645,0.351648,0.78022,0.923077,3.72022
aotizhongxin,ar1|raw+gate,16,91,1.09998,1.20995,0.892763,0.618051,0.618051,0.384615,0.813187,0.901099,3.7647
aotizhongxin,ar1|raw+gate,17,90,1.0466,1.09537,0.83224,0.582483,0.582483,0.4,0.855556,0.922222,3.80412
aotizhongxin,ar1|raw+gate,18,90,1.05667,1.11655,0.865024,0.597707,0.597707,0.366667,0.8,0.922222,3.83899
aotizhongxin,ar1|raw+gate,19,90,1.07357,1.15256,0.894353,0.618135,0.618135,0.388889,0.777778,0.933333,3.86992
aotizhongxin,ar1|raw+gate,20,91,1.12334,1.26189,0.933232,0.646367,0.646367,0.362637,0.758242,0.934066,3.89735
aotizhongxin,ar1|raw+gate,21,90,1.04394,1.08982,0.891043,0.605839,0.605839,0.377778,0.755556,0.966667,3.92181
aotizhongxin,ar1|raw+gate,22,89,1.17988,1.39212,0.980585,0.682493,0.682493,0.370787,0.707865,0.921348,3.94356
aotizhongxin,ar1|raw+gate,23,88,1.16788,1.36394,0.990719,0.680476,0.680476,0.352273,0.681818,0.931818,3.96292
aotizhongxin,ar1|raw+gate,24,90,1.2153,1.47695,1.01447,0.702013,0.702013,0.377778,0.711111,0.9,3.98008
aotizhongxin,ar1|robust+gate,1,90,0.685253,0.469572,0.374193,0.313096,0.313096,0.511111,0.655556,0.711111,0.914471
aotizhongxin,ar1|robust+gate,2,89,0.742294,0.551,0.490156,0.395308,0.395308,0.438202,0.606742,0.730337,1.23758
aotizhongxin,ar1|robust+gate,3,89,0.835677,0.698356,0.580862,0.460684,0.460684,0.404494,0.617978,0.719101,1.47725
aotizhongxin,ar1|robust+gate,4,90,0.927776,0.860767,0.673259,0.528412,0.528412,0.366667,0.588889,0.711111,1.67816
aotizhongxin,ar1|robust+gate,5,88,1.04822,1.09877,0.789786,0.613374,0.613374,0.261364,0.534091,0.670455,1.84399
aotizhongxin,ar1|robust+gate,6,90,1.15929,1.34395,0.839727,0.65682,0.65682,0.322222,0.533333,0.688889,1.98676
aotizhongxin,ar1|robust+gate,7,91,1.1777,1.38697,0.868349,0.681588,0.681588,0.285714,0.549451,0.67033,2.11355
aotizhongxin,ar1|robust+gate,8,90,1.20161,1.44386,0.91687,0.70558,0.70558,0.255556,0.544444,0.688889,2.22363
aotizhongxin,ar1|robust+gate,9,90,1.20803,1.45934,0.943519,0.717232,0.717232,0.266667,0.544444,0.722222,2.32678
aotizhongxin,ar1|robust+gate,10,89,1.20396,1.44951,0.956874,0.723209,0.723209,0.258427,0.516854,0.696629,2.42078
aotizhongxin,ar1|robust+gate,11,90,1.19309,1.42346,0.902496,0.689426,0.689426,0.344444,0.577778,0.766667,2.50626
aotizhongxin,ar1|robust+gate,12,90,1.19379,1.42513,0.89902,0.680941,0.680941,0.344444,0.6,0.744444,2.58493
aotizhongxin,ar1|robust+gate,13,91,1.10502,1.22107,0.849039,0.627198,0.627198,0.340659,0.626374,0.813187,2.65991
aotizhongxin,ar1|robust+gate,14,90,1.11872,1.25154,0.872171,0.64083,0.64083,0.344444,0.655556,0.788889,2.72437
aotizhongxin,ar1|robust+gate,15,91,1.11957,1.25343,0.86216,0.630688,0.630688,0.307692,0.681319,0.835165,2.78858
aotizhongxin,ar1|robust+gate,16,91,1.15784,1.3406,0.884118,0.649237,0.649237,0.32967,0.637363,0.835165,2.84604
aotizhongxin,ar1|robust+gate,17,90,1.11072,1.23371,0.837906,0.615169,0.615169,0.388889,0.688889,0.855556,2.89965
aotizhongxin,ar1|robust+gate,18,90,1.11966,1.25363,0.872845,0.638351,0.638351,0.355556,0.633333,0.833333,2.94946
aotizhongxin,ar1|robust+gate,19,90,1.1448,1.31056,0.888686,0.658698,0.658698,0.411111,0.588889,0.811111,2.99595
aotizhongxin,ar1|robust+gate,20,91,1.18601,1.40661,0.937425,0.692231,0.692231,0.351648,0.604396,0.791209,3.03928
aotizhongxin,ar1|robust+gate,21,90,1.122,1.25888,0.921008,0.660793,0.660793,0.322222,0.611111,0.822222,3.08005
aotizhongxin,ar1|robust+gate,22,89,1.27713,1.63106,1.02832,0.753728,0.753728,0.269663,0.58427,0.775281,3.11824
aotizhongxin,ar1|robust+gate,23,88,1.26869,1.60956,1.04377,0.758119,0.758119,0.295455,0.568182,0.761364,3.15405
aotizhongxin,ar1|robust+gate,24,90,1.31129,1.71948,1.06493,0.780015,0.780015,0.311111,0.555556,0.766667,3.18733
aotizhongxin,persistence|raw,1,90,0.410089,0.168173,0.26277,0.20972,,0.455556,0.7,0.888889,1.42308
aotizhongxin,persistence|raw,2,89,0.638856,0.408137,0.439605,0.339021,,0.426966,0.617978,0.88764,2.13695
aotizhongxin,persistence|raw,3,89,0.776951,0.603653,0.540557,0.413614,,0.426966,0.685393,0.820225,2.48253
aotizhongxin,persistence|raw,4,90,0.926623,0.85863,0.664472,0.50462,,0.411111,0.655556,0.822222,2.91273
aotizhongxin,persistence|raw,5,88,1.03179,1.06459,0.759135,0.569252,,0.375,0.613636,0.818182,3.16414
aotizhongxin,persistence|raw,6,90,1.10901,1.22989,0.815593,0.614379,,0.422222,0.577778,0.844444,3.41581
aotizhongxin,persistence|raw,7,91,1.08454,1.17622,0.832133,0.611171,,0.373626,0.604396,0.857143,3.66468
aotizhongxin,persistence|raw,8,90,1.14508,1.3112,0.869774,0.63813,,0.355556,0.633333,0.822222,3.86205
aotizhongxin,persistence|raw,9,90,1.18017,1.39279,0.898779,0.659048,,0.388889,0.644444,0.844444,4.0098
aotizhongxin,persistence|raw,10,89,1.19882,1.43717,0.898551,0.662147,,0.438202,0.640449,0.842697,4.19227
aotizhongxin,persistence|raw,11,90,1.19432,1.42639,0.863444,0.64548,,0.5,0.7,0.855556,4.42149
aotizhongxin,persistence|raw,12,90,1.20079,1.4419,0.864243,0.649922,,0.488889,0.688889,0.9,4.52792
aotizhongxin,persistence|raw,13,91,1.13473,1.28762,0.832918,0.61866,,0.505495,0.736264,0.901099,4.62442
aotizhongxin,persistence|raw,14,90,1.15846,1.34202,0.865583,0.63761,,0.455556,0.755556,0.922222,4.6966
aotizhongxin,persistence|raw,15,91,1.15904,1.34336,0.890577,0.645988,,0.417582,0.769231,0.956044,4.80023
aotizhongxin,persistence|raw,16,91,1.2221,1.49354,0.937552,0.684003,,0.43956,0.736264,0.956044,4.89901
aotizhongxin,persistence|raw,17,90,1.19973,1.43936,0.925814,0.671156,,0.388889,0.766667,0.955556,4.93374
aotizhongxin,persistence|raw,18,90,1.24042,1.53864,0.973533,0.701904,,0.433333,0.744444,0.933333,4.96946
aotizhongxin,persistence|raw,19,90,1.26912,1.61068,0.97034,0.708952,,0.466667,0.755556,0.933333,5.02019
aotizhongxin,persistence|raw,20,91,1.2865,1.65507,1.03212,0.738486,,0.417582,0.747253,0.967033,5.0669
aotizhongxin,persistence|raw,21,90,1.29508,1.67722,1.05506,0.745505,,0.4,0.788889,0.944444,5.11755
aotizhongxin,persistence|raw,22,89,1.39591,1.94856,1.12036,0.808204,,0.404494,0.707865,0.94382,5.18139
aotizhongxin,persistence|raw,23,88,1.45381,2.11358,1.17025,0.841092,,0.386364,0.659091,0.920455,5.21304
aotizhongxin,persistence|raw,24,90,1.48938,2.21826,1.20573,0.858954,,0.377778,0.7,0.922222,5.23785
tsnh4,ar1|raw,1,93,0.087858,0.00771902,0.0702812,0.0498998,0.0498998,0.537634,0.827957,0.989247,0.39161
tsnh4,ar1|raw,2,93,0.111983,0.0125402,0.0921473,0.0644465,0.0644465,0.516129,0.903226,0.978495,0.55195
tsnh4,ar1|raw,3,93,0.128343,0.0164719,0.105074,0.0742248,0.0742248,0.634409,0.924731,0.989247,0.67372
tsnh4,ar1|raw,4,93,0.153372,0.0235231,0.114741,0.0873609,0.0873609,0.666667,0.88172,0.978495,0.77533
tsnh4,ar1|raw,5,93,0.175542,0.0308149,0.134739,0.0996517,0.0996517,0.623656,0.924731,0.978495,0.863938
tsnh4,ar1|raw,6,93,0.18343,0.0336467,0.143924,0.105335,0.105335,0.645161,0.892473,0.989247,0.943229
tsnh4,ar1|raw,7,93,0.222975,0.0497179,0.16588,0.123355,0.123355,0.645161,0.88172,0.978495,1.0154
tsnh4,ar1|raw,8,93,0.252529,0.063771,0.179029,0.136113,0.136113,0.666667,0.88172,0.956989,1.08189
tsnh4,ar1|raw,9,93,0.269569,0.0726677,0.195231,0.14839,0.14839,0.655914,0.827957,0.946237,1.14371
tsnh4,ar1|raw,10,93,0.30308,0.0918576,0.215227,0.164559,0.164559,0.655914,0.795699,0.935484,1.20158
tsnh4,ar1|raw,11,93,0.326344,0.106501,0.236417,0.178093,0.178093,0.623656,0.795699,0.946237,1.25606
tsnh4,ar1|raw,12,93,0.367413,0.134992,0.259904,0.198811,0.198811,0.580645,0.806452,0.870968,1.30758
tsnh4,ar1|raw,13,93,0.383419,0.14701,0.267662,0.205958,0.205958,0.634409,0.806452,0.88172,1.35649
tsnh4,ar1|raw,14,93,0.395245,0.156219,0.281556,0.214078,0.214078,0.612903,0.774194,0.88172,1.40307
tsnh4,ar1|raw,15,93,0.415171,0.172367,0.297717,0.225381,0.225381,0.591398,0.784946,0.88172,1.44756
tsnh4,ar1|raw,16,93,0.435478,0.189641,0.30947,0.236493,0.236493,0.591398,0.763441,0.88172,1.49014
tsnh4,ar1|raw,17,93,0.450748,0.203174,0.329555,0.247568,0.247568,0.591398,0.763441,0.849462,1.53099
tsnh4,ar1|raw,18,93,0.465269,0.216475,0.338933,0.255908,0.255908,0.602151,0.763441,0.83871,1.57025
tsnh4,ar1|raw,19,93,0.498397,0.248399,0.359602,0.274657,0.274657,0.580645,0.741935,0.849462,1.60804
tsnh4,ar1|raw,20,93,0.516866,0.26715,0.370894,0.284647,0.284647,0.537634,0.72043,0.849462,1.64447
tsnh4,ar1|raw,21,93,0.53028,0.281197,0.384577,0.29411,0.29411,0.516129,0.741935,0.860215,1.67963
tsnh4,ar1|raw,22,93,0.542544,0.294353,0.387767,0.29911,0.29911,0.548387,0.72043,0.860215,1.71362
tsnh4,ar1|raw,23,93,0.551832,0.304519,0.398472,0.30476,0.30476,0.55914,0.709677,0.870968,1.74649
tsnh4,ar1|raw,24,93,0.569595,0.324438,0.42094,0.315981,0.315981,0.505376,0.709677,0.88172,1.77833
tsnh4,ar1|raw+gate,1,93,0.0977966,0.00956417,0.0737998,0.0529878,0.0529878,0.537634,0.817204,0.978495,0.393334
tsnh4,ar1|raw+gate,2,93,0.121441,0.0147479,0.0956421,0.0675436,0.0675436,0.516129,0.892473,0.967742,0.553259
tsnh4,ar1|raw+gate,3,93,0.137421,0.0188845,0.108545,0.0772831,0.0772831,0.634409,0.913978,0.978495,0.674813
tsnh4,ar1|raw+gate,4,93,0.162286,0.0263367,0.118189,0.0904648,0.0904648,0.666667,0.870968,0.967742,0.776283
tsnh4,ar1|raw+gate,5,93,0.183693,0.0337432,0.138164,0.102709,0.102709,0.623656,0.913978,0.967742,0.86479
tsnh4,ar1|raw+gate,6,93,0.191451,0.0366537,0.147325,0.108342,0.108342,0.645161,0.88172,0.978495,0.944005
tsnh4,ar1|raw+gate,7,93,0.231232,0.0534684,0.169258,0.126489,0.126489,0.645161,0.88172,0.967742,1.01612
tsnh4,ar1|raw+gate,8,93,0.26148,0.0683718,0.182384,0.139314,0.139314,0.666667,0.88172,0.946237,1.08256
tsnh4,ar1|raw+gate,9,93,0.278207,0.0773994,0.198564,0.151569,0.151569,0.655914,0.827957,0.935484,1.14433
tsnh4,ar1|raw+gate,10,93,0.311907,0.0972857,0.218537,0.167752,0.167752,0.655914,0.795699,0.935484,1.20216
tsnh4,ar1|raw+gate,11,93,0.333922,0.111504,0.239705,0.181231,0.181231,0.623656,0.795699,0.935484,1.25661
tsnh4,ar1|raw+gate,12,93,0.375177,0.140758,0.26317,0.201968,0.201968,0.580645,0.806452,0.870968,1.3081
tsnh4,ar1|raw+gate,13,93,0.391319,0.153131,0.270905,0.209104,0.209104,0.634409,0.806452,0.88172,1.35699
tsnh4,ar1|raw+gate,14,93,0.403161,0.162539,0.284778,0.217206,0.217206,0.612903,0.774194,0.88172,1.40355
tsnh4,ar1|raw+gate,15,93,0.422439,0.178455,0.300917,0.228477,0.228477,0.591398,0.784946,0.88172,1.44801
tsnh4,ar1|raw+gate,16,93,0.441547,0.194963,0.312648,0.239511,0.239511,0.591398,0.763441,0.870968,1.49058
tsnh4,ar1|raw+gate,17,93,0.456793,0.20866,0.332712,0.250573,0.250573,0.591398,0.763441,0.83871,1.53141
tsnh4,ar1|raw+gate,18,93,0.470845,0.221695,0.342068,0.258857,0.258857,0.602151,0.763441,0.827957,1.57066
tsnh4,ar1|raw+gate,19,93,0.503818,0.253833,0.362716,0.277603,0.277603,0.580645,0.741935,0.83871,1.60843
tsnh4,ar1|raw+gate,20,93,0.522227,0.272721,0.373987,0.28758,0.28758,0.537634,0.72043,0.83871,1.64485
tsnh4,ar1|raw+gate,21,93,0.535631,0.286901,0.387649,0.297031,0.297031,0.516129,0.741935,0.849462,1.68
tsnh4,ar1|raw+gate,22,93,0.54741,0.299658,0.390818,0.301961,0.301961,0.548387,0.72043,0.849462,1.71397
tsnh4,ar1|raw+gate,23,93,0.556397,0.309577,0.401502,0.307549,0.307549,0.55914,0.709677,0.860215,1.74684
tsnh4,ar1|raw+gate,24,93,0.57378,0.329223,0.42395,0.318697,0.318697,0.505376,0.709677,0.870968,1.77866
tsnh4,ar1|robust+gate,1,93,0.0979389,0.00959203,0.0739405,0.0531578,0.0531578,0.462366,0.752688,0.903226,0.312727
tsnh4,ar1|robust+gate,2,93,0.121886,0.0148561,0.0961084,0.0672438,0.0672438,0.483871,0.774194,0.956989,0.440407
tsnh4,ar1|robust+gate,3,93,0.137994,0.0190423,0.108857,0.0761264,0.0761264,0.505376,0.83871,0.956989,0.53781
tsnh4,ar1|robust+gate,4,93,0.163114,0.0266063,0.118629,0.0889859,0.0889859,0.602151,0.795699,0.924731,0.619419
tsnh4,ar1|robust+gate,5,93,0.184862,0.034174,0.138427,0.101617,0.101617,0.580645,0.795699,0.935484,0.690863
tsnh4,ar1|robust+gate,6,93,0.192806,0.0371742,0.148063,0.106945,0.106945,0.548387,0.806452,0.946237,0.755041
tsnh4,ar1|robust+gate,7,93,0.232469,0.0540417,0.169531,0.125348,0.125348,0.516129,0.806452,0.935484,0.813679
tsnh4,ar1|robust+gate,8,93,0.263226,0.069288,0.183398,0.138226,0.138226,0.55914,0.795699,0.913978,0.867904
tsnh4,ar1|robust+gate,9,93,0.280472,0.0786646,0.200436,0.151538,0.151538,0.623656,0.741935,0.88172,0.918503
tsnh4,ar1|robust+gate,10,93,0.314885,0.0991523,0.220687,0.168816,0.168816,0.55914,0.763441,0.870968,0.96605
tsnh4,ar1|robust+gate,11,93,0.337288,0.113763,0.242222,0.183475,0.183475,0.537634,0.72043,0.860215,1.01098
tsnh4,ar1|robust+gate,12,93,0.379374,0.143924,0.267623,0.205465,0.205465,0.516129,0.709677,0.83871,1.05363
tsnh4,ar1|robust+gate,13,93,0.396237,0.157004,0.275181,0.212428,0.212428,0.55914,0.741935,0.83871,1.09426
tsnh4,ar1|robust+gate,14,93,0.40904,0.167314,0.291041,0.221974,0.221974,0.526882,0.731183,0.83871,1.13311
tsnh4,ar1|robust+gate,15,93,0.428967,0.184013,0.307002,0.234312,0.234312,0.473118,0.72043,0.827957,1.17035
tsnh4,ar1|robust+gate,16,93,0.448869,0.201483,0.320157,0.245928,0.245928,0.516129,0.731183,0.806452,1.20613
tsnh4,ar1|robust+gate,17,93,0.465003,0.216228,0.340734,0.258666,0.258666,0.494624,0.709677,0.795699,1.24058
tsnh4,ar1|robust+gate,18,93,0.479784,0.230193,0.350725,0.267577,0.267577,0.505376,0.709677,0.784946,1.27381
tsnh4,ar1|robust+gate,19,93,0.513357,0.263536,0.372964,0.287531,0.287531,0.462366,0.677419,0.774194,1.30591
tsnh4,ar1|robust+gate,20,93,0.532763,0.283836,0.384148,0.298454,0.298454,0.473118,0.688172,0.784946,1.33698
tsnh4,ar1|robust+gate,21,93,0.547173,0.299398,0.397884,0.309419,0.309419,0.44086,0.645161,0.774194,1.36708
tsnh4,ar1|robust+gate,22,93,0.559829,0.313408,0.401769,0.314618,0.314618,0.462366,0.645161,0.795699,1.39628
tsnh4,ar1|robust+gate,23,93,0.569365,0.324176,0.412575,0.320666,0.320666,0.473118,0.645161,0.784946,1.42463
tsnh4,ar1|robust+gate,24,93,0.587658,0.345342,0.435761,0.333834,0.333834,0.419355,0.602151,0.817204,1.4522
tsnh4,persistence|raw,1,93,0.0882298,0.00778449,0.0706422,0.0503735,,0.408602,0.752688,0.989247,0.357016
tsnh4,persistence|raw,2,93,0.113293,0.0128353,0.0934046,0.0650524,,0.473118,0.806452,0.978495,0.532756
tsnh4,persistence|raw,3,93,0.130091,0.0169236,0.106125,0.0740606,,0.473118,0.870968,0.989247,0.675205
tsnh4,persistence|raw,4,93,0.155923,0.024312,0.116508,0.0868703,,0.569892,0.817204,1,0.829884
tsnh4,persistence|raw,5,93,0.179169,0.0321014,0.136319,0.0994406,,0.569892,0.860215,1,0.9842
tsnh4,persistence|raw,6,93,0.187729,0.0352423,0.146151,0.105692,,0.526882,0.870968,1,1.13209
tsnh4,persistence|raw,7,93,0.226926,0.0514956,0.167062,0.123101,,0.516129,0.860215,0.989247,1.28835
tsnh4,persistence|raw,8,93,0.257982,0.0665545,0.181866,0.135906,,0.591398,0.860215,0.978495,1.42197
tsnh4,persistence|raw,9,93,0.276635,0.0765272,0.200523,0.149183,,0.591398,0.817204,1,1.54758
tsnh4,persistence|raw,10,93,0.31223,0.0974876,0.222421,0.167323,,0.591398,0.806452,0.989247,1.67216
tsnh4,persistence|raw,11,93,0.336753,0.113402,0.245644,0.181858,,0.591398,0.83871,1,1.80575
tsnh4,persistence|raw,12,93,0.380215,0.144564,0.274262,0.203769,,0.580645,0.827957,0.989247,1.89938
tsnh4,persistence|raw,13,93,0.398398,0.158721,0.280817,0.212727,,0.591398,0.827957,0.978495,2.01524
tsnh4,persistence|raw,14,93,0.413119,0.170667,0.301055,0.223828,,0.580645,0.827957,0.989247,2.10994
tsnh4,persistence|raw,15,93,0.435061,0.189278,0.31724,0.235984,,0.516129,0.827957,1,2.23312
tsnh4,persistence|raw,16,93,0.457842,0.20962,0.332276,0.247591,,0.580645,0.83871,0.989247,2.33006
tsnh4,persistence|raw,17,93,0.475805,0.22639,0.353852,0.259952,,0.537634,0.806452,1,2.40103
tsnh4,persistence|raw,18,93,0.492608,0.242662,0.366562,0.268787,,0.537634,0.83871,0.989247,2.50186
tsnh4,persistence|raw,19,93,0.527562,0.278322,0.389314,0.286509,,0.526882,0.849462,0.989247,2.54497
tsnh4,persistence|raw,20,93,0.549044,0.301449,0.401735,0.296647,,0.537634,0.827957,0.989247,2.61614
tsnh4,persistence|raw,21,93,0.565518,0.31981,0.416793,0.307972,,0.494624,0.827957,1,2.66323
tsnh4,persistence|raw,22,93,0.580528,0.337013,0.422987,0.315312,,0.505376,0.827957,0.989247,2.71664
tsnh4,persistence|raw,23,93,0.59164,0.350038,0.433387,0.32232,,0.505376,0.827957,1,2.766
tsnh4,persistence|raw,24,93,0.612234,0.37483,0.456884,0.336068,,0.451613,0.860215,0.989247,2.75647
aotizhongxin,pmm|raw,1,90,0.396353,0.157096,0.264572,0.20634,0.20634,0.633333,0.8,0.9,1.3359
aotizhongxin,pmm|raw,2,89,0.594615,0.353567,0.424774,0.31845,0.31845,0.52809,0.752809,0.898876,1.82247
aotizhongxin,pmm|raw,3,89,0.710623,0.504985,0.520969,0.389386,0.389386,0.494382,0.741573,0.865169,2.17527
aotizhongxin,pmm|raw,4,90,0.845836,0.715439,0.651617,0.473481,0.473481,0.455556,0.722222,0.822222,2.45329
aotizhongxin,pmm|raw,5,88,0.952833,0.907892,0.765694,0.543295,0.543295,0.318182,0.681818,0.852273,2.67302
aotizhongxin,pmm|raw,6,90,1.01102,1.02216,0.812494,0.576672,0.576672,0.322222,0.688889,0.844444,2.85477
aotizhongxin,pmm|raw,7,91,1.01102,1.02216,0.84314,0.589432,0.589432,0.318681,0.67033,0.857143,3.00883
aotizhongxin,pmm|raw,8,90,1.06051,1.12468,0.88501,0.616765,0.616765,0.288889,0.688889,0.866667,3.13636
aotizhongxin,pmm|raw,9,90,1.06035,1.12434,0.890208,0.618684,0.618684,0.288889,0.7,0.888889,3.25051
aotizhongxin,pmm|raw,10,89,1.07032,1.1456,0.909547,0.624961,0.624961,0.303371,0.685393,0.921348,3.34956
aotizhongxin,pmm|raw,11,90,1.05386,1.11063,0.869419,0.606093,0.606093,0.333333,0.744444,0.911111,3.436
aotizhongxin,pmm|raw,12,90,1.06979,1.14444,0.886114,0.608398,0.608398,0.355556,0.744444,0.911111,3.51172
aotizhongxin,pmm|raw,13,91,0.995568,0.991156,0.835873,0.569398,0.569398,0.373626,0.78022,0.945055,3.58046
aotizhongxin,pmm|raw,14,90,1.01542,1.03107,0.845212,0.579513,0.579513,0.355556,0.788889,0.911111,3.63697
aotizhongxin,pmm|raw,15,91,1.00287,1.00575,0.840363,0.572938,0.572938,0.373626,0.769231,0.934066,3.69051
aotizhongxin,pmm|raw,16,91,1.04702,1.09625,0.863737,0.594225,0.594225,0.395604,0.813187,0.901099,3.73621
aotizhongxin,pmm|raw,17,90,0.997785,0.995575,0.806111,0.56022,0.56022,0.4,0.855556,0.933333,3.77674
aotizhongxin,pmm|raw,18,90,1.01368,1.02754,0.840817,0.578164,0.578164,0.388889,0.8,0.933333,3.81273
aotizhongxin,pmm|raw,19,90,1.03728,1.07595,0.866993,0.597066,0.597066,0.388889,0.777778,0.955556,3.84471
aotizhongxin,pmm|raw,20,91,1.08385,1.17473,0.911039,0.627446,0.627446,0.362637,0.769231,0.934066,3.87317
aotizhongxin,pmm|raw,21,90,1.02262,1.04575,0.876727,0.594277,0.594277,0.377778,0.755556,0.977778,3.89855
aotizhongxin,pmm|raw,22,89,1.14492,1.31084,0.967816,0.668431,0.668431,0.359551,0.707865,0.932584,3.92117
aotizhongxin,pmm|raw,23,88,1.13902,1.29736,0.978779,0.667551,0.667551,0.352273,0.704545,0.943182,3.94135
aotizhongxin,pmm|raw,24,90,1.18726,1.40959,1.003,0.689246,0.689246,0.366667,0.711111,0.911111,3.95934
aotizhongxin,pmm_default|raw,1,90,0.397617,0.158099,0.264947,0.206917,0.206917,0.633333,0.8,0.888889,1.33599
aotizhongxin,pmm_default|raw,2,89,0.595437,0.354545,0.425569,0.318973,0.318973,0.52809,0.752809,0.898876,1.82697
aotizhongxin,pmm_default|raw,3,89,0.711621,0.506404,0.521525,0.389935,0.389935,0.494382,0.741573,0.865169,2.17513
aotizhongxin,pmm_default|raw,4,90,0.846549,0.716645,0.651969,0.473862,0.473862,0.455556,0.722222,0.822222,2.45337
aotizhongxin,pmm_default|raw,5,88,0.953773,0.909684,0.766185,0.543806,0.543806,0.318182,0.681818,0.852273,2.67189
aotizhongxin,pmm_default|raw,6,90,1.0117,1.02354,0.812987,0.57713,0.57713,0.322222,0.688889,0.844444,2.85345
aotizhongxin,pmm_default|raw,7,91,1.01134,1.02282,0.843519,0.589723,0.589723,0.318681,0.67033,0.857143,3.00709
aotizhongxin,pmm_default|raw,8,90,1.06073,1.12514,0.885096,0.616929,0.616929,0.288889,0.688889,0.866667,3.13448
aotizhongxin,pmm_default|raw,9,90,1.06061,1.1249,0.890353,0.618906,0.618906,0.288889,0.7,0.888889,3.24848
aotizhongxin,pmm_default|raw,10,89,1.07067,1.14634,0.909713,0.6252,0.6252,0.303371,0.685393,0.921348,3.34747
aotizhongxin,pmm_default|raw,11,90,1.0542,1.11133,0.869229,0.606251,0.606251,0.333333,0.744444,0.911111,3.43388
aotizhongxin,pmm_default|raw,12,90,1.06989,1.14467,0.885863,0.608434,0.608434,0.355556,0.744444,0.911111,3.50961
aotizhongxin,pmm_default|raw,13,91,0.995512,0.991044,0.835586,0.569317,0.569317,0.373626,0.78022,0.945055,3.57838
aotizhongxin,pmm_default|raw,14,90,1.01536,1.03096,0.844937,0.579442,0.579442,0.355556,0.788889,0.911111,3.63493
aotizhongxin,pmm_default|raw,15,91,1.00271,1.00542,0.840094,0.57282,0.57282,0.373626,0.769231,0.934066,3.68854
aotizhongxin,pmm_default|raw,16,91,1.04684,1.09588,0.863547,0.59412,0.59412,0.395604,0.813187,0.901099,3.73431
aotizhongxin,pmm_default|raw,17,90,0.997686,0.995378,0.806028,0.560165,0.560165,0.4,0.855556,0.933333,3.77492
aotizhongxin,pmm_default|raw,18,90,1.01369,1.02756,0.840804,0.578196,0.578196,0.388889,0.8,0.933333,3.81098
aotizhongxin,pmm_default|raw,19,90,1.03729,1.07598,0.866855,0.597054,0.597054,0.388889,0.766667,0.955556,3.84306
aotizhongxin,pmm_default|raw,20,91,1.08374,1.1745,0.910811,0.627396,0.627396,0.362637,0.769231,0.934066,3.8716
aotizhongxin,pmm_default|raw,21,90,1.02266,1.04584,0.87664,0.594295,0.594295,0.377778,0.755556,0.977778,3.89706
aotizhongxin,pmm_default|raw,22,89,1.14492,1.31083,0.967776,0.668472,0.668472,0.359551,0.696629,0.932584,3.91976
aotizhongxin,pmm_default|raw,23,88,1.1391,1.29754,0.978958,0.667631,0.667631,0.352273,0.704545,0.943182,3.94003
aotizhongxin,pmm_default|raw,24,90,1.18731,1.40969,1.00305,0.689321,0.689321,0.366667,0.711111,0.911111,3.9581
tsnh4,pmm|raw,1,93,0.0869413,0.00755878,0.0691299,0.0493407,0.0493407,0.55914,0.849462,0.978495,0.387877
tsnh4,pmm|raw,2,93,0.109822,0.0120608,0.0900636,0.0632976,0.0632976,0.580645,0.903226,0.978495,0.562404
tsnh4,pmm|raw,3,93,0.120429,0.0145032,0.0977398,0.0711258,0.0711258,0.72043,0.946237,0.989247,0.704458
tsnh4,pmm|raw,4,93,0.140871,0.0198445,0.105672,0.0830104,0.0830104,0.72043,0.924731,1,0.830047
tsnh4,pmm|raw,5,93,0.158308,0.0250613,0.122575,0.0934619,0.0934619,0.72043,0.946237,0.989247,0.945015
tsnh4,pmm|raw,6,93,0.158341,0.025072,0.127995,0.0971422,0.0971422,0.741935,0.967742,1,1.05218
tsnh4,pmm|raw,7,93,0.190652,0.0363482,0.143146,0.111936,0.111936,0.784946,0.946237,0.978495,1.15314
tsnh4,pmm|raw,8,93,0.216691,0.0469551,0.149189,0.123806,0.123806,0.731183,0.935484,0.978495,1.24884
tsnh4,pmm|raw,9,93,0.229884,0.0528468,0.1655,0.134152,0.134152,0.731183,0.913978,0.989247,1.33996
tsnh4,pmm|raw,10,93,0.264844,0.0701423,0.195587,0.151263,0.151263,0.741935,0.913978,0.978495,1.42693
tsnh4,pmm|raw,11,93,0.289055,0.083553,0.217846,0.164743,0.164743,0.688172,0.903226,0.978495,1.51011
tsnh4,pmm|raw,12,93,0.333175,0.111006,0.243885,0.186208,0.186208,0.688172,0.849462,0.967742,1.58975
tsnh4,pmm|raw,13,93,0.350018,0.122512,0.254871,0.194918,0.194918,0.709677,0.870968,0.967742,1.66607
tsnh4,pmm|raw,14,93,0.364368,0.132764,0.277455,0.204766,0.204766,0.709677,0.870968,0.967742,1.73925
tsnh4,pmm|raw,15,93,0.38191,0.145855,0.290413,0.214473,0.214473,0.677419,0.870968,0.967742,1.80943
tsnh4,pmm|raw,16,93,0.404096,0.163294,0.301429,0.226169,0.226169,0.677419,0.860215,0.956989,1.87676
tsnh4,pmm|raw,17,93,0.418683,0.175296,0.317211,0.235865,0.235865,0.666667,0.83871,0.978495,1.94136
tsnh4,pmm|raw,18,93,0.432989,0.18748,0.331604,0.243946,0.243946,0.655914,0.83871,0.978495,2.00334
tsnh4,pmm|raw,19,93,0.468169,0.219182,0.353267,0.261918,0.261918,0.666667,0.83871,0.967742,2.06281
tsnh4,pmm|raw,20,93,0.484917,0.235145,0.367419,0.27071,0.27071,0.655914,0.83871,0.967742,2.11987
tsnh4,pmm|raw,21,93,0.497176,0.247184,0.380226,0.279123,0.279123,0.602151,0.83871,0.946237,2.17461
tsnh4,pmm|raw,22,93,0.513783,0.263973,0.388905,0.28696,0.28696,0.591398,0.83871,0.956989,2.22712
tsnh4,pmm|raw,23,93,0.525481,0.27613,0.401608,0.293801,0.293801,0.612903,0.83871,0.935484,2.27749
tsnh4,pmm|raw,24,93,0.546849,0.299044,0.422804,0.305192,0.305192,0.55914,0.849462,0.924731,2.3258
tsnh4,pmm_default|raw,1,93,0.0872384,0.00761054,0.0697886,0.0495816,0.0495816,0.526882,0.83871,0.989247,0.390026
tsnh4,pmm_default|raw,2,93,0.111374,0.0124042,0.0915618,0.0640776,0.0640776,0.537634,0.903226,0.978495,0.548211
tsnh4,pmm_default|raw,3,93,0.127297,0.0162045,0.104648,0.073652,0.073652,0.623656,0.935484,0.989247,0.667448
tsnh4,pmm_default|raw,4,93,0.152358,0.0232128,0.114386,0.0867434,0.0867434,0.655914,0.88172,0.978495,0.766098
tsnh4,pmm_default|raw,5,93,0.17371,0.0301752,0.134424,0.098628,0.098628,0.623656,0.903226,0.978495,0.851485
tsnh4,pmm_default|raw,6,93,0.181613,0.0329833,0.142747,0.10416,0.10416,0.623656,0.88172,0.989247,0.927242
tsnh4,pmm_default|raw,7,93,0.221537,0.0490788,0.16575,0.122484,0.122484,0.634409,0.870968,0.967742,0.995685
tsnh4,pmm_default|raw,8,93,0.25027,0.0626349,0.177547,0.134624,0.134624,0.655914,0.88172,0.946237,1.0582
tsnh4,pmm_default|raw,9,93,0.266273,0.0709014,0.19205,0.146221,0.146221,0.666667,0.83871,0.913978,1.11588
tsnh4,pmm_default|raw,10,93,0.298598,0.0891605,0.213225,0.161529,0.161529,0.612903,0.83871,0.924731,1.16942
tsnh4,pmm_default|raw,11,93,0.321089,0.103098,0.232634,0.174596,0.174596,0.623656,0.806452,0.935484,1.21944
tsnh4,pmm_default|raw,12,93,0.360833,0.130201,0.255408,0.194302,0.194302,0.591398,0.817204,0.88172,1.26634
tsnh4,pmm_default|raw,13,93,0.375411,0.140934,0.259463,0.200559,0.200559,0.688172,0.806452,0.860215,1.31053
tsnh4,pmm_default|raw,14,93,0.385796,0.148839,0.270551,0.207556,0.207556,0.645161,0.795699,0.870968,1.35225
tsnh4,pmm_default|raw,15,93,0.404183,0.163364,0.287198,0.217889,0.217889,0.634409,0.795699,0.870968,1.39179
tsnh4,pmm_default|raw,16,93,0.4233,0.179183,0.298566,0.228398,0.228398,0.623656,0.784946,0.892473,1.42931
tsnh4,pmm_default|raw,17,93,0.436567,0.190591,0.313651,0.238237,0.238237,0.623656,0.763441,0.83871,1.46503
tsnh4,pmm_default|raw,18,93,0.449945,0.20245,0.322583,0.24564,0.24564,0.602151,0.763441,0.827957,1.49905
tsnh4,pmm_default|raw,19,93,0.481769,0.232102,0.344754,0.264017,0.264017,0.602151,0.752688,0.817204,1.53156
tsnh4,pmm_default|raw,20,93,0.498542,0.248544,0.353516,0.272834,0.272834,0.602151,0.731183,0.849462,1.56262
tsnh4,pmm_default|raw,21,93,0.509832,0.259929,0.366179,0.280886,0.280886,0.569892,0.752688,0.817204,1.59237
tsnh4,pmm_default|raw,22,93,0.520825,0.271259,0.370922,0.285313,0.285313,0.569892,0.741935,0.860215,1.62087
tsnh4,pmm_default|raw,23,93,0.52902,0.279862,0.379404,0.290594,0.290594,0.591398,0.72043,0.860215,1.64823
tsnh4,pmm_default|raw,24,93,0.545609,0.297689,0.404019,0.301196,0.301196,0.516129,0.72043,0.88172,1.67449
mote20,pmm|raw,1,106,0.018991,0.000360659,0.013764,0.0132825,0.0132825,0.896226,0.971698,1,0.169664
mote20,pmm|raw,2,109,0.0270348,0.00073088,0.0185479,0.0193609,0.0193609,0.908257,0.981651,1,0.25323
mote20,pmm|raw,3,105,0.0349654,0.00122258,0.0242118,0.0253311,0.0253311,0.885714,0.990476,0.990476,0.335672
mote20,pmm|raw,4,108,0.0465204,0.00216414,0.0300683,0.031907,0.031907,0.898148,0.981481,0.990741,0.412093
mote20,pmm|raw,5,98,0.0544883,0.00296898,0.0352499,0.0378971,0.0378971,0.877551,0.979592,0.989796,0.492352
mote20,pmm|raw,7,106,0.10537,0.0111029,0.0517129,0.0552807,0.0552807,0.886792,0.971698,0.990566,0.645453
mote20,pmm|raw,9,105,0.202819,0.0411357,0.0665908,0.0747058,0.0747058,0.885714,0.990476,0.990476,0.801687
mote20,pmm|raw,10,109,0.23546,0.0554416,0.0752237,0.0845129,0.0845129,0.908257,0.972477,0.981651,0.879794
mote20,pmm|raw,11,106,0.268139,0.0718984,0.0885248,0.096031,0.096031,0.867925,0.962264,0.981132,0.955614
mote20,pmm|raw,12,97,0.29861,0.0891679,0.0958501,0.105212,0.105212,0.886598,0.969072,0.969072,1.02932
mote20,pmm|raw,13,107,0.290373,0.0843168,0.0917873,0.10491,0.10491,0.915888,0.971963,0.981308,1.10814
mote20,pmm|raw,14,105,0.319291,0.101947,0.111938,0.120122,0.120122,0.895238,0.961905,0.971429,1.1813
mote20,pmm|raw,15,103,0.335964,0.112872,0.115779,0.126354,0.126354,0.902913,0.961165,0.970874,1.25652
mote20,pmm|raw,16,109,0.335741,0.112722,0.11549,0.129723,0.129723,0.908257,0.954128,0.972477,1.33058
mote20,pmm|raw,17,104,0.350417,0.122792,0.123535,0.137675,0.137675,0.903846,0.961538,0.971154,1.40112
mote20,pmm|raw,18,108,0.157469,0.0247964,0.0866595,0.109433,0.109433,0.925926,0.981481,0.990741,1.47574
mote20,pmm|raw,19,99,0.371237,0.137817,0.137196,0.151945,0.151945,0.89899,0.959596,0.969697,1.54578
mote20,pmm|raw,20,97,0.388907,0.151249,0.148673,0.161173,0.161173,0.886598,0.958763,0.969072,1.61528
mote20,pmm|raw,22,103,0.384365,0.147736,0.144004,0.162514,0.162514,0.902913,0.970874,0.980583,1.7517
mote20,pmm|raw,23,107,0.407002,0.16565,0.158219,0.174667,0.174667,0.88785,0.962617,0.971963,1.82091
mote20,pmm|raw,24,111,0.400903,0.160724,0.153019,0.173639,0.173639,0.918919,0.972973,0.972973,1.88662
mote20,pmm|raw,6,102,0.0595734,0.00354899,0.0365845,0.0428476,0.0428476,0.911765,0.980392,1,0.567337
mote20,pmm|raw,8,104,0.168718,0.0284658,0.0612579,0.0676248,0.0676248,0.875,0.980769,0.980769,0.724246
mote20,pmm|raw,21,100,0.396039,0.156847,0.14801,0.164787,0.164787,0.92,0.96,0.97,1.68462
mote20,pmm_default|raw,1,106,0.0246723,0.000608722,0.0160875,0.0170757,0.0170757,0.90566,0.971698,1,0.220902
mote20,pmm_default|raw,2,109,0.0306886,0.000941788,0.0207396,0.0203657,0.0203657,0.862385,0.954128,1,0.251067
mote20,pmm_default|raw,3,105,0.0465342,0.00216543,0.0287042,0.0281351,0.0281351,0.895238,0.942857,0.980952,0.326227
mote20,pmm_default|raw,4,108,0.0589582,0.00347607,0.034733,0.0329489,0.0329489,0.861111,0.935185,0.962963,0.347207
mote20,pmm_default|raw,5,98,0.0702062,0.00492892,0.0395905,0.0384362,0.0384362,0.857143,0.928571,0.959184,0.404455
mote20,pmm_default|raw,7,106,0.122228,0.0149396,0.0610259,0.0551366,0.0551366,0.792453,0.90566,0.95283,0.468802
mote20,pmm_default|raw,9,105,0.215985,0.0466496,0.0809753,0.071086,0.071086,0.819048,0.904762,0.961905,0.526138
mote20,pmm_default|raw,10,109,0.250368,0.0626843,0.0950554,0.0812717,0.0812717,0.788991,0.899083,0.944954,0.540724
mote20,pmm_default|raw,11,106,0.281535,0.0792619,0.105447,0.0913347,0.0913347,0.792453,0.896226,0.933962,0.577649
mote20,pmm_default|raw,12,97,0.311204,0.096848,0.111061,0.0969628,0.0969628,0.762887,0.896907,0.938144,0.589406
mote20,pmm_default|raw,13,107,0.303104,0.0918723,0.111144,0.0944418,0.0944418,0.775701,0.906542,0.943925,0.625234
mote20,pmm_default|raw,14,105,0.333249,0.111055,0.130262,0.110036,0.110036,0.761905,0.847619,0.933333,0.636479
mote20,pmm_default|raw,15,103,0.352074,0.123956,0.138519,0.116121,0.116121,0.757282,0.893204,0.932039,0.668842
mote20,pmm_default|raw,16,109,0.353165,0.124725,0.141361,0.118037,0.118037,0.697248,0.880734,0.93578,0.680147
mote20,pmm_default|raw,17,104,0.369837,0.136779,0.148399,0.125201,0.125201,0.730769,0.875,0.932692,0.709647
mote20,pmm_default|raw,18,108,0.195316,0.0381484,0.117031,0.0938299,0.0938299,0.731481,0.888889,0.953704,0.721044
mote20,pmm_default|raw,19,99,0.394456,0.155596,0.166956,0.139505,0.139505,0.717172,0.858586,0.919192,0.749045
mote20,pmm_default|raw,20,97,0.413403,0.170902,0.183219,0.149792,0.149792,0.670103,0.865979,0.917526,0.758765
mote20,pmm_default|raw,22,103,0.410092,0.168175,0.177854,0.145948,0.145948,0.699029,0.864078,0.912621,0.79525
mote20,pmm_default|raw,23,107,0.432944,0.187441,0.193813,0.157786,0.157786,0.700935,0.859813,0.906542,0.82156
mote20,pmm_default|raw,24,111,0.42654,0.181936,0.188785,0.153204,0.153204,0.693694,0.873874,0.918919,0.830654
mote20,pmm_default|raw,6,102,0.080372,0.00645965,0.0481625,0.0433125,0.0433125,0.803922,0.901961,0.960784,0.421354
mote20,pmm_default|raw,8,104,0.181392,0.032903,0.072812,0.0647737,0.0647737,0.826923,0.913462,0.951923,0.484705
mote20,pmm_default|raw,21,100,0.422788,0.178749,0.183314,0.151798,0.151798,0.69,0.87,0.92,0.786219
