study,rate,method,spike_last,n,rmse,mse,mae,crps,crps_gauss,cov50,cov80,cov95,w95
aotizhongxin,0,hmc_in_K3|raw+gate,False,90,0.59089,0.34916,0.47476,0.3336,0.33132,0.41111,0.75556,0.92222,2.3653
aotizhongxin,0,hmc_in_K3|raw,False,90,0.59089,0.34916,0.47476,0.3336,0.33132,0.41111,0.75556,0.92222,2.3653
aotizhongxin,0,hmc_in_K3|robust+gate,False,90,0.59084,0.34909,0.47485,0.33375,0.33148,0.41111,0.75556,0.92222,2.3526
aotizhongxin,0,hmc_in_K3|robust,False,90,0.59084,0.34909,0.47485,0.33375,0.33148,0.41111,0.75556,0.92222,2.3526
mote20,0,hmc_in_K3|raw+gate,False,212,1.31,1.7161,1.0419,0.73296,0.72872,0.4434,0.75472,0.9434,4.7728
mote20,0,hmc_in_K3|raw,False,212,1.31,1.7161,1.0419,0.73296,0.72872,0.4434,0.75472,0.9434,4.7728
mote20,0,hmc_in_K3|robust+gate,False,212,1.3349,1.7821,1.0512,0.75381,0.74885,0.41509,0.70755,0.88679,4.171
mote20,0,hmc_in_K3|robust,False,212,1.3253,1.7565,1.0478,0.75259,0.74823,0.41509,0.70755,0.88679,4.1442
tsnh4,0,hmc_in_K3|raw+gate,False,93,0.30356,0.092151,0.25755,0.18485,0.17336,0.41935,0.83871,1,1.3886
tsnh4,0,hmc_in_K3|raw,False,93,0.30356,0.092151,0.25755,0.18485,0.17336,0.41935,0.83871,1,1.3886
tsnh4,0,hmc_in_K3|robust+gate,False,93,0.30369,0.092227,0.25814,0.18493,0.17344,0.43011,0.83871,1,1.3857
tsnh4,0,hmc_in_K3|robust,False,93,0.30369,0.092227,0.25814,0.18493,0.17344,0.43011,0.83871,1,1.3857
aotizhongxin,0.01,hmc_in_K3|raw+gate,False,269,0.73786,0.54444,0.57833,0.41945,0.42617,0.50186,0.78067,0.92565,3.05
aotizhongxin,0.01,hmc_in_K3|raw,False,269,0.73786,0.54444,0.57833,0.41945,0.42617,0.50186,0.78067,0.92565,3.05
aotizhongxin,0.01,hmc_in_K3|robust+gate,False,269,0.74016,0.54783,0.58091,0.4203,0.42647,0.49442,0.78067,0.92565,3.0397
aotizhongxin,0.01,hmc_in_K3|robust,False,269,0.74016,0.54783,0.58091,0.4203,0.42647,0.49442,0.78067,0.92565,3.0397
aotizhongxin,0.01,hmc_in_K3|hampel+gate,False,269,0.59161,0.35001,0.47629,0.33452,0.33204,0.41264,0.75465,0.92193,2.3531
mote20,0,hmc_in_K3|hampel+gate,False,106,1.3349,1.7821,1.0512,0.75381,0.74885,0.41509,0.70755,0.88679,4.171
aotizhongxin,0.01,hmc_in_K3|raw+gate,True,1,0.57617,0.33197,0.57617,0.32879,0.37035,1,1,1,3.7957
aotizhongxin,0.01,hmc_in_K3|raw,True,1,0.57617,0.33197,0.57617,0.32879,0.37035,1,1,1,3.7957
aotizhongxin,0.01,hmc_in_K3|robust+gate,True,1,0.76773,0.58941,0.76773,0.43715,0.46122,1,1,1,3.8158
aotizhongxin,0.01,hmc_in_K3|robust,True,1,0.76773,0.58941,0.76773,0.43715,0.46122,1,1,1,3.8158
aotizhongxin,0.01,hmc_in_K3|hampel+gate,True,1,1.3685,1.8729,1.3685,0.877,0.9035,0,0,1,3.3035
aotizhongxin,0.05,hmc_in_K3|raw+gate,False,255,0.7824,0.61215,0.58355,0.43201,0.527,0.55294,0.83922,0.96471,8.2267
aotizhongxin,0.05,hmc_in_K3|raw+gate,True,15,0.97398,0.94864,0.79721,0.56386,0.55939,0.6,0.73333,1,3.7822
aotizhongxin,0.05,hmc_in_K3|raw,False,255,0.7824,0.61215,0.58355,0.43201,0.527,0.55294,0.83922,0.96471,8.2267
aotizhongxin,0.05,hmc_in_K3|raw,True,15,0.97398,0.94864,0.79721,0.56386,0.55939,0.6,0.73333,1,3.7822
aotizhongxin,0.05,hmc_in_K3|robust+gate,False,255,0.78248,0.61227,0.58366,0.43207,0.52696,0.55294,0.83922,0.96471,8.2248
aotizhongxin,0.05,hmc_in_K3|robust+gate,True,15,0.97414,0.94895,0.79698,0.56395,0.55947,0.6,0.73333,1,3.781
aotizhongxin,0.05,hmc_in_K3|robust,False,255,0.78248,0.61227,0.58366,0.43207,0.52696,0.55294,0.83922,0.96471,8.2248
aotizhongxin,0.05,hmc_in_K3|robust,True,15,0.97414,0.94895,0.79698,0.56395,0.55947,0.6,0.73333,1,3.781
aotizhongxin,0.05,hmc_in_K3|hampel+gate,False,255,0.5903,0.34845,0.47557,0.33476,0.33211,0.40392,0.7451,0.91765,2.3419
aotizhongxin,0.05,hmc_in_K3|hampel+gate,True,15,0.65133,0.42423,0.52171,0.3544,0.35974,0.4,0.8,1,2.8481
tsnh4,0,pmc_state_K2|raw+gate,False,93,0.08876,0.0078784,0.070879,0.049822,0.049963,0.43011,0.68817,0.95699,0.33334
tsnh4,0,pmc_state_K2|raw,False,93,0.08876,0.0078784,0.070879,0.049822,0.049963,0.43011,0.68817,0.95699,0.33334
tsnh4,0,pmc_state_K2|robust+gate,False,93,0.092879,0.0086265,0.073466,0.052108,0.051954,0.4086,0.67742,0.94624,0.32367
tsnh4,0,pmc_state_K2|robust,False,93,0.088549,0.0078409,0.070804,0.049902,0.04976,0.41935,0.68817,0.95699,0.32231
aotizhongxin,0,pmc_pair_K3|raw+gate,False,90,0.39581,0.15666,0.26136,0.19875,0.19985,0.43333,0.7,0.9,1.3361
aotizhongxin,0,pmc_pair_K3|raw,False,90,0.396,0.15681,0.26171,0.19889,0.20001,0.43333,0.68889,0.9,1.328
aotizhongxin,0,pmc_pair_K3|robust+gate,False,90,0.39622,0.15699,0.26387,0.1998,0.20186,0.45556,0.72222,0.91111,1.3448
aotizhongxin,0,pmc_pair_K3|robust,False,90,0.39622,0.15699,0.26387,0.1998,0.20186,0.45556,0.72222,0.91111,1.3448
mote20,0,ar1|raw,False,212,0.15719,0.024707,0.091905,0.1423,0.1423,0.95755,0.98585,1,2.2282
mote20,0,ar1|raw+gate,False,212,2.3982,5.7515,0.92339,0.89808,0.89808,0.85377,0.87264,0.87264,2.7309
mote20,0,ar1|robust+gate,False,212,5.8733,34.496,5.232,4.9788,4.9788,0.066038,0.084906,0.084906,1.7626
mote20,0,persistence|raw,False,212,0.021048,0.00044303,0.014523,0.010895,,0.58491,0.83019,0.96226,0.1349
aotizhongxin,0,ar1|raw,False,90,0.39655,0.15725,0.26351,0.20618,0.20618,0.64444,0.8,0.9,1.3374
aotizhongxin,0,ar1|raw+gate,False,90,0.56865,0.32336,0.34204,0.27179,0.27179,0.6,0.75556,0.85556,1.3808
aotizhongxin,0,ar1|robust+gate,False,90,0.68525,0.46957,0.37419,0.3131,0.3131,0.51111,0.65556,0.71111,0.91447
aotizhongxin,0,persistence|raw,False,90,0.41009,0.16817,0.26277,0.20972,,0.45556,0.7,0.88889,1.4231
tsnh4,0,ar1|raw,False,93,0.087858,0.007719,0.070281,0.0499,0.0499,0.53763,0.82796,0.98925,0.39161
tsnh4,0,ar1|raw+gate,False,93,0.097797,0.0095642,0.0738,0.052988,0.052988,0.53763,0.8172,0.97849,0.39333
tsnh4,0,ar1|robust+gate,False,93,0.097939,0.009592,0.07394,0.053158,0.053158,0.46237,0.75269,0.90323,0.31273
tsnh4,0,persistence|raw,False,93,0.08823,0.0077845,0.070642,0.050373,,0.4086,0.75269,0.98925,0.35702
aotizhongxin,0.01,ar1|raw,False,269,0.47758,0.22808,0.36358,0.30215,0.30215,0.85502,0.97026,0.98885,3.5403
aotizhongxin,0.01,ar1|raw+gate,False,269,0.47758,0.22808,0.36358,0.30215,0.30215,0.85502,0.97026,0.98885,3.5403
aotizhongxin,0.01,ar1|robust+gate,False,269,0.68607,0.4707,0.37426,0.31324,0.31324,0.51301,0.65799,0.71004,0.91777
aotizhongxin,0.01,persistence|raw,False,269,0.41028,0.16833,0.26242,0.20976,,0.4684,0.7026,0.94424,1.8678
aotizhongxin,0.01,ar1|raw,True,1,4.1321,17.074,4.1321,3.6329,3.6329,0,0,0,3.4682
aotizhongxin,0.01,ar1|raw+gate,True,1,0.6173,0.38105,0.6173,0.38891,0.38891,1,1,1,4.2152
aotizhongxin,0.01,ar1|robust+gate,True,1,0.79608,0.63374,0.79608,0.62545,0.62545,0,0,0,1.1913
aotizhongxin,0.01,persistence|raw,True,1,6.1767,38.152,6.1767,5.9074,,0,0,0,1.8306
aotizhongxin,0.05,ar1|raw,False,255,0.87537,0.76628,0.70571,0.56647,0.56647,0.82353,0.97647,1,6.6774
aotizhongxin,0.05,ar1|raw,True,15,2.3278,5.4187,2.2261,1.4613,1.4613,0.066667,0.6,0.93333,6.6944
aotizhongxin,0.05,ar1|raw+gate,False,255,0.87537,0.76628,0.70571,0.56647,0.56647,0.82353,0.97647,1,6.6774
aotizhongxin,0.05,ar1|raw+gate,True,15,1.8098,3.2754,1.2716,1.0225,1.0225,0.66667,0.66667,0.93333,6.8868
aotizhongxin,0.05,ar1|robust+gate,False,255,0.73708,0.54328,0.38983,0.32778,0.32778,0.52157,0.65882,0.71765,0.9325
aotizhongxin,0.05,ar1|robust+gate,True,15,0.7551,0.57018,0.51582,0.42558,0.42558,0.46667,0.6,0.6,1.2437
aotizhongxin,0.05,persistence|raw,False,255,0.41283,0.17043,0.26208,0.23655,,0.49804,0.74118,1,13.075
aotizhongxin,0.05,persistence|raw,True,15,6.2943,39.618,6.2887,5.5604,,0,0,0.86667,13.081
aotizhongxin,0.05,pmc_pair_K3|raw+gate,False,87,0.47124,0.22207,0.36336,0.20909,0.40438,0.44828,0.81609,0.96552,7.2306
aotizhongxin,0.05,pmc_pair_K3|raw+gate,True,3,0.25765,0.066385,0.22489,0.15411,0.1607,0.33333,0.66667,1,1.5686
aotizhongxin,0.05,pmc_pair_K3|raw,False,87,0.47124,0.22207,0.36336,0.20909,0.40438,0.44828,0.81609,0.96552,7.2306
aotizhongxin,0.05,pmc_pair_K3|raw,True,3,0.25765,0.066385,0.22489,0.15411,0.1607,0.33333,0.66667,1,1.5686
aotizhongxin,0.05,pmc_pair_K3|robust+gate,False,87,0.46628,0.21742,0.36039,0.20737,0.40141,0.47126,0.82759,0.96552,7.2329
aotizhongxin,0.05,pmc_pair_K3|robust+gate,True,3,0.24896,0.061979,0.21889,0.1513,0.15373,0.33333,0.66667,1,1.4876
aotizhongxin,0.05,pmc_pair_K3|robust,False,87,0.46659,0.2177,0.36087,0.20714,0.40154,0.47126,0.82759,0.96552,7.2282
aotizhongxin,0.05,pmc_pair_K3|robust,True,3,0.24896,0.061979,0.21889,0.1513,0.15373,0.33333,0.66667,1,1.4876
aotizhongxin,0.05,pmc_pair_K3|hampel+gate,False,87,0.46628,0.21742,0.36039,0.20737,0.40141,0.47126,0.82759,0.96552,7.2329
aotizhongxin,0.05,pmc_pair_K3|hampel+gate,True,3,0.24896,0.061979,0.21889,0.1513,0.15373,0.33333,0.66667,1,1.4876
aotizhongxin,0.01,pmc_pair_K3|raw+gate,False,90,0.38324,0.14687,0.25393,0.19708,0.24677,0.45556,0.72222,0.94444,1.5036
aotizhongxin,0.01,pmc_pair_K3|raw,False,90,0.38369,0.14722,0.25444,0.19728,0.24692,0.45556,0.72222,0.94444,1.5012
aotizhongxin,0.01,pmc_pair_K3|robust+gate,False,90,0.38459,0.14791,0.25491,0.19762,0.24231,0.46667,0.74444,0.92222,1.4653
aotizhongxin,0.01,pmc_pair_K3|robust,False,90,0.38512,0.14832,0.2558,0.19773,0.24256,0.46667,0.74444,0.92222,1.4552
aotizhongxin,0.01,pmc_pair_K3|hampel+gate,False,90,0.39179,0.1535,0.2596,0.19751,0.19943,0.45556,0.72222,0.91111,1.3358
aotizhongxin,0,pmm|raw,False,90,0.39635,0.1571,0.26457,0.20634,0.20634,0.63333,0.8,0.9,1.3359
aotizhongxin,0,pmm_default|raw,False,90,0.39762,0.1581,0.26495,0.20692,0.20692,0.63333,0.8,0.88889,1.336
tsnh4,0,pmm|raw,False,93,0.086941,0.0075588,0.06913,0.049341,0.049341,0.55914,0.84946,0.97849,0.38788
tsnh4,0,pmm_default|raw,False,93,0.087238,0.0076105,0.069789,0.049582,0.049582,0.52688,0.83871,0.98925,0.39003
mote20,0,pmm|raw,False,212,0.048844,0.0023858,0.027728,0.10146,0.10146,0.94811,0.98585,1,1.6568
mote20,0,pmm_default|raw,False,212,0.037702,0.0014214,0.023297,0.11171,0.11171,0.95283,0.98585,1,1.8326
aotizhongxin,0.01,pmm|raw,False,269,0.55964,0.31319,0.40819,0.32263,0.32263,0.74721,0.94052,0.97398,3.2374
aotizhongxin,0.01,pmm_default|raw,False,269,0.55964,0.3132,0.40819,0.32263,0.32263,0.74721,0.94052,0.97398,3.2374
aotizhongxin,0.01,pmm|raw,True,1,1.8821,3.5423,1.8821,1.4294,1.4294,0,0,0,3.1849
aotizhongxin,0.01,pmm_default|raw,True,1,1.882,3.542,1.882,1.4293,1.4293,0,0,0,3.185
aotizhongxin,0.05,pmm|raw,False,255,0.74567,0.55603,0.54301,0.50072,0.50072,0.87451,0.97255,1,6.2418
aotizhongxin,0.05,pmm|raw,True,15,1.0653,1.1349,0.8869,0.63558,0.63558,0.66667,1,1,6.2608
aotizhongxin,0.05,pmm_default|raw,False,255,0.74567,0.55603,0.54301,0.50072,0.50072,0.87451,0.97255,1,6.2418
aotizhongxin,0.05,pmm_default|raw,True,15,1.0653,1.1349,0.8869,0.63558,0.63558,0.66667,1,1,6.2608
