study,rate,case,method,n,rmse,mse,mae,crps,crps_gauss,cov50,cov80,cov95,w95
aotizhongxin,0,aotizhongxin__clean,hmc_in_K3|raw+gate,2157,1.0503,1.1032,0.87544,0.60018,0.60503,0.3528,0.68428,0.88827,3.4344
aotizhongxin,0,aotizhongxin__clean,hmc_in_K3|raw,2157,1.0503,1.1032,0.87544,0.60018,0.60503,0.3528,0.68428,0.88827,3.4344
aotizhongxin,0,aotizhongxin__clean,hmc_in_K3|robust+gate,2157,1.0503,1.1031,0.87494,0.6007,0.6055,0.35141,0.68011,0.88503,3.4034
aotizhongxin,0,aotizhongxin__clean,hmc_in_K3|robust,2157,1.0503,1.1031,0.87494,0.6007,0.6055,0.35141,0.68011,0.88503,3.4034
mote20,0,mote20__clean,hmc_in_K3|raw+gate,2508,1.359,1.8469,1.0762,0.75918,0.75601,0.439,0.77671,0.93341,5.1607
mote20,0,mote20__clean,hmc_in_K3|raw,2508,1.359,1.8469,1.0762,0.75918,0.75601,0.439,0.77671,0.93341,5.1607
mote20,0,mote20__clean,hmc_in_K3|robust+gate,2508,1.3773,1.8969,1.0821,0.77778,0.77255,0.39155,0.70574,0.88437,4.547
mote20,0,mote20__clean,hmc_in_K3|robust,2508,1.3692,1.8748,1.0788,0.77657,0.77177,0.39155,0.70574,0.88437,4.5214
tsnh4,0,tsnh4__clean,hmc_in_K3|raw+gate,2232,0.47118,0.22201,0.34041,0.25961,0.25023,0.51747,0.84274,0.99104,2.1669
tsnh4,0,tsnh4__clean,hmc_in_K3|raw,2232,0.47118,0.22201,0.34041,0.25961,0.25023,0.51747,0.84274,0.99104,2.1669
tsnh4,0,tsnh4__clean,hmc_in_K3|robust+gate,2232,0.47242,0.22318,0.34124,0.26,0.25026,0.51792,0.83961,0.9897,2.1388
tsnh4,0,tsnh4__clean,hmc_in_K3|robust,2232,0.47242,0.22318,0.34124,0.26,0.25026,0.51792,0.83961,0.9897,2.1388
aotizhongxin,0.01,aotizhongxin__spikes_r0.01_k6_s0,hmc_in_K3|raw+gate,2157,1.087,1.1815,0.90813,0.62649,0.62157,0.40844,0.71256,0.91562,3.7645
aotizhongxin,0.01,aotizhongxin__spikes_r0.01_k6_s0,hmc_in_K3|raw,2157,1.087,1.1815,0.90813,0.62649,0.62157,0.40844,0.71256,0.91562,3.7645
aotizhongxin,0.01,aotizhongxin__spikes_r0.01_k6_s0,hmc_in_K3|robust+gate,2157,1.0867,1.181,0.90781,0.62648,0.62141,0.40658,0.71117,0.91562,3.7606
aotizhongxin,0.01,aotizhongxin__spikes_r0.01_k6_s0,hmc_in_K3|robust,2157,1.0867,1.181,0.90781,0.62648,0.62141,0.40658,0.71117,0.91562,3.7606
aotizhongxin,0.01,aotizhongxin__spikes_r0.01_k6_s0,hmc_in_K3|hampel+gate,2157,1.0512,1.105,0.87692,0.60154,0.60631,0.34863,0.68104,0.88503,3.4078
mote20,0,mote20__raw,hmc_in_K3|raw+gate,2508,1.339,1.793,1.0603,0.7501,0.74666,0.43939,0.74641,0.93461,5.2144
mote20,0,mote20__raw,hmc_in_K3|raw,2508,1.339,1.793,1.0603,0.7501,0.74666,0.43939,0.74641,0.93461,5.2144
mote20,0,mote20__raw,hmc_in_K3|robust+gate,2508,1.3773,1.8969,1.0821,0.77778,0.77255,0.39155,0.70574,0.88437,4.547
mote20,0,mote20__raw,hmc_in_K3|robust,2508,1.3692,1.8748,1.0788,0.77657,0.77177,0.39155,0.70574,0.88437,4.5214
mote20,0,mote20__raw,hmc_in_K3|hampel+gate,2508,1.3773,1.8969,1.0821,0.77778,0.77255,0.39155,0.70574,0.88437,4.547
aotizhongxin,0.01,aotizhongxin__spikes_r0.01_k6_s1,hmc_in_K3|raw+gate,2157,1.0912,1.1906,0.91252,0.62701,0.62389,0.39963,0.71025,0.90867,3.7363
aotizhongxin,0.01,aotizhongxin__spikes_r0.01_k6_s1,hmc_in_K3|raw,2157,1.0912,1.1906,0.91252,0.62701,0.62389,0.39963,0.71025,0.90867,3.7363
aotizhongxin,0.01,aotizhongxin__spikes_r0.01_k6_s1,hmc_in_K3|robust+gate,2157,1.0909,1.1902,0.91221,0.62702,0.62374,0.39963,0.70932,0.90867,3.7327
aotizhongxin,0.01,aotizhongxin__spikes_r0.01_k6_s1,hmc_in_K3|robust,2157,1.0909,1.1902,0.91221,0.62702,0.62374,0.39963,0.70932,0.90867,3.7327
aotizhongxin,0.01,aotizhongxin__spikes_r0.01_k6_s1,hmc_in_K3|hampel+gate,2157,1.0514,1.1054,0.87643,0.60169,0.60647,0.3491,0.67918,0.88456,3.4018
aotizhongxin,0.01,aotizhongxin__spikes_r0.01_k6_s2,hmc_in_K3|raw+gate,2157,1.0888,1.1856,0.90988,0.62521,0.62245,0.40473,0.71395,0.90867,3.7384
aotizhongxin,0.01,aotizhongxin__spikes_r0.01_k6_s2,hmc_in_K3|raw,2157,1.0888,1.1856,0.90988,0.62521,0.62245,0.40473,0.71395,0.90867,3.7384
aotizhongxin,0.01,aotizhongxin__spikes_r0.01_k6_s2,hmc_in_K3|robust+gate,2157,1.0911,1.1904,0.91288,0.62642,0.62445,0.40334,0.70839,0.90311,3.71
aotizhongxin,0.01,aotizhongxin__spikes_r0.01_k6_s2,hmc_in_K3|robust,2157,1.0911,1.1904,0.91288,0.62642,0.62445,0.40334,0.70839,0.90311,3.71
aotizhongxin,0.01,aotizhongxin__spikes_r0.01_k6_s2,hmc_in_K3|hampel+gate,2157,1.0549,1.1129,0.87888,0.60358,0.6084,0.35141,0.68011,0.88363,3.4063
aotizhongxin,0.05,aotizhongxin__spikes_r0.05_k6_s0,hmc_in_K3|raw+gate,2157,1.128,1.2724,0.90436,0.64151,0.67285,0.43255,0.76171,0.96847,8.6444
aotizhongxin,0.05,aotizhongxin__spikes_r0.05_k6_s0,hmc_in_K3|raw,2157,1.128,1.2724,0.90436,0.64151,0.67285,0.43255,0.76171,0.96847,8.6444
aotizhongxin,0.05,aotizhongxin__spikes_r0.05_k6_s0,hmc_in_K3|robust+gate,2157,1.1278,1.272,0.90414,0.64144,0.6727,0.43162,0.76217,0.96801,8.6419
aotizhongxin,0.05,aotizhongxin__spikes_r0.05_k6_s0,hmc_in_K3|robust,2157,1.1278,1.272,0.90414,0.64144,0.6727,0.43162,0.76217,0.96801,8.6419
aotizhongxin,0.05,aotizhongxin__spikes_r0.05_k6_s0,hmc_in_K3|hampel+gate,2157,1.0514,1.1055,0.87691,0.60194,0.60662,0.34771,0.67733,0.8841,3.4099
aotizhongxin,0.05,aotizhongxin__spikes_r0.05_k6_s1,hmc_in_K3|raw+gate,2157,1.1268,1.2697,0.90364,0.63862,0.67428,0.44228,0.77098,0.96801,8.6802
aotizhongxin,0.05,aotizhongxin__spikes_r0.05_k6_s1,hmc_in_K3|raw,2157,1.1268,1.2697,0.90364,0.63862,0.67428,0.44228,0.77098,0.96801,8.6802
aotizhongxin,0.05,aotizhongxin__spikes_r0.05_k6_s1,hmc_in_K3|robust+gate,2157,1.1268,1.2697,0.90364,0.63862,0.67428,0.44228,0.77098,0.96801,8.6802
aotizhongxin,0.05,aotizhongxin__spikes_r0.05_k6_s1,hmc_in_K3|robust,2157,1.1268,1.2697,0.90364,0.63862,0.67428,0.44228,0.77098,0.96801,8.6802
aotizhongxin,0.05,aotizhongxin__spikes_r0.05_k6_s1,hmc_in_K3|hampel+gate,2157,1.0499,1.1022,0.87439,0.60041,0.60514,0.3528,0.6815,0.88642,3.4073
aotizhongxin,0.05,aotizhongxin__spikes_r0.05_k6_s2,hmc_in_K3|raw+gate,2157,1.1363,1.2911,0.90774,0.6443,0.68088,0.4395,0.76866,0.96801,8.741
aotizhongxin,0.05,aotizhongxin__spikes_r0.05_k6_s2,hmc_in_K3|raw,2157,1.1363,1.2911,0.90774,0.6443,0.68088,0.4395,0.76866,0.96801,8.741
aotizhongxin,0.05,aotizhongxin__spikes_r0.05_k6_s2,hmc_in_K3|robust+gate,2157,1.136,1.2905,0.90746,0.6442,0.68071,0.43904,0.76912,0.96801,8.7388
aotizhongxin,0.05,aotizhongxin__spikes_r0.05_k6_s2,hmc_in_K3|robust,2157,1.136,1.2905,0.90746,0.6442,0.68071,0.43904,0.76912,0.96801,8.7388
aotizhongxin,0.05,aotizhongxin__spikes_r0.05_k6_s2,hmc_in_K3|hampel+gate,2157,1.0505,1.1036,0.87567,0.6009,0.60573,0.35002,0.68057,0.88642,3.4101
tsnh4,0,tsnh4__clean,pmc_state_K2|raw+gate,2232,0.38786,0.15043,0.25871,0.19375,0.19261,0.51478,0.73835,0.89158,1.0998
tsnh4,0,tsnh4__clean,pmc_state_K2|raw,2232,0.38786,0.15043,0.25871,0.19375,0.19261,0.51478,0.73835,0.89158,1.0998
tsnh4,0,tsnh4__clean,pmc_state_K2|robust+gate,2232,0.39097,0.15286,0.26109,0.19596,0.19567,0.5,0.71953,0.86649,1.0313
tsnh4,0,tsnh4__clean,pmc_state_K2|robust,2232,0.39068,0.15263,0.26069,0.19541,0.19509,0.49955,0.72401,0.86918,1.03
aotizhongxin,0,aotizhongxin__clean,pmc_pair_K3|raw+gate,2157,1.0086,1.0172,0.79429,0.55663,0.56137,0.34678,0.6662,0.87993,3.0839
aotizhongxin,0,aotizhongxin__clean,pmc_pair_K3|raw,2157,1.0088,1.0177,0.79441,0.5568,0.56152,0.34631,0.66574,0.87993,3.0815
aotizhongxin,0,aotizhongxin__clean,pmc_pair_K3|robust+gate,2157,1.0181,1.0364,0.80226,0.56444,0.5685,0.33611,0.65879,0.87761,3.0872
aotizhongxin,0,aotizhongxin__clean,pmc_pair_K3|robust,2157,1.0181,1.0364,0.80226,0.56444,0.5685,0.33611,0.65879,0.87761,3.0872
mote20,0,mote20__clean,ar1|raw,2508,0.28898,0.083512,0.10712,0.092293,0.092293,0.80662,0.91069,0.95215,0.64032
mote20,0,mote20__clean,ar1|raw+gate,2508,3.4171,11.677,1.7748,1.6165,1.6165,0.64394,0.70774,0.72249,1.5329
mote20,0,mote20__clean,ar1|robust+gate,2508,5.8739,34.502,5.1904,4.9402,4.9402,0.039075,0.074163,0.088517,1.7447
mote20,0,mote20__clean,persistence|raw,2508,0.28945,0.08378,0.10776,0.08269,,0.56898,0.84091,0.95415,0.76476
mote20,0,mote20__raw,ar1|raw,2508,1.6889,2.8524,1.2912,0.96919,0.96919,0.73684,0.97767,1,10.173
mote20,0,mote20__raw,ar1|raw+gate,2508,1.6889,2.8524,1.2912,0.96919,0.96919,0.73684,0.97767,1,10.173
mote20,0,mote20__raw,ar1|robust+gate,2508,5.8739,34.502,5.1904,4.9402,4.9402,0.039075,0.074163,0.088517,1.7447
mote20,0,mote20__raw,persistence|raw,2508,0.28945,0.08378,0.10776,0.082696,,0.56938,0.84131,0.95455,0.76804
aotizhongxin,0,aotizhongxin__clean,ar1|raw,2157,0.99593,0.99189,0.80811,0.56144,0.56144,0.37969,0.74641,0.90913,3.3032
aotizhongxin,0,aotizhongxin__clean,ar1|raw+gate,2157,1.0488,1.1,0.84152,0.58911,0.58911,0.37089,0.73296,0.89383,3.3137
aotizhongxin,0,aotizhongxin__clean,ar1|robust+gate,2157,1.12,1.2545,0.84583,0.63633,0.63633,0.33704,0.5962,0.75892,2.4494
aotizhongxin,0,aotizhongxin__clean,persistence|raw,2157,1.1581,1.3412,0.86215,0.63245,,0.42327,0.69309,0.8943,4.1678
tsnh4,0,tsnh4__clean,ar1|raw,2232,0.3791,0.14372,0.25249,0.1912,0.1912,0.59677,0.806,0.91353,1.2573
tsnh4,0,tsnh4__clean,ar1|raw+gate,2232,0.38514,0.14834,0.25575,0.19424,0.19424,0.59677,0.80332,0.90502,1.2579
tsnh4,0,tsnh4__clean,ar1|robust+gate,2232,0.39191,0.15359,0.26074,0.19885,0.19885,0.51254,0.73118,0.85618,1.0162
tsnh4,0,tsnh4__clean,persistence|raw,2232,0.3999,0.15992,0.26808,0.19818,,0.53539,0.83244,0.99194,1.825
aotizhongxin,0.01,aotizhongxin__spikes_r0.01_k6_s0,ar1|raw,2157,1.1398,1.2992,0.94589,0.64913,0.64913,0.4803,0.84191,0.98099,4.8346
aotizhongxin,0.01,aotizhongxin__spikes_r0.01_k6_s0,ar1|raw+gate,2157,1.1398,1.2992,0.94589,0.64913,0.64913,0.4803,0.84191,0.98099,4.8346
aotizhongxin,0.01,aotizhongxin__spikes_r0.01_k6_s0,ar1|robust+gate,2157,1.1196,1.2535,0.84573,0.63595,0.63595,0.33658,0.59666,0.76032,2.4547
aotizhongxin,0.01,aotizhongxin__spikes_r0.01_k6_s0,persistence|raw,2157,1.1581,1.3412,0.86215,0.63112,,0.43023,0.71117,0.93741,4.8005
aotizhongxin,0.01,aotizhongxin__spikes_r0.01_k6_s1,ar1|raw,2157,1.1374,1.2937,0.94443,0.64747,0.64747,0.46639,0.83078,0.97636,4.6864
aotizhongxin,0.01,aotizhongxin__spikes_r0.01_k6_s1,ar1|raw+gate,2157,1.1374,1.2937,0.94443,0.64747,0.64747,0.46639,0.83078,0.97636,4.6864
aotizhongxin,0.01,aotizhongxin__spikes_r0.01_k6_s1,ar1|robust+gate,2157,1.1196,1.2536,0.84569,0.63598,0.63598,0.33704,0.59666,0.76032,2.4537
aotizhongxin,0.01,aotizhongxin__spikes_r0.01_k6_s1,persistence|raw,2157,1.1581,1.3412,0.86215,0.63118,,0.43069,0.70793,0.93324,4.6922
aotizhongxin,0.01,aotizhongxin__spikes_r0.01_k6_s2,ar1|raw,2157,1.139,1.2974,0.94405,0.64777,0.64777,0.47334,0.83264,0.97589,4.6963
aotizhongxin,0.01,aotizhongxin__spikes_r0.01_k6_s2,ar1|raw+gate,2157,1.1355,1.2894,0.94315,0.64631,0.64631,0.47149,0.83357,0.97682,4.6969
aotizhongxin,0.01,aotizhongxin__spikes_r0.01_k6_s2,ar1|robust+gate,2157,1.1215,1.2577,0.84808,0.63771,0.63771,0.33611,0.59805,0.758,2.459
aotizhongxin,0.01,aotizhongxin__spikes_r0.01_k6_s2,persistence|raw,2157,1.3281,1.7638,0.92438,0.68843,,0.42513,0.7019,0.92211,4.6888
aotizhongxin,0.05,aotizhongxin__spikes_r0.05_k6_s0,ar1|raw,2157,1.2107,1.4657,0.98136,0.71341,0.71341,0.64441,0.95271,0.99954,6.8943
aotizhongxin,0.05,aotizhongxin__spikes_r0.05_k6_s0,ar1|raw+gate,2157,1.2097,1.4633,0.98051,0.71291,0.71291,0.64534,0.95271,0.99954,6.8946
aotizhongxin,0.05,aotizhongxin__spikes_r0.05_k6_s0,ar1|robust+gate,2157,1.1452,1.3115,0.86091,0.6499,0.6499,0.33565,0.59481,0.75753,2.461
aotizhongxin,0.05,aotizhongxin__spikes_r0.05_k6_s0,persistence|raw,2157,1.673,2.7988,1.0615,0.81682,,0.44043,0.76263,0.9847,12.905
aotizhongxin,0.05,aotizhongxin__spikes_r0.05_k6_s1,ar1|raw,2157,1.2181,1.4838,0.98685,0.71921,0.71921,0.64998,0.95225,1,6.9931
aotizhongxin,0.05,aotizhongxin__spikes_r0.05_k6_s1,ar1|raw+gate,2157,1.2146,1.4753,0.98298,0.71747,0.71747,0.65137,0.95271,1,6.9938
aotizhongxin,0.05,aotizhongxin__spikes_r0.05_k6_s1,ar1|robust+gate,2157,1.1304,1.2777,0.85614,0.64397,0.64397,0.33333,0.59017,0.75614,2.4619
aotizhongxin,0.05,aotizhongxin__spikes_r0.05_k6_s1,persistence|raw,2157,1.9756,3.9031,1.2478,0.97578,,0.42652,0.74038,0.98609,13.023
aotizhongxin,0.05,aotizhongxin__spikes_r0.05_k6_s2,ar1|raw,2157,1.2182,1.4841,0.98435,0.72032,0.72032,0.65508,0.95225,1,7.0524
aotizhongxin,0.05,aotizhongxin__spikes_r0.05_k6_s2,ar1|raw+gate,2157,1.217,1.4811,0.98282,0.71973,0.71973,0.65554,0.95225,1,7.0529
aotizhongxin,0.05,aotizhongxin__spikes_r0.05_k6_s2,ar1|robust+gate,2157,1.1507,1.3241,0.86169,0.65068,0.65068,0.34446,0.60315,0.75985,2.5007
aotizhongxin,0.05,aotizhongxin__spikes_r0.05_k6_s2,persistence|raw,2157,1.8416,3.3915,1.1631,0.90193,,0.43208,0.75475,0.98424,13.112
aotizhongxin,0.05,aotizhongxin__spikes_r0.05_k6_s0,pmc_pair_K3|raw+gate,2157,1.0355,1.0723,0.76436,0.56134,0.61073,0.37135,0.72925,0.95549,8.3693
aotizhongxin,0.05,aotizhongxin__spikes_r0.05_k6_s0,pmc_pair_K3|raw,2157,1.0355,1.0723,0.76436,0.56134,0.61073,0.37135,0.72925,0.95549,8.3693
aotizhongxin,0.05,aotizhongxin__spikes_r0.05_k6_s0,pmc_pair_K3|robust+gate,2157,1.0452,1.0924,0.77079,0.56553,0.61273,0.36393,0.71859,0.95318,8.32
aotizhongxin,0.05,aotizhongxin__spikes_r0.05_k6_s0,pmc_pair_K3|robust,2157,1.0453,1.0926,0.77102,0.56548,0.61272,0.36161,0.71859,0.95318,8.317
aotizhongxin,0.05,aotizhongxin__spikes_r0.05_k6_s0,pmc_pair_K3|hampel+gate,2157,1.0452,1.0924,0.77079,0.56553,0.61273,0.36393,0.71859,0.95318,8.32
aotizhongxin,0.01,aotizhongxin__spikes_r0.01_k6_s0,pmc_pair_K3|raw+gate,2157,1.0028,1.0057,0.77909,0.55592,0.55483,0.34724,0.67779,0.92814,3.3949
aotizhongxin,0.01,aotizhongxin__spikes_r0.01_k6_s0,pmc_pair_K3|raw,2157,1.0028,1.0056,0.77907,0.55591,0.55481,0.34724,0.67779,0.92814,3.3946
aotizhongxin,0.01,aotizhongxin__spikes_r0.01_k6_s0,pmc_pair_K3|robust+gate,2157,1.0059,1.0117,0.7821,0.5583,0.55593,0.34168,0.67177,0.91933,3.3235
aotizhongxin,0.01,aotizhongxin__spikes_r0.01_k6_s0,pmc_pair_K3|robust,2157,1.0057,1.0113,0.78143,0.55793,0.55566,0.34214,0.67177,0.91933,3.3163
aotizhongxin,0.01,aotizhongxin__spikes_r0.01_k6_s0,pmc_pair_K3|hampel+gate,2157,1.0175,1.0354,0.79937,0.56418,0.56721,0.33426,0.65415,0.87112,3.0749
aotizhongxin,0,aotizhongxin__clean,pmm|raw,2157,0.99584,0.99169,0.80685,0.56137,0.56137,0.38062,0.74409,0.90635,3.2798
aotizhongxin,0,aotizhongxin__clean,pmm_default|raw,2157,0.99605,0.99211,0.80694,0.56153,0.56153,0.38062,0.74316,0.90589,3.2786
tsnh4,0,tsnh4__clean,pmm|raw,2232,0.35195,0.12387,0.24231,0.18114,0.18114,0.67473,0.88306,0.97177,1.5406
tsnh4,0,tsnh4__clean,pmm_default|raw,2232,0.36756,0.1351,0.24437,0.18515,0.18515,0.61022,0.81362,0.90502,1.2106
mote20,0,mote20__clean,pmm|raw,2508,0.27216,0.074072,0.088528,0.098496,0.098496,0.89833,0.97129,0.98166,1.0532
mote20,0,mote20__clean,pmm_default|raw,2508,0.28941,0.083761,0.10779,0.091228,0.091228,0.77512,0.89753,0.94498,0.58001
mote20,0,mote20__raw,pmm|raw,2508,0.32596,0.10625,0.14819,0.25184,0.25184,0.96491,0.99163,0.99402,3.6623
mote20,0,mote20__raw,pmm_default|raw,2508,0.32522,0.10577,0.15948,0.30054,0.30054,0.98405,0.99362,0.99442,4.5742
aotizhongxin,0.01,aotizhongxin__spikes_r0.01_k6_s0,pmm|raw,2157,1.0524,1.1075,0.86359,0.59511,0.59511,0.49281,0.83727,0.96198,4.3771
aotizhongxin,0.01,aotizhongxin__spikes_r0.01_k6_s0,pmm_default|raw,2157,1.0524,1.1075,0.86359,0.59511,0.59511,0.49281,0.83727,0.96198,4.3771
aotizhongxin,0.01,aotizhongxin__spikes_r0.01_k6_s1,pmm|raw,2157,1.0286,1.058,0.84228,0.58049,0.58049,0.49281,0.83774,0.96291,4.2476
aotizhongxin,0.01,aotizhongxin__spikes_r0.01_k6_s1,pmm_default|raw,2157,1.0286,1.058,0.84228,0.58048,0.58048,0.49281,0.83774,0.96291,4.2476
aotizhongxin,0.01,aotizhongxin__spikes_r0.01_k6_s2,pmm|raw,2157,1.026,1.0526,0.84509,0.57951,0.57951,0.48261,0.84284,0.96338,4.2747
aotizhongxin,0.01,aotizhongxin__spikes_r0.01_k6_s2,pmm_default|raw,2157,1.026,1.0526,0.84509,0.57951,0.57951,0.48261,0.84284,0.96338,4.2747
aotizhongxin,0.05,aotizhongxin__spikes_r0.05_k6_s0,pmm|raw,2157,1.0906,1.1895,0.85662,0.64867,0.64867,0.7172,0.94715,0.99954,6.6114
aotizhongxin,0.05,aotizhongxin__spikes_r0.05_k6_s0,pmm_default|raw,2157,1.0906,1.1895,0.85662,0.64867,0.64867,0.7172,0.94715,0.99954,6.6114
aotizhongxin,0.05,aotizhongxin__spikes_r0.05_k6_s1,pmm|raw,2157,1.0801,1.1665,0.84329,0.64596,0.64596,0.75846,0.94529,0.99768,6.7324
aotizhongxin,0.05,aotizhongxin__spikes_r0.05_k6_s1,pmm_default|raw,2157,1.0801,1.1665,0.84329,0.64596,0.64596,0.75846,0.94529,0.99768,6.7324
aotizhongxin,0.05,aotizhongxin__spikes_r0.05_k6_s2,pmm|raw,2157,1.1107,1.2337,0.87551,0.66257,0.66257,0.72647,0.95178,0.99954,6.8034
aotizhongxin,0.05,aotizhongxin__spikes_r0.05_k6_s2,pmm_default|raw,2157,1.1107,1.2337,0.87551,0.66257,0.66257,0.72647,0.95178,0.99954,6.8034
