kind_task,K_task,task,case,step,logger,kind,template,count,example,max_value,limit,n_missing,gap_nodes
pmc_state,2,select,,pmc_state_K2|select fit,pmcprg.pmc.gaps,quad_error,"Missing-data quadrature not converged: relative error %.1e > %.1e on the integrals the grid must reproduce exactly (%d missing rows, gap_nodes = %d). Results th",9,"Missing-data quadrature not converged: relative error 1.6e+02 > 5.2e-02 on the integrals the grid must reproduce exactly (3409 missing rows, gap_nodes = 64). Results that involve the missing rows may be off; increase gap_nodes.",160,0.052,3409,64
pmc_state,2,select,,pmc_state_K2|select fit,pmcprg.pmc.ice,other,%s iter %d: log-lik regressed by %.4e (streak=%d/%d).,3,ICE iter 6: log-lik regressed by 2.3762e+01 (streak=1/3).,,,,
pmc_state,2,select,,pmc_state_K2|select fit,pmcprg.pmc.ice,other,%s: %d consecutive regressions — stopping early at iter %d.,1,ICE: 3 consecutive regressions — stopping early at iter 8.,,,,
pmc_state,2,select,,pmc_state_K2|select classify,pmcprg.pmc.gaps,quad_error,"Missing-data quadrature not converged: relative error %.1e > %.1e on the integrals the grid must reproduce exactly (%d missing rows, gap_nodes = %d). Results th",1,"Missing-data quadrature not converged: relative error 2.2e+01 > 5.2e-02 on the integrals the grid must reproduce exactly (3409 missing rows, gap_nodes = 64). Results that involve the missing rows may be off; increase gap_nodes.",22,0.052,3409,64
pmc_state,2,select,,pmc_state_K2|select choose_nodes,pmcprg.pmc.gaps,quad_error,"Missing-data quadrature not converged: relative error %.1e > %.1e on the integrals the grid must reproduce exactly (%d missing rows, gap_nodes = %d). Results th",18,"Missing-data quadrature not converged: relative error 3.8e+01 > 5.2e-02 on the integrals the grid must reproduce exactly (3433 missing rows, gap_nodes = 64). Results that involve the missing rows may be off; increase gap_nodes.",38,0.052,3433,64
pmc_state,2,select,,pmc_state_K2|select choose_nodes,pmcprg.pmc.gaps,quantile_fallback,Quantiles of the missing values: the interpolated CDF of %d law(s) is not monotone or leaves the bracket of its node masses by more than %g; used the monotone C,2,Quantiles of the missing values: the interpolated CDF of 15 law(s) is not monotone or leaves the bracket of its node masses by more than 1e-06; used the monotone CDF of the node masses there (first-order accurate).,,,,
pmc_pair,2,select,,pmc_pair_K2|select fit,pmcprg.pmc.gaps,quad_error,"Missing-data quadrature not converged: relative error %.1e > %.1e on the integrals the grid must reproduce exactly (%d missing rows, gap_nodes = %d). Results th",50,"Missing-data quadrature not converged: relative error 1.4e+02 > 5.2e-02 on the integrals the grid must reproduce exactly (3409 missing rows, gap_nodes = 64). Results that involve the missing rows may be off; increase gap_nodes.",140,0.052,3409,64
pmc_pair,2,select,,pmc_pair_K2|select fit,pmcprg.pmc.ice,other,%s iter %d: log-lik regressed by %.4e (streak=%d/%d).,28,ICE iter 2: log-lik regressed by 9.2070e+01 (streak=1/3).,,,,
pmc_pair,2,select,,pmc_pair_K2|select fit,pmcprg.pmc.gaps,other,Missing-data pass: %s in linear space; recomputing in log space.,1,Missing-data pass: a step underflows in linear space; recomputing in log space.,,,,
pmc_pair,2,select,,pmc_pair_K2|select classify,pmcprg.pmc.gaps,quad_error,"Missing-data quadrature not converged: relative error %.1e > %.1e on the integrals the grid must reproduce exactly (%d missing rows, gap_nodes = %d). Results th",1,"Missing-data quadrature not converged: relative error 1.1e+01 > 5.2e-02 on the integrals the grid must reproduce exactly (3409 missing rows, gap_nodes = 64). Results that involve the missing rows may be off; increase gap_nodes.",11,0.052,3409,64
pmc_pair,2,select,,pmc_pair_K2|select choose_nodes,pmcprg.pmc.gaps,quad_error,"Missing-data quadrature not converged: relative error %.1e > %.1e on the integrals the grid must reproduce exactly (%d missing rows, gap_nodes = %d). Results th",18,"Missing-data quadrature not converged: relative error 1.8e+01 > 5.6e-02 on the integrals the grid must reproduce exactly (3911 missing rows, gap_nodes = 64). Results that involve the missing rows may be off; increase gap_nodes.",18,0.056,3911,64
pmc_pair,2,select,,pmc_pair_K2|select choose_nodes,pmcprg.pmc.gaps,quantile_fallback,Quantiles of the missing values: the interpolated CDF of %d law(s) is not monotone or leaves the bracket of its node masses by more than %g; used the monotone C,6,Quantiles of the missing values: the interpolated CDF of 15 law(s) is not monotone or leaves the bracket of its node masses by more than 1e-06; used the monotone CDF of the node masses there (first-order accurate).,,,,
pmc_state,3,select,,pmc_state_K3|select fit,pmcprg.pmc.gaps,quad_error,"Missing-data quadrature not converged: relative error %.1e > %.1e on the integrals the grid must reproduce exactly (%d missing rows, gap_nodes = %d). Results th",22,"Missing-data quadrature not converged: relative error 6.1e+01 > 5.2e-02 on the integrals the grid must reproduce exactly (3409 missing rows, gap_nodes = 64). Results that involve the missing rows may be off; increase gap_nodes.",61,0.052,3409,64
pmc_state,3,select,,pmc_state_K3|select fit,pmcprg.pmc.ice,other,%s iter %d: log-lik regressed by %.4e (streak=%d/%d).,5,ICE iter 2: log-lik regressed by 4.2587e+03 (streak=1/3).,,,,
pmc_state,3,select,,pmc_state_K3|select classify,pmcprg.pmc.gaps,quad_error,"Missing-data quadrature not converged: relative error %.1e > %.1e on the integrals the grid must reproduce exactly (%d missing rows, gap_nodes = %d). Results th",1,"Missing-data quadrature not converged: relative error 1.9e+01 > 5.2e-02 on the integrals the grid must reproduce exactly (3409 missing rows, gap_nodes = 64). Results that involve the missing rows may be off; increase gap_nodes.",19,0.052,3409,64
pmc_state,3,select,,pmc_state_K3|select choose_nodes,pmcprg.pmc.gaps,quad_error,"Missing-data quadrature not converged: relative error %.1e > %.1e on the integrals the grid must reproduce exactly (%d missing rows, gap_nodes = %d). Results th",18,"Missing-data quadrature not converged: relative error 8.8e+01 > 5.2e-02 on the integrals the grid must reproduce exactly (3433 missing rows, gap_nodes = 64). Results that involve the missing rows may be off; increase gap_nodes.",88,0.052,3433,64
pmc_state,3,select,,pmc_state_K3|select choose_nodes,pmcprg.pmc.gaps,quantile_fallback,Quantiles of the missing values: the interpolated CDF of %d law(s) is not monotone or leaves the bracket of its node masses by more than %g; used the monotone C,3,Quantiles of the missing values: the interpolated CDF of 10 law(s) is not monotone or leaves the bracket of its node masses by more than 1e-06; used the monotone CDF of the node masses there (first-order accurate).,,,,
pmc_pair,3,select,,pmc_pair_K3|select fit,pmcprg.pmc.gaps,quad_error,"Missing-data quadrature not converged: relative error %.1e > %.1e on the integrals the grid must reproduce exactly (%d missing rows, gap_nodes = %d). Results th",22,"Missing-data quadrature not converged: relative error 1.6e+02 > 5.2e-02 on the integrals the grid must reproduce exactly (3409 missing rows, gap_nodes = 64). Results that involve the missing rows may be off; increase gap_nodes.",160,0.052,3409,64
pmc_pair,3,select,,pmc_pair_K3|select fit,pmcprg.pmc.ice,other,%s iter %d: log-lik regressed by %.4e (streak=%d/%d).,2,ICE iter 4: log-lik regressed by 2.8236e+02 (streak=1/3).,,,,
pmc_pair,3,select,,pmc_pair_K3|select classify,pmcprg.pmc.gaps,quad_error,"Missing-data quadrature not converged: relative error %.1e > %.1e on the integrals the grid must reproduce exactly (%d missing rows, gap_nodes = %d). Results th",1,"Missing-data quadrature not converged: relative error 4.8e+00 > 5.2e-02 on the integrals the grid must reproduce exactly (3409 missing rows, gap_nodes = 64). Results that involve the missing rows may be off; increase gap_nodes.",4.8,0.052,3409,64
pmc_pair,3,select,,pmc_pair_K3|select choose_nodes,pmcprg.pmc.gaps,quad_error,"Missing-data quadrature not converged: relative error %.1e > %.1e on the integrals the grid must reproduce exactly (%d missing rows, gap_nodes = %d). Results th",18,"Missing-data quadrature not converged: relative error 1.1e+01 > 5.2e-02 on the integrals the grid must reproduce exactly (3433 missing rows, gap_nodes = 64). Results that involve the missing rows may be off; increase gap_nodes.",11,0.052,3433,64
pmc_pair,3,select,,pmc_pair_K3|select choose_nodes,pmcprg.pmc.gaps,quantile_fallback,Quantiles of the missing values: the interpolated CDF of %d law(s) is not monotone or leaves the bracket of its node masses by more than %g; used the monotone C,3,Quantiles of the missing values: the interpolated CDF of 19 law(s) is not monotone or leaves the bracket of its node masses by more than 1e-06; used the monotone CDF of the node masses there (first-order accurate).,,,,
hmc_in,3,pmc,mote20__raw,hmc_in_K3|robust forecast,pmcprg.pmc.inference,other,Forward: C=%.3e at step n=%d — the transition weights underflow; recomputing the pass in log space.,120,Forward: C=0.000e+00 at step n=1693 — the transition weights underflow; recomputing the pass in log space.,,,,
pmc_state,2,pmc,tsnh4__clean,pmc_state_K2|raw fit,pmcprg.pmc.ice,other,%s iter %d: log-lik regressed by %.4e (streak=%d/%d).,1,ICE iter 1: log-lik regressed by 7.2024e+02 (streak=1/3).,,,,
pmc_state,2,pmc,tsnh4__clean,pmc_state_K2|raw fit,pmcprg.pmc._estim_common,other,%s: degenerate fitted model — %s. Its likelihood may be unbounded (a collapsing variance or τ → ±1 gains nats without limit): do not compare it with other fits ,1,ICE: degenerate fitted model — state 0: stationary weight π = 0.00131 < 0.005. Its likelihood may be unbounded (a collapsing variance or τ → ±1 gains nats without limit): do not compare it with other fits (pmcprg.pmc._estim_common.degenerate_states).,,,,
pmc_state,2,pmc,tsnh4__clean,pmc_state_K2|raw choose_nodes,pmcprg.pmc.gaps,quad_error,"Missing-data quadrature not converged: relative error %.1e > %.1e on the integrals the grid must reproduce exactly (%d missing rows, gap_nodes = %d). Results th",9,"Missing-data quadrature not converged: relative error 4.1e-01 > 1.0e-03 on the integrals the grid must reproduce exactly (24 missing rows, gap_nodes = 64). Results that involve the missing rows may be off; increase gap_nodes.",0.41,0.001,24,64
pmc_state,2,pmc,tsnh4__clean,pmc_state_K2|raw choose_nodes,pmcprg.pmc.gaps,quantile_fallback,Quantiles of the missing values: the interpolated CDF of %d law(s) is not monotone or leaves the bracket of its node masses by more than %g; used the monotone C,2,Quantiles of the missing values: the interpolated CDF of 5 law(s) is not monotone or leaves the bracket of its node masses by more than 1e-06; used the monotone CDF of the node masses there (first-order accurate).,,,,
pmc_state,2,pmc,tsnh4__clean,pmc_state_K2|raw+gate forecast,pmcprg.pmc.gaps,quad_error,"Missing-data quadrature not converged: relative error %.1e > %.1e on the integrals the grid must reproduce exactly (%d missing rows, gap_nodes = %d). Results th",11,"Missing-data quadrature not converged: relative error 7.5e-03 > 3.3e-03 on the integrals the grid must reproduce exactly (48 missing rows, gap_nodes = 128). Results that involve the missing rows may be off; increase gap_nodes.",0.0075,0.0033,48,128
pmc_state,2,pmc,tsnh4__clean,pmc_state_K2|raw forecast,pmcprg.pmc.gaps,quad_error,"Missing-data quadrature not converged: relative error %.1e > %.1e on the integrals the grid must reproduce exactly (%d missing rows, gap_nodes = %d). Results th",28,"Missing-data quadrature not converged: relative error 7.0e-03 > 1.0e-03 on the integrals the grid must reproduce exactly (24 missing rows, gap_nodes = 128). Results that involve the missing rows may be off; increase gap_nodes.",0.007,0.001,24,128
pmc_state,2,pmc,tsnh4__clean,pmc_state_K2|robust fit,pmcprg.pmc.ice,other,%s iter %d: log-lik regressed by %.4e (streak=%d/%d).,14,ICE iter 1: log-lik regressed by 7.2024e+02 (streak=1/3).,,,,
pmc_state,2,pmc,tsnh4__clean,pmc_state_K2|robust fit,pmcprg.pmc._estim_common,other,%s: degenerate fitted model — %s. Its likelihood may be unbounded (a collapsing variance or τ → ±1 gains nats without limit): do not compare it with other fits ,8,ICE: degenerate fitted model — state 0: stationary weight π = 0.00131 < 0.005. Its likelihood may be unbounded (a collapsing variance or τ → ±1 gains nats without limit): do not compare it with other fits (pmcprg.pmc._estim_common.degenerate_states).,,,,
pmc_state,2,pmc,tsnh4__clean,pmc_state_K2|robust fit,pmcprg.pmc.gaps,quad_error,"Missing-data quadrature not converged: relative error %.1e > %.1e on the integrals the grid must reproduce exactly (%d missing rows, gap_nodes = %d). Results th",43,"Missing-data quadrature not converged: relative error 3.4e-01 > 3.2e-03 on the integrals the grid must reproduce exactly (24 missing rows, gap_nodes = 64). Results that involve the missing rows may be off; increase gap_nodes.",0.34,0.0032,24,64
pmc_state,2,pmc,tsnh4__clean,pmc_state_K2|robust fit,pmcprg.pmc.outliers,other,"robust_estimate: the flagged rows still change after %d refit(s) (%d masked, %d flagged by the last fit).",1,"robust_estimate: the flagged rows still change after 10 refit(s) (44 masked, 55 flagged by the last fit).",,,,
pmc_state,2,pmc,tsnh4__clean,pmc_state_K2|robust choose_nodes,pmcprg.pmc.gaps,quad_error,"Missing-data quadrature not converged: relative error %.1e > %.1e on the integrals the grid must reproduce exactly (%d missing rows, gap_nodes = %d). Results th",9,"Missing-data quadrature not converged: relative error 2.8e-01 > 1.0e-03 on the integrals the grid must reproduce exactly (24 missing rows, gap_nodes = 64). Results that involve the missing rows may be off; increase gap_nodes.",0.28,0.001,24,64
pmc_state,2,pmc,tsnh4__clean,pmc_state_K2|robust choose_nodes,pmcprg.pmc.gaps,quantile_fallback,Quantiles of the missing values: the interpolated CDF of %d law(s) is not monotone or leaves the bracket of its node masses by more than %g; used the monotone C,1,Quantiles of the missing values: the interpolated CDF of 2 law(s) is not monotone or leaves the bracket of its node masses by more than 1e-06; used the monotone CDF of the node masses there (first-order accurate).,,,,
pmc_state,2,pmc,tsnh4__clean,pmc_state_K2|robust+gate forecast,pmcprg.pmc.gaps,quad_error,"Missing-data quadrature not converged: relative error %.1e > %.1e on the integrals the grid must reproduce exactly (%d missing rows, gap_nodes = %d). Results th",11,"Missing-data quadrature not converged: relative error 8.4e-03 > 4.5e-03 on the integrals the grid must reproduce exactly (82 missing rows, gap_nodes = 128). Results that involve the missing rows may be off; increase gap_nodes.",0.0084,0.0045,82,128
pmc_state,2,pmc,tsnh4__clean,pmc_state_K2|robust forecast,pmcprg.pmc.gaps,quad_error,"Missing-data quadrature not converged: relative error %.1e > %.1e on the integrals the grid must reproduce exactly (%d missing rows, gap_nodes = %d). Results th",21,"Missing-data quadrature not converged: relative error 7.9e-03 > 1.0e-03 on the integrals the grid must reproduce exactly (24 missing rows, gap_nodes = 128). Results that involve the missing rows may be off; increase gap_nodes.",0.0079,0.001,24,128
pmc_pair,3,pmc,aotizhongxin__clean,pmc_pair_K3|raw fit,pmcprg.pmc.gaps,quad_error,"Missing-data quadrature not converged: relative error %.1e > %.1e on the integrals the grid must reproduce exactly (%d missing rows, gap_nodes = %d). Results th",26,"Missing-data quadrature not converged: relative error 1.8e-02 > 3.2e-03 on the integrals the grid must reproduce exactly (10 missing rows, gap_nodes = 64). Results that involve the missing rows may be off; increase gap_nodes.",0.018,0.0032,10,64
pmc_pair,3,pmc,aotizhongxin__clean,pmc_pair_K3|raw choose_nodes,pmcprg.pmc.gaps,quad_error,"Missing-data quadrature not converged: relative error %.1e > %.1e on the integrals the grid must reproduce exactly (%d missing rows, gap_nodes = %d). Results th",7,"Missing-data quadrature not converged: relative error 1.8e-02 > 4.9e-03 on the integrals the grid must reproduce exactly (61 missing rows, gap_nodes = 64). Results that involve the missing rows may be off; increase gap_nodes.",0.018,0.0049,61,64
pmc_pair,3,pmc,aotizhongxin__clean,pmc_pair_K3|raw quad_error observed,pmcprg.pmc.gaps,quad_error,"Missing-data quadrature not converged: relative error %.1e > %.1e on the integrals the grid must reproduce exactly (%d missing rows, gap_nodes = %d). Results th",1,"Missing-data quadrature not converged: relative error 7.5e-03 > 4.8e-03 on the integrals the grid must reproduce exactly (37 missing rows, gap_nodes = 64). Results that involve the missing rows may be off; increase gap_nodes.",0.0075,0.0048,37,64
pmc_pair,3,pmc,aotizhongxin__clean,pmc_pair_K3|raw quad_error gated,pmcprg.pmc.gaps,quad_error,"Missing-data quadrature not converged: relative error %.1e > %.1e on the integrals the grid must reproduce exactly (%d missing rows, gap_nodes = %d). Results th",1,"Missing-data quadrature not converged: relative error 8.5e-03 > 5.7e-03 on the integrals the grid must reproduce exactly (51 missing rows, gap_nodes = 64). Results that involve the missing rows may be off; increase gap_nodes.",0.0085,0.0057,51,64
pmc_pair,3,pmc,aotizhongxin__clean,pmc_pair_K3|raw+gate forecast,pmcprg.pmc.gaps,quad_error,"Missing-data quadrature not converged: relative error %.1e > %.1e on the integrals the grid must reproduce exactly (%d missing rows, gap_nodes = %d). Results th",91,"Missing-data quadrature not converged: relative error 7.5e-01 > 5.0e-03 on the integrals the grid must reproduce exactly (55 missing rows, gap_nodes = 64). Results that involve the missing rows may be off; increase gap_nodes.",0.75,0.005,55,64
pmc_pair,3,pmc,aotizhongxin__clean,pmc_pair_K3|raw+gate forecast,pmcprg.pmc.gaps,quantile_fallback,Quantiles of the missing values: the interpolated CDF of %d law(s) is not monotone or leaves the bracket of its node masses by more than %g; used the monotone C,33,Quantiles of the missing values: the interpolated CDF of 91 law(s) is not monotone or leaves the bracket of its node masses by more than 1e-06; used the monotone CDF of the node masses there (first-order accurate).,,,,
pmc_pair,3,pmc,aotizhongxin__clean,pmc_pair_K3|raw forecast,pmcprg.pmc.gaps,quad_error,"Missing-data quadrature not converged: relative error %.1e > %.1e on the integrals the grid must reproduce exactly (%d missing rows, gap_nodes = %d). Results th",91,"Missing-data quadrature not converged: relative error 7.5e-01 > 3.9e-03 on the integrals the grid must reproduce exactly (41 missing rows, gap_nodes = 64). Results that involve the missing rows may be off; increase gap_nodes.",0.75,0.0039,41,64
pmc_pair,3,pmc,aotizhongxin__clean,pmc_pair_K3|raw forecast,pmcprg.pmc.gaps,quantile_fallback,Quantiles of the missing values: the interpolated CDF of %d law(s) is not monotone or leaves the bracket of its node masses by more than %g; used the monotone C,33,Quantiles of the missing values: the interpolated CDF of 91 law(s) is not monotone or leaves the bracket of its node masses by more than 1e-06; used the monotone CDF of the node masses there (first-order accurate).,,,,
pmc_pair,3,pmc,aotizhongxin__clean,pmc_pair_K3|robust fit,pmcprg.pmc.gaps,quad_error,"Missing-data quadrature not converged: relative error %.1e > %.1e on the integrals the grid must reproduce exactly (%d missing rows, gap_nodes = %d). Results th",79,"Missing-data quadrature not converged: relative error 1.0e+00 > 4.6e-03 on the integrals the grid must reproduce exactly (28 missing rows, gap_nodes = 64). Results that involve the missing rows may be off; increase gap_nodes.",1,0.0046,28,64
pmc_pair,3,pmc,aotizhongxin__clean,pmc_pair_K3|robust fit,pmcprg.pmc.ice,other,%s iter %d: log-lik regressed by %.4e (streak=%d/%d).,6,ICE iter 27: log-lik regressed by 1.6904e+00 (streak=1/3).,,,,
pmc_pair,3,pmc,aotizhongxin__clean,pmc_pair_K3|robust fit,pmcprg.pmc.ice,other,%s: %d consecutive regressions — stopping early at iter %d.,2,ICE: 3 consecutive regressions — stopping early at iter 29.,,,,
pmc_pair,3,pmc,aotizhongxin__clean,pmc_pair_K3|robust fit,pmcprg.pmc._estim_common,other,%s: degenerate fitted model — %s. Its likelihood may be unbounded (a collapsing variance or τ → ±1 gains nats without limit): do not compare it with other fits ,1,ICE: degenerate fitted model — margin f_02 (norm): sd = 0.0001 < 0.0105 (0.01 × data sd 1.05); margin f_20 (norm): sd = 0.0001 < 0.0105 (0.01 × data sd 1.05); copula c_20 (Clayton): τ = 0.999899 within 0.001 of +1. Its likelihood may be unbounded (a collapsing variance or τ → ±1 gains nats without l,,,,
pmc_pair,3,pmc,aotizhongxin__clean,pmc_pair_K3|robust choose_nodes,pmcprg.pmc.gaps,quad_error,"Missing-data quadrature not converged: relative error %.1e > %.1e on the integrals the grid must reproduce exactly (%d missing rows, gap_nodes = %d). Results th",17,"Missing-data quadrature not converged: relative error 4.0e-01 > 4.9e-03 on the integrals the grid must reproduce exactly (61 missing rows, gap_nodes = 64). Results that involve the missing rows may be off; increase gap_nodes.",0.4,0.0049,61,64
pmc_pair,3,pmc,aotizhongxin__clean,pmc_pair_K3|robust choose_nodes,pmcprg.pmc.gaps,quantile_fallback,Quantiles of the missing values: the interpolated CDF of %d law(s) is not monotone or leaves the bracket of its node masses by more than %g; used the monotone C,2,Quantiles of the missing values: the interpolated CDF of 4 law(s) is not monotone or leaves the bracket of its node masses by more than 1e-06; used the monotone CDF of the node masses there (first-order accurate).,,,,
pmc_pair,3,pmc,aotizhongxin__clean,pmc_pair_K3|robust quad_error observed,pmcprg.pmc.gaps,quad_error,"Missing-data quadrature not converged: relative error %.1e > %.1e on the integrals the grid must reproduce exactly (%d missing rows, gap_nodes = %d). Results th",1,"Missing-data quadrature not converged: relative error 1.2e-02 > 4.8e-03 on the integrals the grid must reproduce exactly (37 missing rows, gap_nodes = 128). Results that involve the missing rows may be off; increase gap_nodes.",0.012,0.0048,37,128
pmc_pair,3,pmc,aotizhongxin__clean,pmc_pair_K3|robust quad_error gated,pmcprg.pmc.gaps,quad_error,"Missing-data quadrature not converged: relative error %.1e > %.1e on the integrals the grid must reproduce exactly (%d missing rows, gap_nodes = %d). Results th",1,"Missing-data quadrature not converged: relative error 2.1e-01 > 5.8e-03 on the integrals the grid must reproduce exactly (55 missing rows, gap_nodes = 128). Results that involve the missing rows may be off; increase gap_nodes.",0.21,0.0058,55,128
pmc_pair,3,pmc,aotizhongxin__clean,pmc_pair_K3|robust+gate forecast,pmcprg.pmc.gaps,quad_error,"Missing-data quadrature not converged: relative error %.1e > %.1e on the integrals the grid must reproduce exactly (%d missing rows, gap_nodes = %d). Results th",91,"Missing-data quadrature not converged: relative error 2.5e-01 > 5.8e-03 on the integrals the grid must reproduce exactly (78 missing rows, gap_nodes = 128). Results that involve the missing rows may be off; increase gap_nodes.",0.25,0.0058,78,128
pmc_pair,3,pmc,aotizhongxin__clean,pmc_pair_K3|robust+gate forecast,pmcprg.pmc.gaps,quantile_fallback,Quantiles of the missing values: the interpolated CDF of %d law(s) is not monotone or leaves the bracket of its node masses by more than %g; used the monotone C,13,Quantiles of the missing values: the interpolated CDF of 7 law(s) is not monotone or leaves the bracket of its node masses by more than 1e-06; used the monotone CDF of the node masses there (first-order accurate).,,,,
pmc_pair,3,pmc,aotizhongxin__clean,pmc_pair_K3|robust forecast,pmcprg.pmc.gaps,quad_error,"Missing-data quadrature not converged: relative error %.1e > %.1e on the integrals the grid must reproduce exactly (%d missing rows, gap_nodes = %d). Results th",91,"Missing-data quadrature not converged: relative error 4.5e-02 > 4.8e-03 on the integrals the grid must reproduce exactly (60 missing rows, gap_nodes = 128). Results that involve the missing rows may be off; increase gap_nodes.",0.045,0.0048,60,128
pmc_pair,3,pmc,aotizhongxin__clean,pmc_pair_K3|robust forecast,pmcprg.pmc.gaps,quantile_fallback,Quantiles of the missing values: the interpolated CDF of %d law(s) is not monotone or leaves the bracket of its node masses by more than %g; used the monotone C,13,Quantiles of the missing values: the interpolated CDF of 7 law(s) is not monotone or leaves the bracket of its node masses by more than 1e-06; used the monotone CDF of the node masses there (first-order accurate).,,,,
,,fixture,fix_pmc_gauss_k2__r0.00_k6_rep6,pmc_state_K2|clean fit,pmcprg.pmc.ice,other,%s iter %d: log-lik regressed by %.4e (streak=%d/%d).,1,ICE iter 1: log-lik regressed by 3.2551e-01 (streak=1/3).,,,,
,,fixture,fix_pmc_gauss_k2__r0.00_k6_rep6,pmc_state_K2|raw fit,pmcprg.pmc.ice,other,%s iter %d: log-lik regressed by %.4e (streak=%d/%d).,1,ICE iter 1: log-lik regressed by 3.2551e-01 (streak=1/3).,,,,
,,fixture,fix_pmc_gauss_k2__r0.00_k6_rep6,pmc_state_K2|robust fit,pmcprg.pmc.ice,other,%s iter %d: log-lik regressed by %.4e (streak=%d/%d).,2,ICE iter 1: log-lik regressed by 3.2551e-01 (streak=1/3).,,,,
,,fixture,fix_pmc_gauss_k2__r0.00_k6_rep6,pmc_state_K2|hampel fit,pmcprg.pmc.ice,other,%s iter %d: log-lik regressed by %.4e (streak=%d/%d).,1,ICE iter 1: log-lik regressed by 3.4045e-01 (streak=1/3).,,,,
,,fixture,fix_pmc_gauss_k2__r0.01_k6_rep1,pmc_state_K2|true forecast,pmcprg.pmc.gaps,quad_error,"Missing-data quadrature not converged: relative error %.1e > %.1e on the integrals the grid must reproduce exactly (%d missing rows, gap_nodes = %d). Results th",3,"Missing-data quadrature not converged: relative error 8.0e-03 > 1.0e-03 on the integrals the grid must reproduce exactly (10 missing rows, gap_nodes = 64). Results that involve the missing rows may be off; increase gap_nodes.",0.008,0.001,10,64
,,fixture,fix_pmc_gauss_k2__r0.01_k6_rep1,pmc_state_K2|robust forecast,pmcprg.pmc.gaps,quad_error,"Missing-data quadrature not converged: relative error %.1e > %.1e on the integrals the grid must reproduce exactly (%d missing rows, gap_nodes = %d). Results th",2,"Missing-data quadrature not converged: relative error 8.5e-03 > 1.0e-03 on the integrals the grid must reproduce exactly (10 missing rows, gap_nodes = 64). Results that involve the missing rows may be off; increase gap_nodes.",0.0085,0.001,10,64
,,fixture,fix_pmc_gauss_k2__r0.01_k6_rep5,pmc_state_K2|true forecast,pmcprg.pmc.gaps,quad_error,"Missing-data quadrature not converged: relative error %.1e > %.1e on the integrals the grid must reproduce exactly (%d missing rows, gap_nodes = %d). Results th",2,"Missing-data quadrature not converged: relative error 1.5e-02 > 1.0e-03 on the integrals the grid must reproduce exactly (10 missing rows, gap_nodes = 64). Results that involve the missing rows may be off; increase gap_nodes.",0.015,0.001,10,64
,,fixture,fix_pmc_gauss_k2__r0.01_k6_rep5,pmc_state_K2|robust forecast,pmcprg.pmc.gaps,quad_error,"Missing-data quadrature not converged: relative error %.1e > %.1e on the integrals the grid must reproduce exactly (%d missing rows, gap_nodes = %d). Results th",2,"Missing-data quadrature not converged: relative error 1.9e-02 > 1.0e-03 on the integrals the grid must reproduce exactly (10 missing rows, gap_nodes = 64). Results that involve the missing rows may be off; increase gap_nodes.",0.019,0.001,10,64
,,fixture,fix_pmc_gauss_k2__r0.01_k6_rep6,pmc_state_K2|true forecast,pmcprg.pmc.gaps,quad_error,"Missing-data quadrature not converged: relative error %.1e > %.1e on the integrals the grid must reproduce exactly (%d missing rows, gap_nodes = %d). Results th",2,"Missing-data quadrature not converged: relative error 8.0e-03 > 1.0e-03 on the integrals the grid must reproduce exactly (10 missing rows, gap_nodes = 64). Results that involve the missing rows may be off; increase gap_nodes.",0.008,0.001,10,64
,,fixture,fix_pmc_gauss_k2__r0.01_k6_rep6,pmc_state_K2|clean fit,pmcprg.pmc.ice,other,%s iter %d: log-lik regressed by %.4e (streak=%d/%d).,1,ICE iter 1: log-lik regressed by 3.2551e-01 (streak=1/3).,,,,
,,fixture,fix_pmc_gauss_k2__r0.01_k6_rep6,pmc_state_K2|robust forecast,pmcprg.pmc.gaps,quad_error,"Missing-data quadrature not converged: relative error %.1e > %.1e on the integrals the grid must reproduce exactly (%d missing rows, gap_nodes = %d). Results th",2,"Missing-data quadrature not converged: relative error 1.0e-02 > 1.0e-03 on the integrals the grid must reproduce exactly (10 missing rows, gap_nodes = 64). Results that involve the missing rows may be off; increase gap_nodes.",0.01,0.001,10,64
,,fixture,fix_pmc_gauss_k2__r0.01_k6_rep6,pmc_state_K2|robust forecast,pmcprg.pmc.gaps,quantile_fallback,Quantiles of the missing values: the interpolated CDF of %d law(s) is not monotone or leaves the bracket of its node masses by more than %g; used the monotone C,2,Quantiles of the missing values: the interpolated CDF of 6 law(s) is not monotone or leaves the bracket of its node masses by more than 1e-06; used the monotone CDF of the node masses there (first-order accurate).,,,,
,,fixture,fix_pmc_gauss_k2__r0.01_k6_rep7,pmc_state_K2|true forecast,pmcprg.pmc.gaps,quad_error,"Missing-data quadrature not converged: relative error %.1e > %.1e on the integrals the grid must reproduce exactly (%d missing rows, gap_nodes = %d). Results th",1,"Missing-data quadrature not converged: relative error 8.0e-03 > 1.0e-03 on the integrals the grid must reproduce exactly (10 missing rows, gap_nodes = 64). Results that involve the missing rows may be off; increase gap_nodes.",0.008,0.001,10,64
,,fixture,fix_pmc_gauss_k2__r0.01_k6_rep7,pmc_state_K2|robust forecast,pmcprg.pmc.gaps,quad_error,"Missing-data quadrature not converged: relative error %.1e > %.1e on the integrals the grid must reproduce exactly (%d missing rows, gap_nodes = %d). Results th",1,"Missing-data quadrature not converged: relative error 9.8e-03 > 1.0e-03 on the integrals the grid must reproduce exactly (10 missing rows, gap_nodes = 64). Results that involve the missing rows may be off; increase gap_nodes.",0.0098,0.001,10,64
,,fixture,fix_pmc_gauss_k2__r0.01_k6_rep8,pmc_state_K2|true forecast,pmcprg.pmc.gaps,quad_error,"Missing-data quadrature not converged: relative error %.1e > %.1e on the integrals the grid must reproduce exactly (%d missing rows, gap_nodes = %d). Results th",3,"Missing-data quadrature not converged: relative error 1.1e-02 > 1.0e-03 on the integrals the grid must reproduce exactly (10 missing rows, gap_nodes = 64). Results that involve the missing rows may be off; increase gap_nodes.",0.011,0.001,10,64
,,fixture,fix_pmc_gauss_k2__r0.01_k6_rep8,pmc_state_K2|raw forecast,pmcprg.pmc.gaps,quad_error,"Missing-data quadrature not converged: relative error %.1e > %.1e on the integrals the grid must reproduce exactly (%d missing rows, gap_nodes = %d). Results th",1,"Missing-data quadrature not converged: relative error 1.4e-03 > 1.0e-03 on the integrals the grid must reproduce exactly (10 missing rows, gap_nodes = 64). Results that involve the missing rows may be off; increase gap_nodes.",0.0014,0.001,10,64
,,fixture,fix_pmc_gauss_k2__r0.01_k6_rep8,pmc_state_K2|robust forecast,pmcprg.pmc.gaps,quad_error,"Missing-data quadrature not converged: relative error %.1e > %.1e on the integrals the grid must reproduce exactly (%d missing rows, gap_nodes = %d). Results th",3,"Missing-data quadrature not converged: relative error 8.9e-03 > 1.0e-03 on the integrals the grid must reproduce exactly (10 missing rows, gap_nodes = 64). Results that involve the missing rows may be off; increase gap_nodes.",0.0089,0.001,10,64
,,fixture,fix_pmc_gauss_k2__r0.01_k6_rep9,pmc_state_K2|true forecast,pmcprg.pmc.gaps,quad_error,"Missing-data quadrature not converged: relative error %.1e > %.1e on the integrals the grid must reproduce exactly (%d missing rows, gap_nodes = %d). Results th",1,"Missing-data quadrature not converged: relative error 2.3e-03 > 1.0e-03 on the integrals the grid must reproduce exactly (10 missing rows, gap_nodes = 64). Results that involve the missing rows may be off; increase gap_nodes.",0.0023,0.001,10,64
,,fixture,fix_pmc_gauss_k2__r0.01_k6_rep9,pmc_state_K2|robust forecast,pmcprg.pmc.gaps,quad_error,"Missing-data quadrature not converged: relative error %.1e > %.1e on the integrals the grid must reproduce exactly (%d missing rows, gap_nodes = %d). Results th",1,"Missing-data quadrature not converged: relative error 8.0e-03 > 1.0e-03 on the integrals the grid must reproduce exactly (10 missing rows, gap_nodes = 64). Results that involve the missing rows may be off; increase gap_nodes.",0.008,0.001,10,64
,,fixture,fix_pmc_gauss_k2__r0.05_k6_rep0,pmc_state_K2|true forecast,pmcprg.pmc.gaps,quad_error,"Missing-data quadrature not converged: relative error %.1e > %.1e on the integrals the grid must reproduce exactly (%d missing rows, gap_nodes = %d). Results th",6,"Missing-data quadrature not converged: relative error 8.5e-03 > 1.0e-03 on the integrals the grid must reproduce exactly (10 missing rows, gap_nodes = 64). Results that involve the missing rows may be off; increase gap_nodes.",0.0085,0.001,10,64
,,fixture,fix_pmc_gauss_k2__r0.05_k6_rep0,pmc_state_K2|raw+gate forecast,pmcprg.pmc.gaps,quad_error,"Missing-data quadrature not converged: relative error %.1e > %.1e on the integrals the grid must reproduce exactly (%d missing rows, gap_nodes = %d). Results th",5,"Missing-data quadrature not converged: relative error 2.0e-03 > 1.0e-03 on the integrals the grid must reproduce exactly (10 missing rows, gap_nodes = 64). Results that involve the missing rows may be off; increase gap_nodes.",0.002,0.001,10,64
,,fixture,fix_pmc_gauss_k2__r0.05_k6_rep0,pmc_state_K2|raw forecast,pmcprg.pmc.gaps,quad_error,"Missing-data quadrature not converged: relative error %.1e > %.1e on the integrals the grid must reproduce exactly (%d missing rows, gap_nodes = %d). Results th",5,"Missing-data quadrature not converged: relative error 2.0e-03 > 1.0e-03 on the integrals the grid must reproduce exactly (10 missing rows, gap_nodes = 64). Results that involve the missing rows may be off; increase gap_nodes.",0.002,0.001,10,64
,,fixture,fix_pmc_gauss_k2__r0.05_k6_rep0,pmc_state_K2|robust+gate forecast,pmcprg.pmc.gaps,quad_error,"Missing-data quadrature not converged: relative error %.1e > %.1e on the integrals the grid must reproduce exactly (%d missing rows, gap_nodes = %d). Results th",5,"Missing-data quadrature not converged: relative error 2.0e-03 > 1.0e-03 on the integrals the grid must reproduce exactly (10 missing rows, gap_nodes = 64). Results that involve the missing rows may be off; increase gap_nodes.",0.002,0.001,10,64
,,fixture,fix_pmc_gauss_k2__r0.05_k6_rep0,pmc_state_K2|robust forecast,pmcprg.pmc.gaps,quad_error,"Missing-data quadrature not converged: relative error %.1e > %.1e on the integrals the grid must reproduce exactly (%d missing rows, gap_nodes = %d). Results th",5,"Missing-data quadrature not converged: relative error 2.0e-03 > 1.0e-03 on the integrals the grid must reproduce exactly (10 missing rows, gap_nodes = 64). Results that involve the missing rows may be off; increase gap_nodes.",0.002,0.001,10,64
,,fixture,fix_pmc_gauss_k2__r0.05_k6_rep1,pmc_state_K2|true forecast,pmcprg.pmc.gaps,quad_error,"Missing-data quadrature not converged: relative error %.1e > %.1e on the integrals the grid must reproduce exactly (%d missing rows, gap_nodes = %d). Results th",2,"Missing-data quadrature not converged: relative error 8.0e-03 > 1.0e-03 on the integrals the grid must reproduce exactly (10 missing rows, gap_nodes = 64). Results that involve the missing rows may be off; increase gap_nodes.",0.008,0.001,10,64
,,fixture,fix_pmc_gauss_k2__r0.05_k6_rep1,pmc_state_K2|raw+gate forecast,pmcprg.pmc.gaps,quad_error,"Missing-data quadrature not converged: relative error %.1e > %.1e on the integrals the grid must reproduce exactly (%d missing rows, gap_nodes = %d). Results th",17,"Missing-data quadrature not converged: relative error 3.7e-03 > 1.0e-03 on the integrals the grid must reproduce exactly (10 missing rows, gap_nodes = 64). Results that involve the missing rows may be off; increase gap_nodes.",0.0037,0.001,10,64
,,fixture,fix_pmc_gauss_k2__r0.05_k6_rep1,pmc_state_K2|raw forecast,pmcprg.pmc.gaps,quad_error,"Missing-data quadrature not converged: relative error %.1e > %.1e on the integrals the grid must reproduce exactly (%d missing rows, gap_nodes = %d). Results th",17,"Missing-data quadrature not converged: relative error 3.7e-03 > 1.0e-03 on the integrals the grid must reproduce exactly (10 missing rows, gap_nodes = 64). Results that involve the missing rows may be off; increase gap_nodes.",0.0037,0.001,10,64
,,fixture,fix_pmc_gauss_k2__r0.05_k6_rep1,pmc_state_K2|robust+gate forecast,pmcprg.pmc.gaps,quad_error,"Missing-data quadrature not converged: relative error %.1e > %.1e on the integrals the grid must reproduce exactly (%d missing rows, gap_nodes = %d). Results th",17,"Missing-data quadrature not converged: relative error 3.7e-03 > 1.0e-03 on the integrals the grid must reproduce exactly (10 missing rows, gap_nodes = 64). Results that involve the missing rows may be off; increase gap_nodes.",0.0037,0.001,10,64
,,fixture,fix_pmc_gauss_k2__r0.05_k6_rep1,pmc_state_K2|robust forecast,pmcprg.pmc.gaps,quad_error,"Missing-data quadrature not converged: relative error %.1e > %.1e on the integrals the grid must reproduce exactly (%d missing rows, gap_nodes = %d). Results th",17,"Missing-data quadrature not converged: relative error 3.7e-03 > 1.0e-03 on the integrals the grid must reproduce exactly (10 missing rows, gap_nodes = 64). Results that involve the missing rows may be off; increase gap_nodes.",0.0037,0.001,10,64
,,fixture,fix_pmc_gauss_k2__r0.05_k6_rep2,pmc_state_K2|true forecast,pmcprg.pmc.gaps,quad_error,"Missing-data quadrature not converged: relative error %.1e > %.1e on the integrals the grid must reproduce exactly (%d missing rows, gap_nodes = %d). Results th",5,"Missing-data quadrature not converged: relative error 1.7e-02 > 1.0e-03 on the integrals the grid must reproduce exactly (10 missing rows, gap_nodes = 64). Results that involve the missing rows may be off; increase gap_nodes.",0.017,0.001,10,64
,,fixture,fix_pmc_gauss_k2__r0.05_k6_rep2,pmc_state_K2|raw forecast,pmcprg.pmc.gaps,quad_error,"Missing-data quadrature not converged: relative error %.1e > %.1e on the integrals the grid must reproduce exactly (%d missing rows, gap_nodes = %d). Results th",1,"Missing-data quadrature not converged: relative error 1.0e-03 > 1.0e-03 on the integrals the grid must reproduce exactly (10 missing rows, gap_nodes = 64). Results that involve the missing rows may be off; increase gap_nodes.",0.001,0.001,10,64
,,fixture,fix_pmc_gauss_k2__r0.05_k6_rep3,pmc_state_K2|true forecast,pmcprg.pmc.gaps,quad_error,"Missing-data quadrature not converged: relative error %.1e > %.1e on the integrals the grid must reproduce exactly (%d missing rows, gap_nodes = %d). Results th",4,"Missing-data quadrature not converged: relative error 1.5e-02 > 1.0e-03 on the integrals the grid must reproduce exactly (10 missing rows, gap_nodes = 64). Results that involve the missing rows may be off; increase gap_nodes.",0.015,0.001,10,64
,,fixture,fix_pmc_gauss_k2__r0.05_k6_rep3,pmc_state_K2|raw choose_nodes,pmcprg.pmc.gaps,quad_error,"Missing-data quadrature not converged: relative error %.1e > %.1e on the integrals the grid must reproduce exactly (%d missing rows, gap_nodes = %d). Results th",2,"Missing-data quadrature not converged: relative error 3.0e-03 > 1.0e-03 on the integrals the grid must reproduce exactly (10 missing rows, gap_nodes = 64). Results that involve the missing rows may be off; increase gap_nodes.",0.003,0.001,10,64
,,fixture,fix_pmc_gauss_k2__r0.05_k6_rep3,pmc_state_K2|raw+gate forecast,pmcprg.pmc.gaps,quad_error,"Missing-data quadrature not converged: relative error %.1e > %.1e on the integrals the grid must reproduce exactly (%d missing rows, gap_nodes = %d). Results th",9,"Missing-data quadrature not converged: relative error 3.0e-03 > 1.0e-03 on the integrals the grid must reproduce exactly (10 missing rows, gap_nodes = 64). Results that involve the missing rows may be off; increase gap_nodes.",0.003,0.001,10,64
,,fixture,fix_pmc_gauss_k2__r0.05_k6_rep3,pmc_state_K2|raw forecast,pmcprg.pmc.gaps,quad_error,"Missing-data quadrature not converged: relative error %.1e > %.1e on the integrals the grid must reproduce exactly (%d missing rows, gap_nodes = %d). Results th",9,"Missing-data quadrature not converged: relative error 3.0e-03 > 1.0e-03 on the integrals the grid must reproduce exactly (10 missing rows, gap_nodes = 64). Results that involve the missing rows may be off; increase gap_nodes.",0.003,0.001,10,64
,,fixture,fix_pmc_gauss_k2__r0.05_k6_rep3,pmc_state_K2|robust choose_nodes,pmcprg.pmc.gaps,quad_error,"Missing-data quadrature not converged: relative error %.1e > %.1e on the integrals the grid must reproduce exactly (%d missing rows, gap_nodes = %d). Results th",2,"Missing-data quadrature not converged: relative error 3.0e-03 > 1.0e-03 on the integrals the grid must reproduce exactly (10 missing rows, gap_nodes = 64). Results that involve the missing rows may be off; increase gap_nodes.",0.003,0.001,10,64
,,fixture,fix_pmc_gauss_k2__r0.05_k6_rep3,pmc_state_K2|robust+gate forecast,pmcprg.pmc.gaps,quad_error,"Missing-data quadrature not converged: relative error %.1e > %.1e on the integrals the grid must reproduce exactly (%d missing rows, gap_nodes = %d). Results th",9,"Missing-data quadrature not converged: relative error 3.0e-03 > 1.0e-03 on the integrals the grid must reproduce exactly (10 missing rows, gap_nodes = 64). Results that involve the missing rows may be off; increase gap_nodes.",0.003,0.001,10,64
,,fixture,fix_pmc_gauss_k2__r0.05_k6_rep3,pmc_state_K2|robust forecast,pmcprg.pmc.gaps,quad_error,"Missing-data quadrature not converged: relative error %.1e > %.1e on the integrals the grid must reproduce exactly (%d missing rows, gap_nodes = %d). Results th",9,"Missing-data quadrature not converged: relative error 3.0e-03 > 1.0e-03 on the integrals the grid must reproduce exactly (10 missing rows, gap_nodes = 64). Results that involve the missing rows may be off; increase gap_nodes.",0.003,0.001,10,64
,,fixture,fix_pmc_gauss_k2__r0.05_k6_rep4,pmc_state_K2|true forecast,pmcprg.pmc.gaps,quad_error,"Missing-data quadrature not converged: relative error %.1e > %.1e on the integrals the grid must reproduce exactly (%d missing rows, gap_nodes = %d). Results th",4,"Missing-data quadrature not converged: relative error 8.0e-03 > 1.0e-03 on the integrals the grid must reproduce exactly (10 missing rows, gap_nodes = 64). Results that involve the missing rows may be off; increase gap_nodes.",0.008,0.001,10,64
,,fixture,fix_pmc_gauss_k2__r0.05_k6_rep4,pmc_state_K2|raw+gate forecast,pmcprg.pmc.gaps,quad_error,"Missing-data quadrature not converged: relative error %.1e > %.1e on the integrals the grid must reproduce exactly (%d missing rows, gap_nodes = %d). Results th",5,"Missing-data quadrature not converged: relative error 1.7e-03 > 1.0e-03 on the integrals the grid must reproduce exactly (10 missing rows, gap_nodes = 64). Results that involve the missing rows may be off; increase gap_nodes.",0.0017,0.001,10,64
,,fixture,fix_pmc_gauss_k2__r0.05_k6_rep4,pmc_state_K2|raw forecast,pmcprg.pmc.gaps,quad_error,"Missing-data quadrature not converged: relative error %.1e > %.1e on the integrals the grid must reproduce exactly (%d missing rows, gap_nodes = %d). Results th",5,"Missing-data quadrature not converged: relative error 1.7e-03 > 1.0e-03 on the integrals the grid must reproduce exactly (10 missing rows, gap_nodes = 64). Results that involve the missing rows may be off; increase gap_nodes.",0.0017,0.001,10,64
,,fixture,fix_pmc_gauss_k2__r0.05_k6_rep4,pmc_state_K2|robust+gate forecast,pmcprg.pmc.gaps,quad_error,"Missing-data quadrature not converged: relative error %.1e > %.1e on the integrals the grid must reproduce exactly (%d missing rows, gap_nodes = %d). Results th",5,"Missing-data quadrature not converged: relative error 1.7e-03 > 1.0e-03 on the integrals the grid must reproduce exactly (10 missing rows, gap_nodes = 64). Results that involve the missing rows may be off; increase gap_nodes.",0.0017,0.001,10,64
,,fixture,fix_pmc_gauss_k2__r0.05_k6_rep4,pmc_state_K2|robust forecast,pmcprg.pmc.gaps,quad_error,"Missing-data quadrature not converged: relative error %.1e > %.1e on the integrals the grid must reproduce exactly (%d missing rows, gap_nodes = %d). Results th",5,"Missing-data quadrature not converged: relative error 1.7e-03 > 1.0e-03 on the integrals the grid must reproduce exactly (10 missing rows, gap_nodes = 64). Results that involve the missing rows may be off; increase gap_nodes.",0.0017,0.001,10,64
,,fixture,fix_pmc_gauss_k2__r0.05_k6_rep5,pmc_state_K2|true forecast,pmcprg.pmc.gaps,quad_error,"Missing-data quadrature not converged: relative error %.1e > %.1e on the integrals the grid must reproduce exactly (%d missing rows, gap_nodes = %d). Results th",4,"Missing-data quadrature not converged: relative error 8.0e-03 > 1.0e-03 on the integrals the grid must reproduce exactly (10 missing rows, gap_nodes = 64). Results that involve the missing rows may be off; increase gap_nodes.",0.008,0.001,10,64
,,fixture,fix_pmc_gauss_k2__r0.05_k6_rep5,pmc_state_K2|raw choose_nodes,pmcprg.pmc.gaps,quad_error,"Missing-data quadrature not converged: relative error %.1e > %.1e on the integrals the grid must reproduce exactly (%d missing rows, gap_nodes = %d). Results th",6,"Missing-data quadrature not converged: relative error 2.9e-03 > 1.0e-03 on the integrals the grid must reproduce exactly (10 missing rows, gap_nodes = 64). Results that involve the missing rows may be off; increase gap_nodes.",0.0029,0.001,10,64
,,fixture,fix_pmc_gauss_k2__r0.05_k6_rep5,pmc_state_K2|raw+gate forecast,pmcprg.pmc.gaps,quad_error,"Missing-data quadrature not converged: relative error %.1e > %.1e on the integrals the grid must reproduce exactly (%d missing rows, gap_nodes = %d). Results th",98,"Missing-data quadrature not converged: relative error 5.4e-03 > 1.0e-03 on the integrals the grid must reproduce exactly (10 missing rows, gap_nodes = 64). Results that involve the missing rows may be off; increase gap_nodes.",0.0054,0.001,10,64
,,fixture,fix_pmc_gauss_k2__r0.05_k6_rep5,pmc_state_K2|raw forecast,pmcprg.pmc.gaps,quad_error,"Missing-data quadrature not converged: relative error %.1e > %.1e on the integrals the grid must reproduce exactly (%d missing rows, gap_nodes = %d). Results th",98,"Missing-data quadrature not converged: relative error 5.4e-03 > 1.0e-03 on the integrals the grid must reproduce exactly (10 missing rows, gap_nodes = 64). Results that involve the missing rows may be off; increase gap_nodes.",0.0054,0.001,10,64
,,fixture,fix_pmc_gauss_k2__r0.05_k6_rep5,pmc_state_K2|robust choose_nodes,pmcprg.pmc.gaps,quad_error,"Missing-data quadrature not converged: relative error %.1e > %.1e on the integrals the grid must reproduce exactly (%d missing rows, gap_nodes = %d). Results th",6,"Missing-data quadrature not converged: relative error 2.9e-03 > 1.0e-03 on the integrals the grid must reproduce exactly (10 missing rows, gap_nodes = 64). Results that involve the missing rows may be off; increase gap_nodes.",0.0029,0.001,10,64
,,fixture,fix_pmc_gauss_k2__r0.05_k6_rep5,pmc_state_K2|robust+gate forecast,pmcprg.pmc.gaps,quad_error,"Missing-data quadrature not converged: relative error %.1e > %.1e on the integrals the grid must reproduce exactly (%d missing rows, gap_nodes = %d). Results th",98,"Missing-data quadrature not converged: relative error 5.4e-03 > 1.0e-03 on the integrals the grid must reproduce exactly (10 missing rows, gap_nodes = 64). Results that involve the missing rows may be off; increase gap_nodes.",0.0054,0.001,10,64
,,fixture,fix_pmc_gauss_k2__r0.05_k6_rep5,pmc_state_K2|robust forecast,pmcprg.pmc.gaps,quad_error,"Missing-data quadrature not converged: relative error %.1e > %.1e on the integrals the grid must reproduce exactly (%d missing rows, gap_nodes = %d). Results th",98,"Missing-data quadrature not converged: relative error 5.4e-03 > 1.0e-03 on the integrals the grid must reproduce exactly (10 missing rows, gap_nodes = 64). Results that involve the missing rows may be off; increase gap_nodes.",0.0054,0.001,10,64
,,fixture,fix_pmc_gauss_k2__r0.05_k6_rep6,pmc_state_K2|true forecast,pmcprg.pmc.gaps,quad_error,"Missing-data quadrature not converged: relative error %.1e > %.1e on the integrals the grid must reproduce exactly (%d missing rows, gap_nodes = %d). Results th",5,"Missing-data quadrature not converged: relative error 1.3e-02 > 1.0e-03 on the integrals the grid must reproduce exactly (10 missing rows, gap_nodes = 64). Results that involve the missing rows may be off; increase gap_nodes.",0.013,0.001,10,64
,,fixture,fix_pmc_gauss_k2__r0.05_k6_rep6,pmc_state_K2|clean fit,pmcprg.pmc.ice,other,%s iter %d: log-lik regressed by %.4e (streak=%d/%d).,1,ICE iter 1: log-lik regressed by 3.2551e-01 (streak=1/3).,,,,
,,fixture,fix_pmc_gauss_k2__r0.05_k6_rep6,pmc_state_K2|raw choose_nodes,pmcprg.pmc.gaps,quad_error,"Missing-data quadrature not converged: relative error %.1e > %.1e on the integrals the grid must reproduce exactly (%d missing rows, gap_nodes = %d). Results th",6,"Missing-data quadrature not converged: relative error 5.6e-03 > 1.0e-03 on the integrals the grid must reproduce exactly (10 missing rows, gap_nodes = 64). Results that involve the missing rows may be off; increase gap_nodes.",0.0056,0.001,10,64
,,fixture,fix_pmc_gauss_k2__r0.05_k6_rep6,pmc_state_K2|raw+gate forecast,pmcprg.pmc.gaps,quad_error,"Missing-data quadrature not converged: relative error %.1e > %.1e on the integrals the grid must reproduce exactly (%d missing rows, gap_nodes = %d). Results th",97,"Missing-data quadrature not converged: relative error 5.6e-03 > 1.0e-03 on the integrals the grid must reproduce exactly (10 missing rows, gap_nodes = 64). Results that involve the missing rows may be off; increase gap_nodes.",0.0056,0.001,10,64
,,fixture,fix_pmc_gauss_k2__r0.05_k6_rep6,pmc_state_K2|raw forecast,pmcprg.pmc.gaps,quad_error,"Missing-data quadrature not converged: relative error %.1e > %.1e on the integrals the grid must reproduce exactly (%d missing rows, gap_nodes = %d). Results th",97,"Missing-data quadrature not converged: relative error 5.6e-03 > 1.0e-03 on the integrals the grid must reproduce exactly (10 missing rows, gap_nodes = 64). Results that involve the missing rows may be off; increase gap_nodes.",0.0056,0.001,10,64
,,fixture,fix_pmc_gauss_k2__r0.05_k6_rep6,pmc_state_K2|robust choose_nodes,pmcprg.pmc.gaps,quad_error,"Missing-data quadrature not converged: relative error %.1e > %.1e on the integrals the grid must reproduce exactly (%d missing rows, gap_nodes = %d). Results th",6,"Missing-data quadrature not converged: relative error 5.6e-03 > 1.0e-03 on the integrals the grid must reproduce exactly (10 missing rows, gap_nodes = 64). Results that involve the missing rows may be off; increase gap_nodes.",0.0056,0.001,10,64
,,fixture,fix_pmc_gauss_k2__r0.05_k6_rep6,pmc_state_K2|robust+gate forecast,pmcprg.pmc.gaps,quad_error,"Missing-data quadrature not converged: relative error %.1e > %.1e on the integrals the grid must reproduce exactly (%d missing rows, gap_nodes = %d). Results th",97,"Missing-data quadrature not converged: relative error 5.6e-03 > 1.0e-03 on the integrals the grid must reproduce exactly (10 missing rows, gap_nodes = 64). Results that involve the missing rows may be off; increase gap_nodes.",0.0056,0.001,10,64
,,fixture,fix_pmc_gauss_k2__r0.05_k6_rep6,pmc_state_K2|robust forecast,pmcprg.pmc.gaps,quad_error,"Missing-data quadrature not converged: relative error %.1e > %.1e on the integrals the grid must reproduce exactly (%d missing rows, gap_nodes = %d). Results th",97,"Missing-data quadrature not converged: relative error 5.6e-03 > 1.0e-03 on the integrals the grid must reproduce exactly (10 missing rows, gap_nodes = 64). Results that involve the missing rows may be off; increase gap_nodes.",0.0056,0.001,10,64
,,fixture,fix_pmc_gauss_k2__r0.05_k6_rep7,pmc_state_K2|true forecast,pmcprg.pmc.gaps,quad_error,"Missing-data quadrature not converged: relative error %.1e > %.1e on the integrals the grid must reproduce exactly (%d missing rows, gap_nodes = %d). Results th",8,"Missing-data quadrature not converged: relative error 8.0e-03 > 1.0e-03 on the integrals the grid must reproduce exactly (10 missing rows, gap_nodes = 64). Results that involve the missing rows may be off; increase gap_nodes.",0.008,0.001,10,64
,,fixture,fix_pmc_gauss_k2__r0.05_k6_rep7,pmc_state_K2|raw+gate forecast,pmcprg.pmc.gaps,quad_error,"Missing-data quadrature not converged: relative error %.1e > %.1e on the integrals the grid must reproduce exactly (%d missing rows, gap_nodes = %d). Results th",13,"Missing-data quadrature not converged: relative error 4.0e-03 > 1.0e-03 on the integrals the grid must reproduce exactly (10 missing rows, gap_nodes = 64). Results that involve the missing rows may be off; increase gap_nodes.",0.004,0.001,10,64
,,fixture,fix_pmc_gauss_k2__r0.05_k6_rep7,pmc_state_K2|raw forecast,pmcprg.pmc.gaps,quad_error,"Missing-data quadrature not converged: relative error %.1e > %.1e on the integrals the grid must reproduce exactly (%d missing rows, gap_nodes = %d). Results th",13,"Missing-data quadrature not converged: relative error 4.0e-03 > 1.0e-03 on the integrals the grid must reproduce exactly (10 missing rows, gap_nodes = 64). Results that involve the missing rows may be off; increase gap_nodes.",0.004,0.001,10,64
,,fixture,fix_pmc_gauss_k2__r0.05_k6_rep7,pmc_state_K2|robust+gate forecast,pmcprg.pmc.gaps,quad_error,"Missing-data quadrature not converged: relative error %.1e > %.1e on the integrals the grid must reproduce exactly (%d missing rows, gap_nodes = %d). Results th",13,"Missing-data quadrature not converged: relative error 4.0e-03 > 1.0e-03 on the integrals the grid must reproduce exactly (10 missing rows, gap_nodes = 64). Results that involve the missing rows may be off; increase gap_nodes.",0.004,0.001,10,64
,,fixture,fix_pmc_gauss_k2__r0.05_k6_rep7,pmc_state_K2|robust forecast,pmcprg.pmc.gaps,quad_error,"Missing-data quadrature not converged: relative error %.1e > %.1e on the integrals the grid must reproduce exactly (%d missing rows, gap_nodes = %d). Results th",13,"Missing-data quadrature not converged: relative error 4.0e-03 > 1.0e-03 on the integrals the grid must reproduce exactly (10 missing rows, gap_nodes = 64). Results that involve the missing rows may be off; increase gap_nodes.",0.004,0.001,10,64
,,fixture,fix_pmc_gauss_k2__r0.05_k6_rep8,pmc_state_K2|true forecast,pmcprg.pmc.gaps,quad_error,"Missing-data quadrature not converged: relative error %.1e > %.1e on the integrals the grid must reproduce exactly (%d missing rows, gap_nodes = %d). Results th",4,"Missing-data quadrature not converged: relative error 6.5e-03 > 1.0e-03 on the integrals the grid must reproduce exactly (10 missing rows, gap_nodes = 64). Results that involve the missing rows may be off; increase gap_nodes.",0.0065,0.001,10,64
,,fixture,fix_pmc_gauss_k2__r0.05_k6_rep8,pmc_state_K2|raw+gate forecast,pmcprg.pmc.gaps,quad_error,"Missing-data quadrature not converged: relative error %.1e > %.1e on the integrals the grid must reproduce exactly (%d missing rows, gap_nodes = %d). Results th",7,"Missing-data quadrature not converged: relative error 1.8e-03 > 1.0e-03 on the integrals the grid must reproduce exactly (10 missing rows, gap_nodes = 64). Results that involve the missing rows may be off; increase gap_nodes.",0.0018,0.001,10,64
,,fixture,fix_pmc_gauss_k2__r0.05_k6_rep8,pmc_state_K2|raw forecast,pmcprg.pmc.gaps,quad_error,"Missing-data quadrature not converged: relative error %.1e > %.1e on the integrals the grid must reproduce exactly (%d missing rows, gap_nodes = %d). Results th",7,"Missing-data quadrature not converged: relative error 1.8e-03 > 1.0e-03 on the integrals the grid must reproduce exactly (10 missing rows, gap_nodes = 64). Results that involve the missing rows may be off; increase gap_nodes.",0.0018,0.001,10,64
,,fixture,fix_pmc_gauss_k2__r0.05_k6_rep8,pmc_state_K2|robust+gate forecast,pmcprg.pmc.gaps,quad_error,"Missing-data quadrature not converged: relative error %.1e > %.1e on the integrals the grid must reproduce exactly (%d missing rows, gap_nodes = %d). Results th",7,"Missing-data quadrature not converged: relative error 1.8e-03 > 1.0e-03 on the integrals the grid must reproduce exactly (10 missing rows, gap_nodes = 64). Results that involve the missing rows may be off; increase gap_nodes.",0.0018,0.001,10,64
,,fixture,fix_pmc_gauss_k2__r0.05_k6_rep8,pmc_state_K2|robust forecast,pmcprg.pmc.gaps,quad_error,"Missing-data quadrature not converged: relative error %.1e > %.1e on the integrals the grid must reproduce exactly (%d missing rows, gap_nodes = %d). Results th",7,"Missing-data quadrature not converged: relative error 1.8e-03 > 1.0e-03 on the integrals the grid must reproduce exactly (10 missing rows, gap_nodes = 64). Results that involve the missing rows may be off; increase gap_nodes.",0.0018,0.001,10,64
,,fixture,fix_pmc_gauss_k2__r0.05_k6_rep9,pmc_state_K2|true forecast,pmcprg.pmc.gaps,quad_error,"Missing-data quadrature not converged: relative error %.1e > %.1e on the integrals the grid must reproduce exactly (%d missing rows, gap_nodes = %d). Results th",1,"Missing-data quadrature not converged: relative error 2.0e-02 > 1.0e-03 on the integrals the grid must reproduce exactly (10 missing rows, gap_nodes = 64). Results that involve the missing rows may be off; increase gap_nodes.",0.02,0.001,10,64
,,fixture,fix_pmc_gauss_k2__r0.05_k6_rep9,pmc_state_K2|raw choose_nodes,pmcprg.pmc.gaps,quad_error,"Missing-data quadrature not converged: relative error %.1e > %.1e on the integrals the grid must reproduce exactly (%d missing rows, gap_nodes = %d). Results th",2,"Missing-data quadrature not converged: relative error 1.0e-03 > 1.0e-03 on the integrals the grid must reproduce exactly (10 missing rows, gap_nodes = 64). Results that involve the missing rows may be off; increase gap_nodes.",0.001,0.001,10,64
,,fixture,fix_pmc_gauss_k2__r0.05_k6_rep9,pmc_state_K2|raw+gate forecast,pmcprg.pmc.gaps,quad_error,"Missing-data quadrature not converged: relative error %.1e > %.1e on the integrals the grid must reproduce exactly (%d missing rows, gap_nodes = %d). Results th",32,"Missing-data quadrature not converged: relative error 6.4e-03 > 1.0e-03 on the integrals the grid must reproduce exactly (10 missing rows, gap_nodes = 64). Results that involve the missing rows may be off; increase gap_nodes.",0.0064,0.001,10,64
,,fixture,fix_pmc_gauss_k2__r0.05_k6_rep9,pmc_state_K2|raw forecast,pmcprg.pmc.gaps,quad_error,"Missing-data quadrature not converged: relative error %.1e > %.1e on the integrals the grid must reproduce exactly (%d missing rows, gap_nodes = %d). Results th",32,"Missing-data quadrature not converged: relative error 6.4e-03 > 1.0e-03 on the integrals the grid must reproduce exactly (10 missing rows, gap_nodes = 64). Results that involve the missing rows may be off; increase gap_nodes.",0.0064,0.001,10,64
,,fixture,fix_pmc_gauss_k2__r0.05_k6_rep9,pmc_state_K2|robust choose_nodes,pmcprg.pmc.gaps,quad_error,"Missing-data quadrature not converged: relative error %.1e > %.1e on the integrals the grid must reproduce exactly (%d missing rows, gap_nodes = %d). Results th",2,"Missing-data quadrature not converged: relative error 1.0e-03 > 1.0e-03 on the integrals the grid must reproduce exactly (10 missing rows, gap_nodes = 64). Results that involve the missing rows may be off; increase gap_nodes.",0.001,0.001,10,64
,,fixture,fix_pmc_gauss_k2__r0.05_k6_rep9,pmc_state_K2|robust+gate forecast,pmcprg.pmc.gaps,quad_error,"Missing-data quadrature not converged: relative error %.1e > %.1e on the integrals the grid must reproduce exactly (%d missing rows, gap_nodes = %d). Results th",32,"Missing-data quadrature not converged: relative error 6.4e-03 > 1.0e-03 on the integrals the grid must reproduce exactly (10 missing rows, gap_nodes = 64). Results that involve the missing rows may be off; increase gap_nodes.",0.0064,0.001,10,64
,,fixture,fix_pmc_gauss_k2__r0.05_k6_rep9,pmc_state_K2|robust forecast,pmcprg.pmc.gaps,quad_error,"Missing-data quadrature not converged: relative error %.1e > %.1e on the integrals the grid must reproduce exactly (%d missing rows, gap_nodes = %d). Results th",32,"Missing-data quadrature not converged: relative error 6.4e-03 > 1.0e-03 on the integrals the grid must reproduce exactly (10 missing rows, gap_nodes = 64). Results that involve the missing rows may be off; increase gap_nodes.",0.0064,0.001,10,64
pmc_pair,3,pmc,aotizhongxin__spikes_r0.05_k6_s0,pmc_pair_K3|raw fit,pmcprg.pmc.gaps,quad_error,"Missing-data quadrature not converged: relative error %.1e > %.1e on the integrals the grid must reproduce exactly (%d missing rows, gap_nodes = %d). Results th",20,"Missing-data quadrature not converged: relative error 4.3e-01 > 3.2e-03 on the integrals the grid must reproduce exactly (10 missing rows, gap_nodes = 64). Results that involve the missing rows may be off; increase gap_nodes.",0.43,0.0032,10,64
pmc_pair,3,pmc,aotizhongxin__spikes_r0.05_k6_s0,pmc_pair_K3|raw choose_nodes,pmcprg.pmc.gaps,quad_error,"Missing-data quadrature not converged: relative error %.1e > %.1e on the integrals the grid must reproduce exactly (%d missing rows, gap_nodes = %d). Results th",18,"Missing-data quadrature not converged: relative error 2.5e+00 > 4.9e-03 on the integrals the grid must reproduce exactly (61 missing rows, gap_nodes = 64). Results that involve the missing rows may be off; increase gap_nodes.",2.5,0.0049,61,64
pmc_pair,3,pmc,aotizhongxin__spikes_r0.05_k6_s0,pmc_pair_K3|raw choose_nodes,pmcprg.pmc.gaps,quantile_fallback,Quantiles of the missing values: the interpolated CDF of %d law(s) is not monotone or leaves the bracket of its node masses by more than %g; used the monotone C,8,Quantiles of the missing values: the interpolated CDF of 20 law(s) is not monotone or leaves the bracket of its node masses by more than 1e-06; used the monotone CDF of the node masses there (first-order accurate).,,,,
pmc_pair,3,pmc,aotizhongxin__spikes_r0.05_k6_s0,pmc_pair_K3|raw quad_error observed,pmcprg.pmc.gaps,quad_error,"Missing-data quadrature not converged: relative error %.1e > %.1e on the integrals the grid must reproduce exactly (%d missing rows, gap_nodes = %d). Results th",1,"Missing-data quadrature not converged: relative error 3.3e-01 > 4.8e-03 on the integrals the grid must reproduce exactly (37 missing rows, gap_nodes = 256). Results that involve the missing rows may be off; increase gap_nodes.",0.33,0.0048,37,256
pmc_pair,3,pmc,aotizhongxin__spikes_r0.05_k6_s0,pmc_pair_K3|raw quad_error gated,pmcprg.pmc.gaps,quad_error,"Missing-data quadrature not converged: relative error %.1e > %.1e on the integrals the grid must reproduce exactly (%d missing rows, gap_nodes = %d). Results th",1,"Missing-data quadrature not converged: relative error 3.7e-01 > 5.7e-03 on the integrals the grid must reproduce exactly (49 missing rows, gap_nodes = 256). Results that involve the missing rows may be off; increase gap_nodes.",0.37,0.0057,49,256
pmc_pair,3,pmc,aotizhongxin__spikes_r0.05_k6_s0,pmc_pair_K3|raw+gate forecast,pmcprg.pmc.gaps,quad_error,"Missing-data quadrature not converged: relative error %.1e > %.1e on the integrals the grid must reproduce exactly (%d missing rows, gap_nodes = %d). Results th",91,"Missing-data quadrature not converged: relative error 1.5e+00 > 5.4e-03 on the integrals the grid must reproduce exactly (63 missing rows, gap_nodes = 256). Results that involve the missing rows may be off; increase gap_nodes.",1.5,0.0054,63,256
pmc_pair,3,pmc,aotizhongxin__spikes_r0.05_k6_s0,pmc_pair_K3|raw+gate forecast,pmcprg.pmc.gaps,quantile_fallback,Quantiles of the missing values: the interpolated CDF of %d law(s) is not monotone or leaves the bracket of its node masses by more than %g; used the monotone C,56,Quantiles of the missing values: the interpolated CDF of 10 law(s) is not monotone or leaves the bracket of its node masses by more than 1e-06; used the monotone CDF of the node masses there (first-order accurate).,,,,
pmc_pair,3,pmc,aotizhongxin__spikes_r0.05_k6_s0,pmc_pair_K3|raw forecast,pmcprg.pmc.gaps,quad_error,"Missing-data quadrature not converged: relative error %.1e > %.1e on the integrals the grid must reproduce exactly (%d missing rows, gap_nodes = %d). Results th",91,"Missing-data quadrature not converged: relative error 1.4e+00 > 4.5e-03 on the integrals the grid must reproduce exactly (51 missing rows, gap_nodes = 256). Results that involve the missing rows may be off; increase gap_nodes.",1.4,0.0045,51,256
pmc_pair,3,pmc,aotizhongxin__spikes_r0.05_k6_s0,pmc_pair_K3|raw forecast,pmcprg.pmc.gaps,quantile_fallback,Quantiles of the missing values: the interpolated CDF of %d law(s) is not monotone or leaves the bracket of its node masses by more than %g; used the monotone C,56,Quantiles of the missing values: the interpolated CDF of 10 law(s) is not monotone or leaves the bracket of its node masses by more than 1e-06; used the monotone CDF of the node masses there (first-order accurate).,,,,
pmc_pair,3,pmc,aotizhongxin__spikes_r0.05_k6_s0,pmc_pair_K3|robust fit,pmcprg.pmc.gaps,quad_error,"Missing-data quadrature not converged: relative error %.1e > %.1e on the integrals the grid must reproduce exactly (%d missing rows, gap_nodes = %d). Results th",119,"Missing-data quadrature not converged: relative error 1.8e+00 > 5.0e-03 on the integrals the grid must reproduce exactly (31 missing rows, gap_nodes = 64). Results that involve the missing rows may be off; increase gap_nodes.",1.8,0.005,31,64
pmc_pair,3,pmc,aotizhongxin__spikes_r0.05_k6_s0,pmc_pair_K3|robust fit,pmcprg.pmc.ice,other,%s iter %d: log-lik regressed by %.4e (streak=%d/%d).,9,ICE iter 22: log-lik regressed by 1.5237e-01 (streak=1/3).,,,,
pmc_pair,3,pmc,aotizhongxin__spikes_r0.05_k6_s0,pmc_pair_K3|robust fit,pmcprg.pmc.ice,other,%s: %d consecutive regressions — stopping early at iter %d.,3,ICE: 3 consecutive regressions — stopping early at iter 24.,,,,
pmc_pair,3,pmc,aotizhongxin__spikes_r0.05_k6_s0,pmc_pair_K3|robust choose_nodes,pmcprg.pmc.gaps,quad_error,"Missing-data quadrature not converged: relative error %.1e > %.1e on the integrals the grid must reproduce exactly (%d missing rows, gap_nodes = %d). Results th",18,"Missing-data quadrature not converged: relative error 1.2e+00 > 4.9e-03 on the integrals the grid must reproduce exactly (61 missing rows, gap_nodes = 64). Results that involve the missing rows may be off; increase gap_nodes.",1.2,0.0049,61,64
pmc_pair,3,pmc,aotizhongxin__spikes_r0.05_k6_s0,pmc_pair_K3|robust choose_nodes,pmcprg.pmc.gaps,quantile_fallback,Quantiles of the missing values: the interpolated CDF of %d law(s) is not monotone or leaves the bracket of its node masses by more than %g; used the monotone C,9,Quantiles of the missing values: the interpolated CDF of 20 law(s) is not monotone or leaves the bracket of its node masses by more than 1e-06; used the monotone CDF of the node masses there (first-order accurate).,,,,
pmc_pair,3,pmc,aotizhongxin__spikes_r0.05_k6_s0,pmc_pair_K3|robust quad_error observed,pmcprg.pmc.gaps,quad_error,"Missing-data quadrature not converged: relative error %.1e > %.1e on the integrals the grid must reproduce exactly (%d missing rows, gap_nodes = %d). Results th",1,"Missing-data quadrature not converged: relative error 2.3e-01 > 4.8e-03 on the integrals the grid must reproduce exactly (37 missing rows, gap_nodes = 256). Results that involve the missing rows may be off; increase gap_nodes.",0.23,0.0048,37,256
pmc_pair,3,pmc,aotizhongxin__spikes_r0.05_k6_s0,pmc_pair_K3|robust quad_error gated,pmcprg.pmc.gaps,quad_error,"Missing-data quadrature not converged: relative error %.1e > %.1e on the integrals the grid must reproduce exactly (%d missing rows, gap_nodes = %d). Results th",1,"Missing-data quadrature not converged: relative error 2.2e-01 > 6.7e-03 on the integrals the grid must reproduce exactly (66 missing rows, gap_nodes = 256). Results that involve the missing rows may be off; increase gap_nodes.",0.22,0.0067,66,256
pmc_pair,3,pmc,aotizhongxin__spikes_r0.05_k6_s0,pmc_pair_K3|robust+gate forecast,pmcprg.pmc.gaps,quad_error,"Missing-data quadrature not converged: relative error %.1e > %.1e on the integrals the grid must reproduce exactly (%d missing rows, gap_nodes = %d). Results th",91,"Missing-data quadrature not converged: relative error 7.7e-01 > 6.4e-03 on the integrals the grid must reproduce exactly (75 missing rows, gap_nodes = 256). Results that involve the missing rows may be off; increase gap_nodes.",0.77,0.0064,75,256
pmc_pair,3,pmc,aotizhongxin__spikes_r0.05_k6_s0,pmc_pair_K3|robust+gate forecast,pmcprg.pmc.gaps,quantile_fallback,Quantiles of the missing values: the interpolated CDF of %d law(s) is not monotone or leaves the bracket of its node masses by more than %g; used the monotone C,21,Quantiles of the missing values: the interpolated CDF of 1 law(s) is not monotone or leaves the bracket of its node masses by more than 1e-06; used the monotone CDF of the node masses there (first-order accurate).,,,,
pmc_pair,3,pmc,aotizhongxin__spikes_r0.05_k6_s0,pmc_pair_K3|robust forecast,pmcprg.pmc.gaps,quad_error,"Missing-data quadrature not converged: relative error %.1e > %.1e on the integrals the grid must reproduce exactly (%d missing rows, gap_nodes = %d). Results th",91,"Missing-data quadrature not converged: relative error 7.9e-01 > 4.4e-03 on the integrals the grid must reproduce exactly (46 missing rows, gap_nodes = 256). Results that involve the missing rows may be off; increase gap_nodes.",0.79,0.0044,46,256
pmc_pair,3,pmc,aotizhongxin__spikes_r0.05_k6_s0,pmc_pair_K3|robust forecast,pmcprg.pmc.gaps,quantile_fallback,Quantiles of the missing values: the interpolated CDF of %d law(s) is not monotone or leaves the bracket of its node masses by more than %g; used the monotone C,21,Quantiles of the missing values: the interpolated CDF of 1 law(s) is not monotone or leaves the bracket of its node masses by more than 1e-06; used the monotone CDF of the node masses there (first-order accurate).,,,,
pmc_pair,3,pmc,aotizhongxin__spikes_r0.05_k6_s0,pmc_pair_K3|hampel fit,pmcprg.pmc.gaps,quad_error,"Missing-data quadrature not converged: relative error %.1e > %.1e on the integrals the grid must reproduce exactly (%d missing rows, gap_nodes = %d). Results th",258,"Missing-data quadrature not converged: relative error 1.8e+00 > 5.0e-03 on the integrals the grid must reproduce exactly (31 missing rows, gap_nodes = 64). Results that involve the missing rows may be off; increase gap_nodes.",1.8,0.005,31,64
pmc_pair,3,pmc,aotizhongxin__spikes_r0.05_k6_s0,pmc_pair_K3|hampel fit,pmcprg.pmc.ice,other,%s iter %d: log-lik regressed by %.4e (streak=%d/%d).,27,ICE iter 17: log-lik regressed by 1.9306e-01 (streak=1/3).,,,,
pmc_pair,3,pmc,aotizhongxin__spikes_r0.05_k6_s0,pmc_pair_K3|hampel fit,pmcprg.pmc.ice,other,%s: %d consecutive regressions — stopping early at iter %d.,9,ICE: 3 consecutive regressions — stopping early at iter 19.,,,,
pmc_pair,3,pmc,aotizhongxin__spikes_r0.05_k6_s0,pmc_pair_K3|hampel choose_nodes,pmcprg.pmc.gaps,quad_error,"Missing-data quadrature not converged: relative error %.1e > %.1e on the integrals the grid must reproduce exactly (%d missing rows, gap_nodes = %d). Results th",18,"Missing-data quadrature not converged: relative error 1.2e+00 > 4.9e-03 on the integrals the grid must reproduce exactly (61 missing rows, gap_nodes = 64). Results that involve the missing rows may be off; increase gap_nodes.",1.2,0.0049,61,64
pmc_pair,3,pmc,aotizhongxin__spikes_r0.05_k6_s0,pmc_pair_K3|hampel choose_nodes,pmcprg.pmc.gaps,quantile_fallback,Quantiles of the missing values: the interpolated CDF of %d law(s) is not monotone or leaves the bracket of its node masses by more than %g; used the monotone C,9,Quantiles of the missing values: the interpolated CDF of 20 law(s) is not monotone or leaves the bracket of its node masses by more than 1e-06; used the monotone CDF of the node masses there (first-order accurate).,,,,
pmc_pair,3,pmc,aotizhongxin__spikes_r0.05_k6_s0,pmc_pair_K3|hampel quad_error gated,pmcprg.pmc.gaps,quad_error,"Missing-data quadrature not converged: relative error %.1e > %.1e on the integrals the grid must reproduce exactly (%d missing rows, gap_nodes = %d). Results th",1,"Missing-data quadrature not converged: relative error 2.2e-01 > 6.7e-03 on the integrals the grid must reproduce exactly (66 missing rows, gap_nodes = 256). Results that involve the missing rows may be off; increase gap_nodes.",0.22,0.0067,66,256
pmc_pair,3,pmc,aotizhongxin__spikes_r0.05_k6_s0,pmc_pair_K3|hampel+gate forecast,pmcprg.pmc.gaps,quad_error,"Missing-data quadrature not converged: relative error %.1e > %.1e on the integrals the grid must reproduce exactly (%d missing rows, gap_nodes = %d). Results th",91,"Missing-data quadrature not converged: relative error 7.7e-01 > 6.4e-03 on the integrals the grid must reproduce exactly (75 missing rows, gap_nodes = 256). Results that involve the missing rows may be off; increase gap_nodes.",0.77,0.0064,75,256
pmc_pair,3,pmc,aotizhongxin__spikes_r0.05_k6_s0,pmc_pair_K3|hampel+gate forecast,pmcprg.pmc.gaps,quantile_fallback,Quantiles of the missing values: the interpolated CDF of %d law(s) is not monotone or leaves the bracket of its node masses by more than %g; used the monotone C,21,Quantiles of the missing values: the interpolated CDF of 1 law(s) is not monotone or leaves the bracket of its node masses by more than 1e-06; used the monotone CDF of the node masses there (first-order accurate).,,,,
pmc_pair,3,pmc,aotizhongxin__spikes_r0.01_k6_s0,pmc_pair_K3|raw fit,pmcprg.pmc.gaps,quad_error,"Missing-data quadrature not converged: relative error %.1e > %.1e on the integrals the grid must reproduce exactly (%d missing rows, gap_nodes = %d). Results th",18,"Missing-data quadrature not converged: relative error 5.3e-02 > 3.2e-03 on the integrals the grid must reproduce exactly (10 missing rows, gap_nodes = 64). Results that involve the missing rows may be off; increase gap_nodes.",0.053,0.0032,10,64
pmc_pair,3,pmc,aotizhongxin__spikes_r0.01_k6_s0,pmc_pair_K3|raw fit,pmcprg.pmc.ice,other,%s iter %d: log-lik regressed by %.4e (streak=%d/%d).,3,ICE iter 15: log-lik regressed by 3.9057e-01 (streak=1/3).,,,,
pmc_pair,3,pmc,aotizhongxin__spikes_r0.01_k6_s0,pmc_pair_K3|raw fit,pmcprg.pmc.ice,other,%s: %d consecutive regressions — stopping early at iter %d.,1,ICE: 3 consecutive regressions — stopping early at iter 17.,,,,
pmc_pair,3,pmc,aotizhongxin__spikes_r0.01_k6_s0,pmc_pair_K3|raw choose_nodes,pmcprg.pmc.gaps,quad_error,"Missing-data quadrature not converged: relative error %.1e > %.1e on the integrals the grid must reproduce exactly (%d missing rows, gap_nodes = %d). Results th",18,"Missing-data quadrature not converged: relative error 1.5e+00 > 4.9e-03 on the integrals the grid must reproduce exactly (61 missing rows, gap_nodes = 64). Results that involve the missing rows may be off; increase gap_nodes.",1.5,0.0049,61,64
pmc_pair,3,pmc,aotizhongxin__spikes_r0.01_k6_s0,pmc_pair_K3|raw choose_nodes,pmcprg.pmc.gaps,quantile_fallback,Quantiles of the missing values: the interpolated CDF of %d law(s) is not monotone or leaves the bracket of its node masses by more than %g; used the monotone C,10,Quantiles of the missing values: the interpolated CDF of 17 law(s) is not monotone or leaves the bracket of its node masses by more than 1e-06; used the monotone CDF of the node masses there (first-order accurate).,,,,
pmc_pair,3,pmc,aotizhongxin__spikes_r0.01_k6_s0,pmc_pair_K3|raw quad_error observed,pmcprg.pmc.gaps,quad_error,"Missing-data quadrature not converged: relative error %.1e > %.1e on the integrals the grid must reproduce exactly (%d missing rows, gap_nodes = %d). Results th",1,"Missing-data quadrature not converged: relative error 4.0e-02 > 4.8e-03 on the integrals the grid must reproduce exactly (37 missing rows, gap_nodes = 256). Results that involve the missing rows may be off; increase gap_nodes.",0.04,0.0048,37,256
pmc_pair,3,pmc,aotizhongxin__spikes_r0.01_k6_s0,pmc_pair_K3|raw quad_error gated,pmcprg.pmc.gaps,quad_error,"Missing-data quadrature not converged: relative error %.1e > %.1e on the integrals the grid must reproduce exactly (%d missing rows, gap_nodes = %d). Results th",1,"Missing-data quadrature not converged: relative error 4.7e-02 > 5.7e-03 on the integrals the grid must reproduce exactly (48 missing rows, gap_nodes = 256). Results that involve the missing rows may be off; increase gap_nodes.",0.047,0.0057,48,256
pmc_pair,3,pmc,aotizhongxin__spikes_r0.01_k6_s0,pmc_pair_K3|raw+gate forecast,pmcprg.pmc.gaps,quad_error,"Missing-data quadrature not converged: relative error %.1e > %.1e on the integrals the grid must reproduce exactly (%d missing rows, gap_nodes = %d). Results th",91,"Missing-data quadrature not converged: relative error 3.5e-01 > 5.3e-03 on the integrals the grid must reproduce exactly (57 missing rows, gap_nodes = 256). Results that involve the missing rows may be off; increase gap_nodes.",0.35,0.0053,57,256
pmc_pair,3,pmc,aotizhongxin__spikes_r0.01_k6_s0,pmc_pair_K3|raw+gate forecast,pmcprg.pmc.gaps,quantile_fallback,Quantiles of the missing values: the interpolated CDF of %d law(s) is not monotone or leaves the bracket of its node masses by more than %g; used the monotone C,42,Quantiles of the missing values: the interpolated CDF of 9 law(s) is not monotone or leaves the bracket of its node masses by more than 1e-06; used the monotone CDF of the node masses there (first-order accurate).,,,,
pmc_pair,3,pmc,aotizhongxin__spikes_r0.01_k6_s0,pmc_pair_K3|raw forecast,pmcprg.pmc.gaps,quad_error,"Missing-data quadrature not converged: relative error %.1e > %.1e on the integrals the grid must reproduce exactly (%d missing rows, gap_nodes = %d). Results th",91,"Missing-data quadrature not converged: relative error 3.5e-01 > 4.4e-03 on the integrals the grid must reproduce exactly (46 missing rows, gap_nodes = 256). Results that involve the missing rows may be off; increase gap_nodes.",0.35,0.0044,46,256
pmc_pair,3,pmc,aotizhongxin__spikes_r0.01_k6_s0,pmc_pair_K3|raw forecast,pmcprg.pmc.gaps,quantile_fallback,Quantiles of the missing values: the interpolated CDF of %d law(s) is not monotone or leaves the bracket of its node masses by more than %g; used the monotone C,42,Quantiles of the missing values: the interpolated CDF of 9 law(s) is not monotone or leaves the bracket of its node masses by more than 1e-06; used the monotone CDF of the node masses there (first-order accurate).,,,,
pmc_pair,3,pmc,aotizhongxin__spikes_r0.01_k6_s0,pmc_pair_K3|robust fit,pmcprg.pmc.gaps,quad_error,"Missing-data quadrature not converged: relative error %.1e > %.1e on the integrals the grid must reproduce exactly (%d missing rows, gap_nodes = %d). Results th",134,"Missing-data quadrature not converged: relative error 6.2e-01 > 4.5e-03 on the integrals the grid must reproduce exactly (23 missing rows, gap_nodes = 64). Results that involve the missing rows may be off; increase gap_nodes.",0.62,0.0045,23,64
pmc_pair,3,pmc,aotizhongxin__spikes_r0.01_k6_s0,pmc_pair_K3|robust fit,pmcprg.pmc.ice,other,%s iter %d: log-lik regressed by %.4e (streak=%d/%d).,22,ICE iter 15: log-lik regressed by 3.9057e-01 (streak=1/3).,,,,
pmc_pair,3,pmc,aotizhongxin__spikes_r0.01_k6_s0,pmc_pair_K3|robust fit,pmcprg.pmc.ice,other,%s: %d consecutive regressions — stopping early at iter %d.,7,ICE: 3 consecutive regressions — stopping early at iter 17.,,,,
pmc_pair,3,pmc,aotizhongxin__spikes_r0.01_k6_s0,pmc_pair_K3|robust choose_nodes,pmcprg.pmc.gaps,quad_error,"Missing-data quadrature not converged: relative error %.1e > %.1e on the integrals the grid must reproduce exactly (%d missing rows, gap_nodes = %d). Results th",18,"Missing-data quadrature not converged: relative error 1.8e+00 > 4.9e-03 on the integrals the grid must reproduce exactly (61 missing rows, gap_nodes = 64). Results that involve the missing rows may be off; increase gap_nodes.",1.8,0.0049,61,64
pmc_pair,3,pmc,aotizhongxin__spikes_r0.01_k6_s0,pmc_pair_K3|robust choose_nodes,pmcprg.pmc.gaps,quantile_fallback,Quantiles of the missing values: the interpolated CDF of %d law(s) is not monotone or leaves the bracket of its node masses by more than %g; used the monotone C,9,Quantiles of the missing values: the interpolated CDF of 21 law(s) is not monotone or leaves the bracket of its node masses by more than 1e-06; used the monotone CDF of the node masses there (first-order accurate).,,,,
pmc_pair,3,pmc,aotizhongxin__spikes_r0.01_k6_s0,pmc_pair_K3|robust quad_error observed,pmcprg.pmc.gaps,quad_error,"Missing-data quadrature not converged: relative error %.1e > %.1e on the integrals the grid must reproduce exactly (%d missing rows, gap_nodes = %d). Results th",1,"Missing-data quadrature not converged: relative error 3.0e-02 > 4.8e-03 on the integrals the grid must reproduce exactly (37 missing rows, gap_nodes = 256). Results that involve the missing rows may be off; increase gap_nodes.",0.03,0.0048,37,256
pmc_pair,3,pmc,aotizhongxin__spikes_r0.01_k6_s0,pmc_pair_K3|robust quad_error gated,pmcprg.pmc.gaps,quad_error,"Missing-data quadrature not converged: relative error %.1e > %.1e on the integrals the grid must reproduce exactly (%d missing rows, gap_nodes = %d). Results th",1,"Missing-data quadrature not converged: relative error 4.0e-02 > 6.2e-03 on the integrals the grid must reproduce exactly (55 missing rows, gap_nodes = 256). Results that involve the missing rows may be off; increase gap_nodes.",0.04,0.0062,55,256
pmc_pair,3,pmc,aotizhongxin__spikes_r0.01_k6_s0,pmc_pair_K3|robust+gate forecast,pmcprg.pmc.gaps,quad_error,"Missing-data quadrature not converged: relative error %.1e > %.1e on the integrals the grid must reproduce exactly (%d missing rows, gap_nodes = %d). Results th",91,"Missing-data quadrature not converged: relative error 3.4e-01 > 5.8e-03 on the integrals the grid must reproduce exactly (63 missing rows, gap_nodes = 256). Results that involve the missing rows may be off; increase gap_nodes.",0.34,0.0058,63,256
pmc_pair,3,pmc,aotizhongxin__spikes_r0.01_k6_s0,pmc_pair_K3|robust+gate forecast,pmcprg.pmc.gaps,quantile_fallback,Quantiles of the missing values: the interpolated CDF of %d law(s) is not monotone or leaves the bracket of its node masses by more than %g; used the monotone C,29,Quantiles of the missing values: the interpolated CDF of 24 law(s) is not monotone or leaves the bracket of its node masses by more than 1e-06; used the monotone CDF of the node masses there (first-order accurate).,,,,
pmc_pair,3,pmc,aotizhongxin__spikes_r0.01_k6_s0,pmc_pair_K3|robust forecast,pmcprg.pmc.gaps,quad_error,"Missing-data quadrature not converged: relative error %.1e > %.1e on the integrals the grid must reproduce exactly (%d missing rows, gap_nodes = %d). Results th",91,"Missing-data quadrature not converged: relative error 3.3e-01 > 4.4e-03 on the integrals the grid must reproduce exactly (46 missing rows, gap_nodes = 256). Results that involve the missing rows may be off; increase gap_nodes.",0.33,0.0044,46,256
pmc_pair,3,pmc,aotizhongxin__spikes_r0.01_k6_s0,pmc_pair_K3|robust forecast,pmcprg.pmc.gaps,quantile_fallback,Quantiles of the missing values: the interpolated CDF of %d law(s) is not monotone or leaves the bracket of its node masses by more than %g; used the monotone C,29,Quantiles of the missing values: the interpolated CDF of 24 law(s) is not monotone or leaves the bracket of its node masses by more than 1e-06; used the monotone CDF of the node masses there (first-order accurate).,,,,
pmc_pair,3,pmc,aotizhongxin__spikes_r0.01_k6_s0,pmc_pair_K3|hampel fit,pmcprg.pmc.gaps,quad_error,"Missing-data quadrature not converged: relative error %.1e > %.1e on the integrals the grid must reproduce exactly (%d missing rows, gap_nodes = %d). Results th",93,"Missing-data quadrature not converged: relative error 1.4e+00 > 9.6e-03 on the integrals the grid must reproduce exactly (97 missing rows, gap_nodes = 64). Results that involve the missing rows may be off; increase gap_nodes.",1.4,0.0096,97,64
pmc_pair,3,pmc,aotizhongxin__spikes_r0.01_k6_s0,pmc_pair_K3|hampel fit,pmcprg.pmc.ice,other,%s iter %d: log-lik regressed by %.4e (streak=%d/%d).,3,ICE iter 27: log-lik regressed by 1.4481e+00 (streak=1/3).,,,,
pmc_pair,3,pmc,aotizhongxin__spikes_r0.01_k6_s0,pmc_pair_K3|hampel fit,pmcprg.pmc.ice,other,%s: %d consecutive regressions — stopping early at iter %d.,1,ICE: 3 consecutive regressions — stopping early at iter 29.,,,,
pmc_pair,3,pmc,aotizhongxin__spikes_r0.01_k6_s0,pmc_pair_K3|hampel fit,pmcprg.pmc._estim_common,other,%s: degenerate fitted model — %s. Its likelihood may be unbounded (a collapsing variance or τ → ±1 gains nats without limit): do not compare it with other fits ,3,ICE: degenerate fitted model — margin f_02 (norm): sd = 0.0103 < 0.0105 (0.01 × data sd 1.05). Its likelihood may be unbounded (a collapsing variance or τ → ±1 gains nats without limit): do not compare it with other fits (pmcprg.pmc._estim_common.degenerate_states).,,,,
pmc_pair,3,pmc,aotizhongxin__spikes_r0.01_k6_s0,pmc_pair_K3|hampel choose_nodes,pmcprg.pmc.gaps,quad_error,"Missing-data quadrature not converged: relative error %.1e > %.1e on the integrals the grid must reproduce exactly (%d missing rows, gap_nodes = %d). Results th",18,"Missing-data quadrature not converged: relative error 1.8e+00 > 4.9e-03 on the integrals the grid must reproduce exactly (61 missing rows, gap_nodes = 64). Results that involve the missing rows may be off; increase gap_nodes.",1.8,0.0049,61,64
pmc_pair,3,pmc,aotizhongxin__spikes_r0.01_k6_s0,pmc_pair_K3|hampel choose_nodes,pmcprg.pmc.gaps,quantile_fallback,Quantiles of the missing values: the interpolated CDF of %d law(s) is not monotone or leaves the bracket of its node masses by more than %g; used the monotone C,3,Quantiles of the missing values: the interpolated CDF of 10 law(s) is not monotone or leaves the bracket of its node masses by more than 1e-06; used the monotone CDF of the node masses there (first-order accurate).,,,,
pmc_pair,3,pmc,aotizhongxin__spikes_r0.01_k6_s0,pmc_pair_K3|hampel quad_error gated,pmcprg.pmc.gaps,quad_error,"Missing-data quadrature not converged: relative error %.1e > %.1e on the integrals the grid must reproduce exactly (%d missing rows, gap_nodes = %d). Results th",1,"Missing-data quadrature not converged: relative error 5.8e-02 > 1.1e-02 on the integrals the grid must reproduce exactly (141 missing rows, gap_nodes = 128). Results that involve the missing rows may be off; increase gap_nodes.",0.058,0.011,141,128
pmc_pair,3,pmc,aotizhongxin__spikes_r0.01_k6_s0,pmc_pair_K3|hampel+gate forecast,pmcprg.pmc.gaps,quad_error,"Missing-data quadrature not converged: relative error %.1e > %.1e on the integrals the grid must reproduce exactly (%d missing rows, gap_nodes = %d). Results th",91,"Missing-data quadrature not converged: relative error 1.0e-01 > 1.1e-02 on the integrals the grid must reproduce exactly (143 missing rows, gap_nodes = 128). Results that involve the missing rows may be off; increase gap_nodes.",0.1,0.011,143,128
pmc_pair,3,pmc,aotizhongxin__spikes_r0.01_k6_s0,pmc_pair_K3|hampel+gate forecast,pmcprg.pmc.gaps,quantile_fallback,Quantiles of the missing values: the interpolated CDF of %d law(s) is not monotone or leaves the bracket of its node masses by more than %g; used the monotone C,11,Quantiles of the missing values: the interpolated CDF of 1 law(s) is not monotone or leaves the bracket of its node masses by more than 1e-06; used the monotone CDF of the node masses there (first-order accurate).,,,,
