kind,N,r,M,pi0_c0,iters_c0,reach_c0,ll_c0,pi0_c1,iters_c1,reach_c1,ll_c1,pi0_common,ll_common,pi0_first,pi1_first,pi0,pi1,common,iters
zero-start,500,0,102,0.0,16,0,-850.1675828234038,0.063451297737522,17,6,-835.039522976444,0.06345438711449382,-835.0395192754538,,,,,,
zero-start,500,1,61,0.0,22,0,-836.1880224440898,0.039160039066284694,27,7,-825.3501970596631,0.03915933006070434,-825.350165373556,,,,,,
zero-start,500,2,92,0.0,6,0,-845.6108411130754,0.02215273348108511,18,7,-842.5261770342354,0.02215450112258402,-842.5261885638438,,,,,,
zero-start,500,3,62,0.0,16,0,-872.9522518608661,0.058423671310131396,17,6,-850.5634676674007,0.05842331852836805,-850.5634684568097,,,,,,
zero-start,500,4,80,0.0,12,0,-858.3177607369252,0.045414711065384944,12,6,-844.0895852345552,0.04544875321617973,-844.0896465686413,,,,,,
zero-start,500,5,64,0.0,13,0,-861.6422167487679,0.04262401062718738,13,6,-845.4811230834616,0.04263108824495175,-845.4811224656697,,,,,,
zero-start,500,6,55,0.0,9,0,-834.6999101638612,0.043404389800043235,11,5,-813.6784093810014,0.043409344867635175,-813.6784204451828,,,,,,
zero-start,500,7,97,0.0,11,0,-863.7472514463042,0.04138366196496955,14,5,-856.471822430412,0.04138465153979804,-856.4718267407959,,,,,,
zero-start,500,8,84,0.0,9,0,-848.6144812739406,0.0359441545829169,15,5,-836.673853395309,0.035944719757092354,-836.6738536408354,,,,,,
zero-start,500,9,82,0.0,12,0,-850.9986411811306,0.03922986311228585,10,4,-833.7914797096239,0.039228575599125744,-833.7914921210609,,,,,,
zero-start,500,10,81,0.0,10,0,-836.929825014833,0.037769201033332915,15,5,-814.469195626623,0.0377690874553432,-814.4691939638482,,,,,,
zero-start,500,11,98,0.0,11,0,-865.8223854661655,0.04741585154359148,17,6,-858.181550723642,0.04743242482300502,-858.1815727433923,,,,,,
zero-start,500,12,108,0.0,14,0,-859.4610915400227,0.0564594581871577,21,6,-850.9855723395176,0.056468440782565285,-850.9855942526599,,,,,,
zero-start,500,13,84,0.0,14,0,-882.9878673207106,0.04755033982539884,17,5,-868.8634403340704,0.04754129093925392,-868.863348955533,,,,,,
zero-start,500,14,50,0.0,12,0,-856.4339279381614,0.03827203612934318,16,6,-837.9468705429584,0.0382718816340821,-837.9468698160555,,,,,,
zero-start,500,15,65,0.0,15,0,-892.5845052225333,0.03647140781623903,20,8,-885.0831732761419,0.036507793772971205,-885.0831609431683,,,,,,
zero-start,500,16,86,0.0,8,0,-865.3796008889532,0.04469286168586284,13,5,-851.0780406490511,0.04469673746952968,-851.0780423044138,,,,,,
zero-start,500,17,105,0.0,12,0,-849.1528654813617,0.0489012891620423,16,6,-838.9347685434656,0.0489031219578033,-838.9347760941729,,,,,,
zero-start,500,18,88,0.0,12,0,-857.2048461241118,0.01923998014562378,18,6,-854.273275910549,0.019241351606650994,-854.2732892771618,,,,,,
zero-start,500,19,91,0.0,19,0,-874.0285967475677,0.05539994935143749,16,8,-865.2710447938672,0.055445147310004134,-865.2710590203485,,,,,,
zero-start,500,20,77,0.0,18,0,-861.8550248466418,0.05811162032368237,14,5,-837.452132578953,0.058110429754465676,-837.4521202065223,,,,,,
zero-start,500,21,57,0.0,31,0,-839.7013075269616,0.046742963997354815,20,8,-825.3540226019318,0.046750127485618735,-825.3540390169428,,,,,,
zero-start,500,22,93,0.0,23,0,-879.3541668780546,0.05440485058319247,29,5,-866.930653387097,0.054404766269671924,-866.9306554393326,,,,,,
zero-start,500,23,63,0.0,10,0,-878.1789379328579,0.023318639048345056,14,8,-873.1101598782195,0.023534100054283635,-873.1107776932844,,,,,,
zero-start,500,24,110,0.0,14,0,-851.3454693647868,0.03351063362961565,15,5,-845.9828074804873,0.03351197415793369,-845.9828155525933,,,,,,
zero-start,500,25,79,0.0,25,0,-887.7699183941323,0.05042714610464432,18,7,-876.6612877223239,0.050447695234083004,-876.6613230072951,,,,,,
zero-start,500,26,92,0.0,15,0,-858.6943071738043,0.03727706125870458,19,6,-851.4383858017154,0.03727987045496483,-851.438405614212,,,,,,
zero-start,500,27,102,0.0,14,0,-836.3252808949258,0.021355512827976104,21,6,-833.5265539045196,0.02135976804917007,-833.5265820977404,,,,,,
zero-start,500,28,96,0.0,30,0,-868.8824406215172,0.062146196668651496,14,7,-859.9734970765752,0.06270032188322654,-859.9746533633158,,,,,,
zero-start,500,29,63,0.0,12,0,-872.6837477135222,0.04999709270828532,15,6,-850.5748036001082,0.050001130057312486,-850.5748180164777,,,,,,
zero-start,500,30,92,0.0,15,0,-873.4476900584613,0.07679829105365929,16,6,-853.0704280516495,0.07680654310353523,-853.0704307969017,,,,,,
zero-start,500,31,76,0.0,17,0,-871.7809654220035,0.043176429068409725,22,8,-863.3197548125529,0.0431814230664546,-863.3197726775566,,,,,,
zero-start,500,32,87,0.0,18,0,-873.1228016224007,0.04583942743898261,17,6,-861.4644939977717,0.04584493092693649,-861.4644791768472,,,,,,
zero-start,500,33,80,0.0,12,0,-826.8881067131406,0.036391169087086624,20,7,-817.8248388337888,0.036393705725119616,-817.8248552287197,,,,,,
zero-start,500,34,61,0.0,15,0,-843.4499836972765,0.049851926238356256,14,7,-826.0348077271998,0.04994445913571572,-826.0350627605189,,,,,,
zero-start,500,35,75,0.0,13,0,-896.6207229987377,0.06442707236198911,16,6,-873.3530338645281,0.06442702113292938,-873.3530339945914,,,,,,
zero-start,500,36,75,0.0,13,0,-859.973821457444,0.03480673331416663,19,7,-851.8790986391358,0.034808431127924734,-851.879109409727,,,,,,
zero-start,500,37,110,0.0,23,0,-874.714122306143,0.06055015651821428,17,6,-863.4238875434797,0.0605533251224702,-863.4238968444432,,,,,,
zero-start,500,38,82,0.0,8,0,-869.5481195053565,0.04300649715936217,15,5,-855.0578123892003,0.043009125955602114,-855.0578014820326,,,,,,
zero-start,500,39,81,0.0,20,0,-894.4324329419412,0.029372107428262746,13,6,-888.9758279706891,0.029447507719592193,-888.9760445986394,,,,,,
zero-start,500,40,81,0.0,10,0,-887.7326425944414,0.04049674437218905,11,5,-872.4598160338578,0.04049790609920967,-872.4598176154121,,,,,,
zero-start,500,41,72,0.0,18,0,-888.5847213510385,0.04670151446490524,17,5,-871.0884664444517,0.04670132762724557,-871.0884650842983,,,,,,
zero-start,500,42,113,0.0,13,0,-866.3025453054831,0.05951124880444419,17,6,-855.6941723442014,0.05950790708354577,-855.6941652323494,,,,,,
zero-start,500,43,85,0.0,12,0,-874.0751372587563,0.05251913944632146,15,5,-857.8979436136057,0.052523196280886905,-857.8979523816621,,,,,,
zero-start,500,44,78,0.0,8,0,-860.2374477985702,0.039935085711150974,19,7,-851.6171155816227,0.03993739097007617,-851.6171267504423,,,,,,
zero-start,500,45,78,0.0,27,0,-869.4024137810922,0.06167314767703164,14,6,-850.271116203269,0.061693815061958375,-850.2712004393226,,,,,,
zero-start,500,46,85,0.0,14,0,-866.7415706461478,0.04849248373597163,15,6,-852.8431459047682,0.04851187929962458,-852.8431845172968,,,,,,
zero-start,500,47,79,0.0,15,0,-851.3778013213343,0.03405946787674777,15,6,-842.8172229677398,0.03406156872768971,-842.8172394055126,,,,,,
zero-start,500,48,97,0.0,11,0,-870.2987710209802,0.04280488542432676,19,6,-862.973883810973,0.0428100305429665,-862.9738997944173,,,,,,
zero-start,500,49,74,0.0,37,0,-879.8440203325787,0.06173760636997538,21,8,-864.9482303621909,0.0617715953061687,-864.948374045063,,,,,,
zero-start,2000,0,335,0.0,12,0,-3424.1918844083393,0.04217742656549546,15,6,-3372.889442847722,0.042177835849418435,-3372.8894480079744,,,,,,
zero-start,2000,1,359,0.0,12,0,-3478.6130567711075,0.043571189326965624,13,6,-3427.3269104316178,0.04358343945126711,-3427.3269295577816,,,,,,
zero-start,2000,2,327,0.0,10,0,-3523.2877802626213,0.050460679410336405,13,6,-3456.133381168608,0.05046819352618758,-3456.133401977177,,,,,,
zero-start,2000,3,415,0.0,13,0,-3438.0086515204925,0.055529767322848526,15,7,-3384.2413507557517,0.055564050518374694,-3384.2415011294156,,,,,,
zero-start,2000,4,390,0.0,13,0,-3513.7172434628387,0.0654768495631656,14,7,-3446.1492451397285,0.06549032701015424,-3446.149270252412,,,,,,
zero-start,2000,5,359,0.0,13,0,-3471.7348917439986,0.04060450678616226,14,6,-3425.4168691842824,0.04060596997832775,-3425.416875557281,,,,,,
zero-start,2000,6,319,0.0,17,0,-3443.655663606014,0.043309589831857245,14,6,-3390.7524924512777,0.04332672026272904,-3390.7525346691405,,,,,,
zero-start,2000,7,374,0.0,15,0,-3492.5871853897643,0.05978755902419159,16,7,-3432.088305935311,0.05979407314695215,-3432.0883473424574,,,,,,
zero-start,2000,8,364,0.0,13,0,-3475.699148102276,0.053959369859027495,15,7,-3419.349602150528,0.05397032460897587,-3419.3496222294652,,,,,,
zero-start,2000,9,380,0.0,11,0,-3446.366561016813,0.05971340202924946,17,8,-3398.1543998506418,0.059724559430621924,-3398.1544443795497,,,,,,
zero-start,2000,10,365,0.0,12,0,-3455.800022434332,0.04145022606456414,13,6,-3412.0676194426906,0.0414598896817956,-3412.0676490221745,,,,,,
zero-start,2000,11,321,0.0,17,0,-3496.4996644668263,0.05137795685678336,16,7,-3429.871329098274,0.05138169134354655,-3429.871321521517,,,,,,
zero-start,2000,12,321,0.0,15,0,-3457.371811493369,0.043246498857835575,15,7,-3408.136447004244,0.04327025349532343,-3408.1364375542116,,,,,,
zero-start,2000,13,329,0.0,11,0,-3381.202478550299,0.039323790191943736,13,6,-3329.046714819417,0.03933834648203726,-3329.0467600336497,,,,,,
zero-start,2000,14,357,0.0,8,0,-3494.9174750003717,0.04710120270284961,13,6,-3442.530892071353,0.04711669545797654,-3442.5309323155307,,,,,,
zero-start,2000,15,359,0.0,11,0,-3424.6549702641805,0.03691712111050077,15,7,-3387.8962428565355,0.03694970388582583,-3387.896346152249,,,,,,
zero-start,2000,16,381,0.0,14,0,-3507.1008623430075,0.052388639293536654,13,6,-3454.520350876077,0.05240445021490935,-3454.5203864807922,,,,,,
zero-start,2000,17,348,0.0,13,0,-3506.7139289871443,0.04669802112731492,15,6,-3460.667675300174,0.04670287999625968,-3460.6676731489533,,,,,,
zero-start,2000,18,318,0.0,11,0,-3483.3143158237554,0.04671546423940827,14,6,-3411.328737586883,0.046726854532938955,-3411.3287418997534,,,,,,
zero-start,2000,19,326,0.0,16,0,-3470.860318988947,0.0562208724650752,15,7,-3397.5303704414855,0.0562392411690931,-3397.530355635872,,,,,,
zero-start,2000,20,284,0.0,12,0,-3415.5521836836924,0.046351932441767926,15,7,-3344.675941471028,0.04635462005922816,-3344.675935408899,,,,,,
zero-start,2000,21,368,0.0,14,0,-3450.1649325140033,0.041482073928643795,14,7,-3407.1784971283596,0.041501423628107235,-3407.1784790047705,,,,,,
zero-start,2000,22,322,0.0,12,0,-3441.22278339488,0.04406689117821781,14,6,-3380.8697631152277,0.04407986670934555,-3380.8698209883705,,,,,,
zero-start,2000,23,344,0.0,13,0,-3358.2804096562436,0.030592874068309874,13,6,-3320.6501919997727,0.03060539386195532,-3320.6502425115896,,,,,,
zero-start,2000,24,321,0.0,11,0,-3501.586678420315,0.05751742238612651,17,9,-3444.16896824294,0.057573075148876426,-3444.169071261372,,,,,,
zero-start,2000,25,340,0.0,15,0,-3437.1103927724253,0.04279176669266268,16,7,-3389.8042263731363,0.042816201016059215,-3389.804267342916,,,,,,
zero-start,2000,26,346,0.0,11,0,-3365.69173044522,0.03935325287884335,17,8,-3329.5171969403455,0.03936520261442883,-3329.517245823235,,,,,,
zero-start,2000,27,388,0.0,12,0,-3439.645934512923,0.050213476168538454,18,8,-3400.399672739579,0.05022684219351811,-3400.3997295746626,,,,,,
zero-start,2000,28,351,0.0,12,0,-3462.1677871148895,0.05892538319246153,15,6,-3382.1473075355666,0.05892845165350132,-3382.147309097784,,,,,,
zero-start,2000,29,318,0.0,12,0,-3558.7341271209525,0.051898938604956014,15,6,-3487.9191211757843,0.05190399843752411,-3487.919107480293,,,,,,
zero-start,2000,30,338,0.0,14,0,-3517.242406985768,0.05585804810360308,16,7,-3463.4339845963286,0.05586848665281922,-3463.434006830486,,,,,,
zero-start,2000,31,363,0.0,12,0,-3482.281744376054,0.05297333524197623,14,6,-3414.8700857584836,0.052973381574666197,-3414.8700886841116,,,,,,
zero-start,2000,32,331,0.0,17,0,-3448.2296520440395,0.05273753823928901,16,6,-3380.403567646003,0.0527415343300013,-3380.4035871731967,,,,,,
zero-start,2000,33,308,0.0,12,0,-3411.872124568202,0.043919559279741525,13,7,-3360.3826675205823,0.04394309450007126,-3360.382722945827,,,,,,
zero-start,2000,34,332,0.0,11,0,-3450.240031222215,0.04507116694895103,14,7,-3393.8626089613554,0.045088225645215765,-3393.8626627657227,,,,,,
zero-start,2000,35,304,0.0,13,0,-3448.44019212537,0.050088518356243776,15,7,-3378.0532396344124,0.05010495420514242,-3378.0532782563287,,,,,,
zero-start,2000,36,290,0.0,13,0,-3489.4974361992545,0.048067203852883406,15,7,-3431.4927786425615,0.04808375698563743,-3431.4928224347836,,,,,,
zero-start,2000,37,326,0.0,15,0,-3526.460687058643,0.05604113386475432,15,6,-3452.293014461436,0.056049750941645056,-3452.2930290764134,,,,,,
zero-start,2000,38,409,0.0,16,0,-3468.8556187610657,0.04848507684475962,14,7,-3431.657508614776,0.04854448867381188,-3431.6576484009156,,,,,,
zero-start,2000,39,395,0.0,11,0,-3469.380644155666,0.0561405457696394,11,6,-3404.472290053483,0.05616112674192219,-3404.472298715258,,,,,,
zero-start,2000,40,326,0.0,14,0,-3423.327886329525,0.048353753295942714,14,6,-3357.568459948725,0.04837124788351048,-3357.568393923081,,,,,,
zero-start,2000,41,332,0.0,12,0,-3546.10612498299,0.05110258617402682,16,7,-3485.612604938511,0.051104625678182115,-3485.6126060079346,,,,,,
zero-start,2000,42,326,0.0,11,0,-3466.7338813803467,0.05159738515529181,13,6,-3384.763782455965,0.05159634060584999,-3384.7637658040926,,,,,,
zero-start,2000,43,323,0.0,15,0,-3483.5841622725848,0.057815887604770244,15,7,-3415.1856198794917,0.05782788013383399,-3415.1856410488963,,,,,,
zero-start,2000,44,378,0.0,13,0,-3502.228314265827,0.06270771400713329,12,6,-3439.4257896183485,0.06272513027979598,-3439.4258081404573,,,,,,
zero-start,2000,45,402,0.0,13,0,-3479.899930014822,0.060115731631158804,14,6,-3414.01825526091,0.060124406621501605,-3414.018263896091,,,,,,
zero-start,2000,46,383,0.0,11,0,-3421.406294699449,0.047802499583790625,13,6,-3357.2062646768104,0.047806619521762274,-3357.206293996874,,,,,,
zero-start,2000,47,330,0.0,16,0,-3501.349116202419,0.04692361369640633,16,6,-3444.4783727167837,0.046928389297947515,-3444.4783729727274,,,,,,
zero-start,2000,48,393,0.0,11,0,-3516.6819123300975,0.06947140691180029,13,6,-3424.121006534702,0.06948487392012877,-3424.1210313934102,,,,,,
zero-start,2000,49,300,0.0,13,0,-3424.1631417076746,0.042603285293398484,14,6,-3368.3734816353763,0.042607247036154705,-3368.3734708309457,,,,,,
common-markov-states,500,0,79,,,,,,,,,,,0.07592380142751821,0.28288311542377137,0.050456452632112854,0.3115104075983246,0.158,10
common-markov-states,500,1,91,,,,,,,,,,,0.056454227708058496,0.2652925785477,0.027363141816657936,0.27813968378462783,0.182,13
common-markov-states,500,2,83,,,,,,,,,,,0.06416556217179081,0.28007976415381247,0.016613473598825656,0.3052462069101397,0.166,18
common-markov-states,500,3,76,,,,,,,,,,,0.04420282197360042,0.28587071085664434,0.011656586953425311,0.3161845867853032,0.152,17
common-markov-states,500,4,62,,,,,,,,,,,0.0443415534294435,0.2690763116367135,0.01858899666410211,0.30493388291990053,0.124,10
common-markov-states,500,5,82,,,,,,,,,,,0.08222505653359446,0.2755520696006713,0.02323427104770021,0.3338686270003143,0.164,12
common-markov-states,500,6,70,,,,,,,,,,,0.03639821873433941,0.2654977037750548,0.005378998018026863,0.28834366666328,0.14,16
common-markov-states,500,7,48,,,,,,,,,,,0.038522011830292954,0.23016858198735698,0.015743835816227122,0.2692515985097308,0.096,27
common-markov-states,500,8,69,,,,,,,,,,,0.06526957497559993,0.19781819533678965,0.0026217876136292277,0.2244803201854109,0.138,31
common-markov-states,500,9,71,,,,,,,,,,,0.027509382594088472,0.31470923396488204,0.013859560799681916,0.33078680110632896,0.142,8
common-markov-states,500,10,87,,,,,,,,,,,0.06273623592403046,0.3087343008730323,0.030409912483537374,0.3379399941554956,0.174,11
common-markov-states,500,11,80,,,,,,,,,,,0.043863106593922487,0.2710162143999227,0.009115468684171103,0.3012121129295011,0.16,18
common-markov-states,500,12,87,,,,,,,,,,,0.04517482900968553,0.26965153085924426,0.011584482263616079,0.28673264315272895,0.174,15
common-markov-states,500,13,71,,,,,,,,,,,0.054850159345132155,0.261314199959979,0.027337433485279863,0.27726899095972574,0.142,9
common-markov-states,500,14,73,,,,,,,,,,,0.0354932924473617,0.2665707087446029,0.01158701780974768,0.28445397145341933,0.146,12
common-markov-states,500,15,73,,,,,,,,,,,0.041555789234841954,0.24657736591921964,0.012772004776142277,0.2672153457993861,0.146,9
common-markov-states,500,16,44,,,,,,,,,,,0.02936441019645289,0.22517294276596544,0.013236075373230584,0.25414520976938176,0.088,8
common-markov-states,500,17,76,,,,,,,,,,,0.06361138254899931,0.2522471202521271,0.018214331785482506,0.2819488607163055,0.152,14
common-markov-states,500,18,71,,,,,,,,,,,0.03395649165491303,0.25854330832431216,0.0118128514997962,0.2746986369874619,0.142,11
common-markov-states,500,19,65,,,,,,,,,,,0.04232868980639486,0.24173016462341124,0.021818957992528757,0.27277050154531274,0.13,14
common-markov-states,500,20,84,,,,,,,,,,,0.06224319769529306,0.2654638255308615,0.03127358977810074,0.29204325653860064,0.168,10
common-markov-states,500,21,87,,,,,,,,,,,0.07600888144719546,0.2859539872034878,0.03600343163240442,0.30698285381776985,0.174,14
common-markov-states,500,22,55,,,,,,,,,,,0.029936883893516727,0.27619619974289233,0.011880700855438102,0.30735642848264266,0.11,7
common-markov-states,500,23,67,,,,,,,,,,,0.03641787596954809,0.25569109133418827,0.011337401065430117,0.2760082578925636,0.134,10
common-markov-states,500,24,99,,,,,,,,,,,0.06575633280569998,0.32638573312129293,0.010877276332712594,0.3551773610840735,0.198,14
common-markov-states,500,25,70,,,,,,,,,,,0.03594875372654189,0.32272654914228105,0.012893325027292513,0.347121473673476,0.14,10
common-markov-states,500,26,80,,,,,,,,,,,0.07610363404476628,0.2624452060934099,0.030115801667289523,0.2946858707363368,0.16,14
common-markov-states,500,27,97,,,,,,,,,,,0.05089282110145487,0.291901883642496,0.017652315824763228,0.30425198584503343,0.194,9
common-markov-states,500,28,105,,,,,,,,,,,0.07282777856194987,0.2740199677129304,0.03786538519441434,0.28866510480419216,0.21,12
common-markov-states,500,29,68,,,,,,,,,,,0.0551866282745889,0.22519106589143775,0.02543885808951445,0.25069471584876185,0.136,13
common-markov-states,500,30,76,,,,,,,,,,,0.04387473015668203,0.24383972385734926,0.02682986981575482,0.2581170943151986,0.152,13
common-markov-states,500,31,100,,,,,,,,,,,0.07184928198947375,0.3215253581705649,0.04054229144846083,0.339898276981984,0.2,9
common-markov-states,500,32,69,,,,,,,,,,,0.03765191252726567,0.24705149342853425,0.014783378800041562,0.2674629252456043,0.138,14
common-markov-states,500,33,72,,,,,,,,,,,0.04278875870083917,0.2596456644359777,0.022618916292931963,0.279884124154742,0.144,9
common-markov-states,500,34,71,,,,,,,,,,,0.03309374011379872,0.3185521379912773,0.005500818514398557,0.35698198856234836,0.142,16
common-markov-states,500,35,90,,,,,,,,,,,0.07020287924382054,0.28798161926533894,0.0432803131302569,0.31111310914701507,0.18,13
common-markov-states,500,36,105,,,,,,,,,,,0.07544528753156501,0.2996093671705168,0.03641068016420619,0.3213167248023364,0.21,25
common-markov-states,500,37,81,,,,,,,,,,,0.06120215595289856,0.2736494191677134,0.02772449943148437,0.2949856101974904,0.162,11
common-markov-states,500,38,108,,,,,,,,,,,0.07943231610150892,0.3140449579979489,0.03328466679017955,0.3347245476318036,0.216,17
common-markov-states,500,39,102,,,,,,,,,,,0.07107256412760173,0.2910149973709011,0.0017782397086659445,0.3113614050821519,0.204,15
common-markov-states,500,40,62,,,,,,,,,,,0.051741998486017585,0.24519646346217128,0.03176823786631475,0.26394646775572134,0.124,14
common-markov-states,500,41,72,,,,,,,,,,,0.04303591315900726,0.282837484991053,0.015777919696612505,0.3018431628742341,0.144,14
common-markov-states,500,42,74,,,,,,,,,,,0.04889334950207609,0.260847764818629,0.01033553078472651,0.2900949691704838,0.148,16
common-markov-states,500,43,80,,,,,,,,,,,0.06250768670873458,0.25466848559359123,0.043756017552948605,0.2716001858852432,0.16,13
common-markov-states,500,44,76,,,,,,,,,,,0.06276966302081781,0.24236534830281367,0.018673136894430013,0.27691801763594,0.152,15
common-markov-states,500,45,108,,,,,,,,,,,0.06275626060573804,0.3104306668409389,0.016573386232201306,0.3290108596362016,0.216,15
common-markov-states,500,46,71,,,,,,,,,,,0.043477981989913594,0.27829506043938346,0.01371324241013983,0.30374309260739274,0.142,12
common-markov-states,500,47,118,,,,,,,,,,,0.0998542424381553,0.3040793347661673,0.022134060575488668,0.3200851403223472,0.236,15
common-markov-states,500,48,64,,,,,,,,,,,0.037706086884375795,0.2806069177354456,0.008695713056723607,0.3166289782658147,0.128,21
common-markov-states,500,49,58,,,,,,,,,,,0.02830697886992599,0.2674152686891532,0.015438051580883322,0.2900150674758436,0.116,8
common-markov-states,2000,0,336,,,,,,,,,,,0.048926902977569214,0.2621610685833997,0.017743824263818767,0.2824713176902153,0.168,10
common-markov-states,2000,1,316,,,,,,,,,,,0.054220752553407636,0.2797981767339076,0.01792234084422573,0.30446654930888195,0.158,13
common-markov-states,2000,2,360,,,,,,,,,,,0.06496499703537739,0.3071711030534319,0.027841343389686718,0.332162464692051,0.18,11
common-markov-states,2000,3,313,,,,,,,,,,,0.048973555147929324,0.2658813983722322,0.01701098783511495,0.28953248145459315,0.1565,11
common-markov-states,2000,4,333,,,,,,,,,,,0.05196792922905062,0.306874885532581,0.024743014988768373,0.3320608658478517,0.1665,9
common-markov-states,2000,5,355,,,,,,,,,,,0.06204313882473776,0.25967296634739784,0.017270640543257245,0.27774203707239226,0.1775,13
common-markov-states,2000,6,294,,,,,,,,,,,0.05496909795906885,0.26848379972830666,0.01154202161966395,0.30346553948959637,0.147,16
common-markov-states,2000,7,305,,,,,,,,,,,0.05245556291721988,0.27737483771425037,0.02200969833482713,0.30162285103215497,0.1525,10
common-markov-states,2000,8,271,,,,,,,,,,,0.0629057437289644,0.23784069128198077,0.026611211624847954,0.2707039965017235,0.1355,14
common-markov-states,2000,9,304,,,,,,,,,,,0.057970407148077406,0.2703822511060063,0.02385228621109127,0.3018070034607677,0.152,13
common-markov-states,2000,10,370,,,,,,,,,,,0.06256640956896113,0.29381601004704544,0.02775014750290853,0.3152762875302581,0.185,9
common-markov-states,2000,11,260,,,,,,,,,,,0.05088229153939215,0.25185166084803257,0.01674876558201499,0.28425986759626315,0.13,11
common-markov-states,2000,12,307,,,,,,,,,,,0.05494624028978189,0.2715578499703386,0.014249355524031008,0.29801244868439586,0.1535,12
common-markov-states,2000,13,326,,,,,,,,,,,0.0637767313212488,0.2732794039687589,0.022442273385646992,0.30225189558302545,0.163,12
common-markov-states,2000,14,282,,,,,,,,,,,0.04298157565997331,0.2858056522362975,0.015790012408089794,0.3143601527791755,0.141,11
common-markov-states,2000,15,312,,,,,,,,,,,0.05768478073260628,0.2532035794919012,0.02370998726114877,0.2807407271678838,0.156,12
common-markov-states,2000,16,297,,,,,,,,,,,0.053012177174455756,0.27669608187000316,0.01764554972077044,0.3097416133213309,0.1485,12
common-markov-states,2000,17,350,,,,,,,,,,,0.04363923044340939,0.29512567928894123,0.01297551000576682,0.319500141828771,0.175,10
common-markov-states,2000,18,296,,,,,,,,,,,0.0559091410465115,0.2489431516808743,0.025468869953789317,0.2707385856122125,0.148,11
common-markov-states,2000,19,370,,,,,,,,,,,0.06852450746309753,0.3082871332620076,0.02424761240855528,0.3352851926770033,0.185,12
common-markov-states,2000,20,365,,,,,,,,,,,0.05082056999516672,0.3006296664407812,0.012275843470868828,0.32029189303425937,0.1825,11
common-markov-states,2000,21,320,,,,,,,,,,,0.0457402976979267,0.26963221248222213,0.013591203527209791,0.29306020794862075,0.16,14
common-markov-states,2000,22,290,,,,,,,,,,,0.04925775525893979,0.2719241401553198,0.019577102501437616,0.29497361823498364,0.145,10
common-markov-states,2000,23,342,,,,,,,,,,,0.05092506604660206,0.28992879113575054,0.01951993908880149,0.31497739636587624,0.171,12
common-markov-states,2000,24,342,,,,,,,,,,,0.0602445209672095,0.2749930747216103,0.018409031441940275,0.30165340407572866,0.171,12
common-markov-states,2000,25,296,,,,,,,,,,,0.05592546974663349,0.2588851134198659,0.015619364354968919,0.29048408174287266,0.148,14
common-markov-states,2000,26,329,,,,,,,,,,,0.05406098094217665,0.27695568990327396,0.017418781904774996,0.2995207227267409,0.1645,11
common-markov-states,2000,27,299,,,,,,,,,,,0.04208295366653477,0.2670403545177936,0.014574497678090718,0.2890505658021984,0.1495,13
common-markov-states,2000,28,327,,,,,,,,,,,0.05802111692881251,0.2631574422598199,0.023553873253281437,0.2876336511444327,0.1635,12
common-markov-states,2000,29,354,,,,,,,,,,,0.06350278096946942,0.29859240917200575,0.023414874385693778,0.3263953421858252,0.177,11
common-markov-states,2000,30,317,,,,,,,,,,,0.04823909172181217,0.27221870566723605,0.015004833334801758,0.29363730813980676,0.1585,9
common-markov-states,2000,31,287,,,,,,,,,,,0.06057226523204748,0.2590066031154472,0.029791682774625464,0.2878403683223975,0.1435,10
common-markov-states,2000,32,320,,,,,,,,,,,0.05591674615899894,0.2540774542800517,0.014763448519954418,0.2823043301442415,0.16,13
common-markov-states,2000,33,313,,,,,,,,,,,0.05521153770330351,0.2748310209726626,0.014727345312584534,0.30595863674313145,0.1565,15
common-markov-states,2000,34,310,,,,,,,,,,,0.055474886295682535,0.280867638487328,0.01783595598575498,0.3152697656211635,0.155,13
common-markov-states,2000,35,350,,,,,,,,,,,0.06032168101994395,0.2802989483210951,0.026867495088446724,0.3023479384379089,0.175,10
common-markov-states,2000,36,291,,,,,,,,,,,0.045313693841831336,0.2558982749809493,0.0195848946296537,0.2727915735719283,0.1455,8
common-markov-states,2000,37,301,,,,,,,,,,,0.0485573893897064,0.27701053573720225,0.01554161125791591,0.3132732064600752,0.1505,13
common-markov-states,2000,38,376,,,,,,,,,,,0.06096447572272114,0.30456038490708737,0.01857970753027007,0.3274708207550553,0.188,14
common-markov-states,2000,39,374,,,,,,,,,,,0.06592593026206582,0.28095696232671363,0.027808651440396553,0.30004816713569493,0.187,13
common-markov-states,2000,40,321,,,,,,,,,,,0.05705364688277051,0.2674114770363513,0.023150080364525604,0.29110684936802583,0.1605,10
common-markov-states,2000,41,310,,,,,,,,,,,0.05492138812698655,0.26815846864054804,0.028005435323954452,0.2918090457228398,0.155,9
common-markov-states,2000,42,318,,,,,,,,,,,0.0532272856137754,0.2735955895969013,0.018356716829833947,0.2975534037238682,0.159,11
common-markov-states,2000,43,252,,,,,,,,,,,0.06380929756596525,0.22115740958471392,0.03017949461356515,0.25764380026753037,0.126,12
common-markov-states,2000,44,327,,,,,,,,,,,0.04777273475791121,0.2742144290935603,0.012063244632810638,0.2974468983139525,0.1635,10
common-markov-states,2000,45,327,,,,,,,,,,,0.0554930319902732,0.2760952307546001,0.018992693082124493,0.2991772207483056,0.1635,12
common-markov-states,2000,46,329,,,,,,,,,,,0.051213325093533726,0.29161625171868905,0.017727352312990562,0.3190421178002089,0.1645,10
common-markov-states,2000,47,323,,,,,,,,,,,0.058395724702791335,0.2573058435737668,0.02507944666715174,0.27730716961568397,0.1615,10
common-markov-states,2000,48,326,,,,,,,,,,,0.06416336762213479,0.2870552977476278,0.018168880700656514,0.319101654220011,0.163,13
common-markov-states,2000,49,306,,,,,,,,,,,0.046834950386995394,0.2591847039784953,0.018638855481817894,0.28102509342985893,0.153,11
common-iid-states,500,0,72,,,,,,,,,,,0.131711258316614,0.15882468597279353,0.03536285286929366,0.16387876102798513,0.144,474
common-iid-states,500,1,69,,,,,,,,,,,0.1301695485764163,0.14683936328197456,0.12774842689581234,0.18682466953210444,0.138,489
common-iid-states,500,2,69,,,,,,,,,,,0.12842548017360222,0.14912387072694394,0.12499747902520486,0.1515057368080364,0.138,500
common-iid-states,500,3,84,,,,,,,,,,,0.14712795657417974,0.1957801532841081,0.14216472921209494,0.2173911970815587,0.168,500
common-iid-states,500,4,84,,,,,,,,,,,0.15470749938653908,0.1837977146903795,0.19641680507363127,0.0935687769967817,0.168,500
common-iid-states,500,5,75,,,,,,,,,,,0.1405268117108251,0.1608491243453373,0.24491843000753008,0.019447685892945793,0.15,224
common-iid-states,500,6,64,,,,,,,,,,,0.11992064772919643,0.13725345030898056,0.15573941415556627,0.09637153109938662,0.128,79
common-iid-states,500,7,83,,,,,,,,,,,0.15024872557507046,0.18544723230738824,0.1527888822711495,0.18938118270548707,0.166,86
common-iid-states,500,8,73,,,,,,,,,,,0.13279148803316634,0.16213334146432765,0.14989466792708595,0.1409291306718417,0.146,75
common-iid-states,500,9,78,,,,,,,,,,,0.14952264662806972,0.16306994421323381,0.18232356436482897,0.07333391948531759,0.156,383
common-iid-states,500,10,92,,,,,,,,,,,0.1781989028497997,0.19019687480339742,0.23348849386937343,0.04135797696676721,0.184,291
common-iid-states,500,11,89,,,,,,,,,,,0.16891370888321838,0.18812513422735797,0.23760522929107827,0.10115929313990947,0.178,448
common-iid-states,500,12,82,,,,,,,,,,,0.14020942092061073,0.1975216989529543,0.21386007279144476,0.10969695316713875,0.164,500
common-iid-states,500,13,75,,,,,,,,,,,0.13802631855725897,0.16425510477844135,0.17451390385770602,0.09187940135007007,0.15,232
common-iid-states,500,14,72,,,,,,,,,,,0.13413385599276897,0.155439371447704,0.10246084535057175,0.16679241368841097,0.144,500
common-iid-states,500,15,98,,,,,,,,,,,0.185035922954284,0.2083507054940177,0.16790452109813697,0.22588879689179353,0.196,152
common-iid-states,500,16,93,,,,,,,,,,,0.16926801545823625,0.20640886451873228,0.20075958783438477,0.17717346160239372,0.186,500
common-iid-states,500,17,71,,,,,,,,,,,0.13170248571928245,0.15405107600746945,0.17503865403073784,0.04000687985437559,0.142,245
common-iid-states,500,18,71,,,,,,,,,,,0.1301000036982183,0.15630300108788017,0.12528402413267464,0.2379030496804539,0.142,456
common-iid-states,500,19,87,,,,,,,,,,,0.15754321391162524,0.1943023987270185,0.2466512537547555,0.04118208794703183,0.174,323
common-iid-states,500,20,82,,,,,,,,,,,0.14757719772790445,0.1845424070556149,0.4709578150549349,0.05402572691832234,0.164,500
common-iid-states,500,21,67,,,,,,,,,,,0.12090410852663395,0.15028483249726554,0.14942300799837963,0.12937868173748723,0.134,285
common-iid-states,500,22,67,,,,,,,,,,,0.12050124930226659,0.15091196531817486,0.028668389896114636,0.1613570403040898,0.134,296
common-iid-states,500,23,77,,,,,,,,,,,0.13880626860436387,0.17293571992173398,0.13782755897856286,0.17106559437632762,0.154,500
common-iid-states,500,24,81,,,,,,,,,,,0.14479040193302883,0.18385938765184942,0.17892914305286925,0.13588568577468912,0.162,369
common-iid-states,500,25,78,,,,,,,,,,,0.14096875013893992,0.17462620985481003,0.25013827406245054,0.04880562451328045,0.156,251
common-iid-states,500,26,84,,,,,,,,,,,0.16284953602416513,0.1734925239962444,0.11511515680753182,0.2979052735218494,0.168,254
common-iid-states,500,27,92,,,,,,,,,,,0.17587903687364248,0.19291273915836354,0.2970009828669732,0.10008501737107582,0.184,500
common-iid-states,500,28,84,,,,,,,,,,,0.15510273665860608,0.1832429682920067,0.10124005635409385,0.3119415845360364,0.168,147
common-iid-states,500,29,77,,,,,,,,,,,0.1453330257401331,0.16377246738154233,0.1723985750321148,0.07051535638266176,0.154,500
common-iid-states,500,30,68,,,,,,,,,,,0.12845144351323434,0.14449767766926225,0.15879871948612334,0.12561175454295476,0.136,360
common-iid-states,500,31,91,,,,,,,,,,,0.16824901941598408,0.19820476982167282,0.3029155784736196,0.07061768504683931,0.182,418
common-iid-states,500,32,79,,,,,,,,,,,0.14202413156208213,0.17803246689660615,0.022294389262117666,0.2623557541573914,0.158,500
common-iid-states,500,33,80,,,,,,,,,,,0.1417464568338356,0.18365679641661736,0.12840807680390734,0.28450546906977775,0.16,500
common-iid-states,500,34,79,,,,,,,,,,,0.14571781932979247,0.17254971209310638,0.13954288242450796,0.20208720192167487,0.158,500
common-iid-states,500,35,73,,,,,,,,,,,0.1358444664949129,0.15780322324515475,0.16373848580083664,0.08440039675225722,0.146,301
common-iid-states,500,36,68,,,,,,,,,,,0.12182843595206425,0.15390996553519376,0.15862766563016115,0.04699865813168176,0.136,500
common-iid-states,500,37,78,,,,,,,,,,,0.14514561112780847,0.16861544089980682,0.025479311237293936,0.3001163307563478,0.156,348
common-iid-states,500,38,79,,,,,,,,,,,0.14420279389632065,0.17472340865312244,0.14284762921251865,0.17641464864735223,0.158,26
common-iid-states,500,39,82,,,,,,,,,,,0.1552702996930692,0.17377578944012467,0.17954333252985596,0.0980722198517297,0.164,500
common-iid-states,500,40,88,,,,,,,,,,,0.16420938004857422,0.1896207692588379,0.17545796581266776,0.17773890405243034,0.176,500
common-iid-states,500,41,82,,,,,,,,,,,0.145500143561569,0.18789653868424686,0.19448896665586807,0.15614532533659592,0.164,500
common-iid-states,500,42,78,,,,,,,,,,,0.14725078079625817,0.16586078941672114,0.2825258215406419,0.055792398416608574,0.156,279
common-iid-states,500,43,82,,,,,,,,,,,0.15546156137054173,0.173536844680232,0.17407702745958611,0.12463067537427437,0.164,237
common-iid-states,500,44,82,,,,,,,,,,,0.149809998665738,0.18116593876102954,0.17969833656344356,0.1590579325578458,0.164,500
common-iid-states,500,45,87,,,,,,,,,,,0.1553684679384548,0.19771562520281005,0.1615102143740953,0.18736283367028989,0.174,83
common-iid-states,500,46,81,,,,,,,,,,,0.14324155182380738,0.1864190142604294,0.1678251607608592,0.14355989865956226,0.162,500
common-iid-states,500,47,78,,,,,,,,,,,0.147081657759689,0.166075887705725,0.27086998016574676,0.06430813675409514,0.156,500
common-iid-states,500,48,75,,,,,,,,,,,0.14154133894596785,0.15954021343646566,0.2916816606733707,0.03772496324003053,0.15,124
common-iid-states,500,49,81,,,,,,,,,,,0.15481047706699558,0.16989573190350415,0.19952312181815846,0.13786591419537642,0.162,302
common-iid-states,2000,0,331,,,,,,,,,,,0.15330746413725446,0.17979983587621548,0.1721333151579525,0.156669483925643,0.1655,500
common-iid-states,2000,1,314,,,,,,,,,,,0.14392837701361855,0.17268355444631855,0.019040888785856015,0.4171409270382413,0.157,500
common-iid-states,2000,2,321,,,,,,,,,,,0.14763280828829986,0.17582467365811527,0.1724409039759729,0.14388862076123476,0.1605,369
common-iid-states,2000,3,326,,,,,,,,,,,0.15161617212727632,0.17623246154691077,0.12837297016834126,0.21749462644787595,0.163,386
common-iid-states,2000,4,313,,,,,,,,,,,0.14775102699632672,0.166350704373717,0.09590734752823381,0.3074581048945084,0.1565,500
common-iid-states,2000,5,328,,,,,,,,,,,0.15225729084654246,0.1777057636915786,0.16226963566413907,0.1654692066083666,0.164,270
common-iid-states,2000,6,320,,,,,,,,,,,0.14841284323990525,0.17355008537510025,0.1490989577109183,0.17782487559160495,0.16,500
common-iid-states,2000,7,323,,,,,,,,,,,0.15203500454661806,0.17222211171013954,0.11127638875808703,0.26587792288314616,0.1615,500
common-iid-states,2000,8,338,,,,,,,,,,,0.1567895777009679,0.1832732716820682,0.16124202231575205,0.18978528948556536,0.169,500
common-iid-states,2000,9,333,,,,,,,,,,,0.15513653660785096,0.17966013044845291,0.08608004598070125,0.2545127293284073,0.1665,359
common-iid-states,2000,10,357,,,,,,,,,,,0.16750652575774447,0.19103820485226788,0.161256196476901,0.19060649813200028,0.1785,500
common-iid-states,2000,11,301,,,,,,,,,,,0.1415925050071283,0.16060385970485258,0.1618635085814223,0.1423758312835838,0.1505,500
common-iid-states,2000,12,337,,,,,,,,,,,0.1576172960361481,0.18099733708525276,0.15735324953096058,0.18145585089670793,0.1685,31
common-iid-states,2000,13,331,,,,,,,,,,,0.15184551066914542,0.1818532600734207,0.011586380675152837,0.3334934917353888,0.1655,497
common-iid-states,2000,14,310,,,,,,,,,,,0.14432125438569793,0.1673857242304682,0.13717868490058974,0.17997903099415097,0.155,347
common-iid-states,2000,15,329,,,,,,,,,,,0.15157613094303823,0.17983355418534736,0.17032964943776996,0.15438107597108597,0.1645,415
common-iid-states,2000,16,324,,,,,,,,,,,0.1517027446423101,0.17379735173990446,0.24298475804170042,0.017573782637550033,0.162,500
common-iid-states,2000,17,323,,,,,,,,,,,0.14952093436487346,0.17556607352714632,0.05829569902773021,0.3971099639180289,0.1615,500
common-iid-states,2000,18,323,,,,,,,,,,,0.14867467296054254,0.17674737051907646,0.14862104379919322,0.1767155239787518,0.1615,18
common-iid-states,2000,19,320,,,,,,,,,,,0.15117414157982353,0.1699206806026628,0.11734905723858365,0.21392593341885952,0.16,500
common-iid-states,2000,20,321,,,,,,,,,,,0.14698044223375137,0.17675902527605258,0.14320465162407717,0.19422398638480523,0.1605,240
common-iid-states,2000,21,306,,,,,,,,,,,0.141282134732209,0.16683781788065744,0.197546422872649,0.0804773541398972,0.153,500
common-iid-states,2000,22,328,,,,,,,,,,,0.1513363322025733,0.1789769742809848,0.1893610623116758,0.1407888933568261,0.164,500
common-iid-states,2000,23,320,,,,,,,,,,,0.14806609130758744,0.17402666164483585,0.20616888463386207,0.0457722692295542,0.16,500
common-iid-states,2000,24,322,,,,,,,,,,,0.15085673566666835,0.17260599825290746,0.135109264453619,0.19752086853331577,0.161,500
common-iid-states,2000,25,306,,,,,,,,,,,0.1414729556210635,0.16657250211976699,0.0615322173160106,0.23509088117591337,0.153,434
common-iid-states,2000,26,341,,,,,,,,,,,0.15995485852729133,0.1825340430130628,0.15852155440021432,0.18451968619283732,0.1705,63
common-iid-states,2000,27,326,,,,,,,,,,,0.1518153974055008,0.1759640550879452,0.18387621002430846,0.13007860611264394,0.163,500
common-iid-states,2000,28,336,,,,,,,,,,,0.15473205163647746,0.18375715236955273,0.1451915174271526,0.22193684002138217,0.168,500
common-iid-states,2000,29,325,,,,,,,,,,,0.1521068767127153,0.17441795088245854,0.06292181887382947,0.32251778118715213,0.1625,500
common-iid-states,2000,30,314,,,,,,,,,,,0.14819756606863344,0.16691452188314987,0.1727200346767202,0.1426967651212813,0.157,500
common-iid-states,2000,31,312,,,,,,,,,,,0.14494699001254327,0.16887827469758657,0.16462578855588914,0.15033363734021854,0.156,500
common-iid-states,2000,32,307,,,,,,,,,,,0.1449154156551173,0.16316609665199933,0.0450555624616297,0.26434223127421524,0.1535,500
common-iid-states,2000,33,301,,,,,,,,,,,0.13478560497150568,0.1703626493984906,0.08643973626469124,0.28489187558086804,0.1505,363
common-iid-states,2000,34,316,,,,,,,,,,,0.14913715421987406,0.1679831807774846,0.1500491782890355,0.1679348267913567,0.158,176
common-iid-states,2000,35,335,,,,,,,,,,,0.15589322208993497,0.18097452445266873,0.2152236359726616,0.08075720217912223,0.1675,500
common-iid-states,2000,36,348,,,,,,,,,,,0.16212450012784746,0.18775312926439544,0.07837409120690461,0.25331273105888463,0.174,500
common-iid-states,2000,37,337,,,,,,,,,,,0.15360561784694765,0.1865934131524415,0.17845135754084465,0.15492379076964757,0.1685,443
common-iid-states,2000,38,326,,,,,,,,,,,0.15124122882175037,0.17674176306304176,0.15306259930976102,0.1764049434088955,0.163,334
common-iid-states,2000,39,325,,,,,,,,,,,0.14895618827256982,0.17875349676311356,0.20671380929549454,0.12361397247685081,0.1625,500
common-iid-states,2000,40,313,,,,,,,,,,,0.14648917898314615,0.16797982318672858,0.17673985216913454,0.14591824249124732,0.1565,500
common-iid-states,2000,41,289,,,,,,,,,,,0.1345096284684793,0.15609387149584336,0.11822691724305559,0.16736676570831985,0.1445,265
common-iid-states,2000,42,320,,,,,,,,,,,0.15017063040118767,0.17120663787041623,0.10908949686756113,0.22720007952215301,0.16,424
common-iid-states,2000,43,320,,,,,,,,,,,0.14929394487391998,0.1723605563417448,0.09773084430876443,0.19952855732315464,0.16,500
common-iid-states,2000,44,312,,,,,,,,,,,0.14297929341650228,0.17163024274341626,0.0633688391190042,0.22530524176791214,0.156,500
common-iid-states,2000,45,312,,,,,,,,,,,0.14674849594427616,0.1664968727704463,0.026022084542851084,0.28130866559983575,0.156,500
common-iid-states,2000,46,315,,,,,,,,,,,0.1419966038026988,0.17680411490171805,0.19057101285518577,0.11564334499042231,0.1575,155
common-iid-states,2000,47,297,,,,,,,,,,,0.1400311189768007,0.15805959067326225,0.14608116998355775,0.15160039376632406,0.1485,500
common-iid-states,2000,48,330,,,,,,,,,,,0.15047298333151068,0.1826321042885326,0.1773719143574134,0.1538085914174882,0.165,500
common-iid-states,2000,49,314,,,,,,,,,,,0.14504812712422355,0.1710988053349644,0.2605364325785094,0.08941717632190543,0.157,500
