N,r,M,a0,a1,b0,b1,a0_cf,a1_cf,b0_cf,b1_cf,ll,ll_cf,iters,iters_cf
500,0,33,0.007310866632755465,0.030400197969662517,0.6296152260307192,0.7699417547959191,0.007478031600832033,0.030377180494012994,0.6322724407054644,0.7700338989505209,-782.6696535708259,-782.6707354750951,22,23
500,1,54,0.01271275172185443,0.03332927057413333,0.5796354929685016,0.9020375511016492,0.012894880839235656,0.03341205433855764,0.5817430936511494,0.902691730740643,-798.6799163656201,-798.681648004127,23,23
500,2,38,0.003221564747261515,0.04127010850905773,0.4245069315652678,0.8708511041055427,0.0032466063608637256,0.041261184344973556,0.4258556440201646,0.8708008772673375,-773.7255210120902,-773.7276952568651,34,35
500,3,62,0.00010018873862746412,0.043513948845880085,0.8405356902480258,0.8607481248885557,0.00010301155412749288,0.04356341251802669,0.8404184898758327,0.8610093636238085,-741.3099977414881,-741.3105784730801,15,15
500,4,23,3.113634339099965e-05,0.013541138870194008,0.7593923999445839,0.9199492727615504,3.0659396917699966e-05,0.014217405966512792,0.7450499521894478,0.9303949372637947,-764.0678917004932,-764.0627968576736,27,26
500,5,27,0.003483082970259042,0.020200220696182252,0.757523057232896,0.9239750964166937,0.003791960681304957,0.015596281181696597,0.782156854379291,0.8794995035476486,-790.8744754225853,-791.235207175715,12,15
500,6,42,0.00011465956786675648,0.025450889946768224,0.5062049408199457,0.9429498999589901,9.68626900650415e-05,0.0269745069965197,0.4483768186720524,0.961806491249892,-749.6619115258437,-749.6294779934873,77,62
500,7,89,0.007139365148657796,0.05966360023298789,0.4053717522847599,0.9181719574759561,0.007232174856094196,0.05982314459771061,0.40825347923236405,0.9186718717379927,-740.8985213781876,-740.9038697526312,115,121
500,8,34,0.007734516530295187,0.02773260885283062,0.5465653558455034,0.813413819746319,0.0076992510919154135,0.028358495373771702,0.5418588007278275,0.8175282630974038,-761.0704930193707,-761.0673173066325,22,22
500,9,82,0.005558066227399758,0.06344746328757771,0.44395669898884765,0.9105610286119894,0.005291789833722402,0.0661182484254984,0.4378400195004985,0.9155791065292136,-722.3089712090372,-722.3121192886362,32,33
500,10,49,0.005011151370475097,0.016419848911898998,0.5536313257812463,0.9409499477467406,0.0049712620915875715,0.01730075614165753,0.5455130544676052,0.9454585391527334,-742.5372411743641,-742.5352332319509,39,38
500,11,37,5.23677043562266e-05,0.02162903741954083,0.8762315309828109,0.8604098743115552,5.4242627710110155e-05,0.021644253712453793,0.8762307571408052,0.8605288212987082,-756.1260672382725,-756.1264818920012,15,15
500,12,67,0.0008094055300764332,0.04708211121036071,0.9308016007140028,0.9068040989898173,0.00025514982371682617,0.0426829022415989,0.9344333956568878,0.8810833219935346,-720.0978626653588,-720.238152065436,115,24
500,13,44,0.006764850521672366,0.027796200466078093,0.7596003390999891,0.8780693437761464,0.006913686884335517,0.027729701774368273,0.7634835883457488,0.8774511309397187,-769.2823684129844,-769.2843106405129,20,21
500,14,17,0.018539773214186147,0.006442181129667194,0.7529624306889591,0.22981845565370382,0.01853500166661018,0.006489985090542106,0.7531031961118496,0.2304877012434583,-783.1442867290423,-783.1458118558821,20,20
500,15,52,0.00017762623866031678,0.0518903109804058,0.6557009963184639,0.8297305446547982,0.00019310538513328675,0.04832687059896008,0.6685391363127167,0.8139137603438349,-730.3314104741162,-730.4097780203217,21,22
500,16,81,0.00015355814046218708,0.035535309921446684,0.54764301694314,0.9302439003791411,0.00015515501267436538,0.035798553045853394,0.5468727452618874,0.9312153600234344,-702.1930799628852,-702.1921192040134,23,23
500,17,27,5.254075260477503e-05,0.015972670751515334,0.6295654511272488,0.9129518097898215,4.9525216854022645e-05,0.016836067025786338,0.6273622716445435,0.918489409824789,-756.9006066929646,-756.9046303313851,22,21
500,18,61,0.006987322108940641,0.028863418186990297,0.7111924068642884,0.9179597090048565,0.006708683343645013,0.030766850089217354,0.6927626611294807,0.9236628476550786,-711.4312638259697,-711.4300793576481,40,37
500,19,42,0.009661211339880385,0.036101994864465435,0.5085710647916248,0.8311480941874665,0.009649587312634246,0.037058061173208735,0.5077874262662747,0.8348438272000266,-738.5789140752149,-738.5804024080023,19,19
500,20,50,0.007759248926957488,0.02671685519063708,0.8763151326812889,0.9059959892370791,0.007999755177068198,0.026659463065442056,0.8807560974197243,0.9058191904775413,-745.3483575583818,-745.3505990390311,14,11
500,21,43,0.00011708972676858474,0.021110216094979244,0.4920674606111825,0.9784091554067635,0.00010748587220021685,0.023361395260290567,0.4590963033687733,0.9955170822218745,-738.1361212768039,-738.6928346543709,42,38
500,22,60,0.022501116952039348,0.033083091316993864,0.806198078865269,0.8174428196965872,0.02179657643173828,0.029550676338512657,0.810026273415442,0.7852759840049157,-784.3150536914208,-784.3885703183159,15,22
500,23,69,0.010774178905309052,0.018823561884424304,0.668477197072287,0.9743525031755936,0.011641778919353741,0.01578111454121003,0.6944383867860427,0.9616970919315572,-735.7919839010273,-736.0411290357672,30,33
500,24,45,0.03411064200670805,0.011138201762417468,0.6884166397903474,0.8658412686420306,0.033951811654803196,0.011597769284846062,0.6872433734352171,0.8691027312786936,-767.7543466243885,-767.7543230209752,11,11
500,25,89,0.023524451591012546,0.04431081630317733,0.6495882933668007,0.8627766078337853,0.023512714380260414,0.04525655198665588,0.6487083734800078,0.8655818379828178,-726.0099735966962,-726.0133966445229,13,13
500,26,61,0.0033593699287796305,0.03965228990425946,0.9389439978333699,0.8517805652954994,0.003596106643397461,0.039484975387987245,0.9406851169585245,0.8506621592812681,-726.4146262701541,-726.415781321274,13,12
500,27,75,7.700900009474572e-05,0.03515775062550065,0.8565919266492156,0.9115748898530628,7.717640315978895e-05,0.03640751184583809,0.8536908336991959,0.915351570895203,-693.0531052208457,-693.0610484163238,15,13
500,28,58,0.005812688441809691,0.022927863815188607,0.9086858911322117,0.8871159436397391,0.006198064053519398,0.02275955342512088,0.9117860814685497,0.8865428103473036,-717.9769247094201,-717.9790985360216,10,10
500,29,54,0.009017376104213649,0.01637492018046212,0.9050221628925571,0.9051376254157001,0.008929343598392274,0.017682674348120677,0.9040641328506555,0.9108173310804886,-720.3016083841309,-720.3080949649707,7,15
500,30,44,0.013566135125863283,0.02019269464875421,0.8628542793201551,0.7870517453570514,0.013407524684850881,0.02062653539525782,0.8598094902745501,0.7923979900216908,-751.3154406202594,-751.3197605678083,18,21
500,31,43,0.003974610714204125,0.02869288683328535,0.8406826498449326,0.8329687944433803,0.003962605660137399,0.02937440892870462,0.8392395174994204,0.836392011784283,-755.5281752596514,-755.5308648304764,9,12
500,32,37,3.412650928504337e-05,0.02119485257431107,0.6481346713081926,0.936829599611503,2.6457918459622007e-05,0.01702444952576237,0.6597791016529444,0.9156448562934938,-721.4620816320644,-721.696028519833,27,20
500,33,58,0.014944729849225933,0.02454518198533077,0.6678615784051247,0.9014377935962635,0.014791736988529503,0.02543435271956213,0.6563296536545069,0.9064927153890469,-788.6545071961922,-788.649556383039,43,41
500,34,40,0.008006054623659284,0.021924536941873882,0.5231133010281402,0.8836926396535323,0.008003270247293253,0.022565301097428173,0.5192358351498259,0.8879581849013272,-807.6718756308625,-807.6693517800821,23,23
500,35,49,0.01155831523106059,0.017315289887295384,0.596863367816488,0.909642161025219,0.011508415602426889,0.017883509073149676,0.5933885699810231,0.9134206023132573,-752.3528615493074,-752.3525451022543,20,20
500,36,79,0.013828849286700504,0.03334593127776617,0.9732047558036049,0.7658453099938953,0.009285385797242881,0.0350127534933821,0.9556150540460651,0.783683688379851,-722.1489408575801,-722.5094669773645,16,24
500,37,63,0.0006662192355748563,0.05038088930578013,0.8628886067925109,0.8726710539147107,0.0005802837855010115,0.05183849909049937,0.8592960247680312,0.8775491613191376,-746.123517431413,-746.1263793630759,41,39
500,38,29,0.00326181102915987,0.03171064025128952,0.6385880550292425,0.834863389438144,0.003302307913675748,0.03170443626691295,0.6397471373492,0.8348400824968326,-789.3784612704214,-789.3793906936473,11,12
500,39,123,0.008583875390276996,0.05293016490959952,0.8685074731892796,0.9413426951358433,0.008231078744174499,0.056659106892352776,0.8582584283134933,0.9496613911122181,-662.7173649779465,-662.7615060697842,20,25
500,40,56,0.00407380781769734,0.024683111253249797,0.7531457601012975,0.9308741084207738,0.0041804809241548935,0.02463823028675013,0.7553851656230804,0.9307812956769843,-734.0394535263455,-734.0416954946242,16,16
500,41,50,0.008221521240194993,0.029683168678859548,0.7217576557018868,0.8963784784545921,0.008355177498486337,0.029727884184587994,0.7242393005931589,0.8966008319899025,-761.2530183817684,-761.2548086576975,22,22
500,42,53,0.00510814049212067,0.042164997873574514,0.7212511374271234,0.8243366386332146,0.0050399450234610245,0.043028284417713766,0.7153003447444275,0.8305517226977965,-753.4896606029346,-753.4897096422088,23,22
500,43,67,0.0028902591258939633,0.057021517435307194,0.7414582043199264,0.8442638898791949,0.002771215716324202,0.0584866089471055,0.7305893166855426,0.8511519208967648,-752.6771490719811,-752.6789918753221,28,25
500,44,37,0.009727316031712261,0.02415732024380442,0.7847772839301169,0.7791577375651312,0.009590920000526425,0.024684919100548788,0.7834643268136342,0.7833579850669193,-787.0336237307386,-787.0348564553058,11,10
500,45,75,0.004598462112908609,0.03480565314664419,0.8656754807572662,0.8805415356282486,0.004553442215048876,0.03578681993589396,0.8633008567014084,0.8842957837075802,-751.0799799826394,-751.0858422612037,11,14
500,46,51,0.004694559538550127,0.03497808153439688,0.6637595620328812,0.8668992058550344,0.004779461902917742,0.0350306421044695,0.670650503760142,0.8669440133964978,-747.0135276902558,-747.0186673531999,48,49
500,47,56,0.007504116470815031,0.018870061522236574,0.8957030256443632,0.8871809721700442,0.007945227410673024,0.01875081923804525,0.8984987745228717,0.8862457320007437,-722.1421139398171,-722.1452368224819,8,11
500,48,67,0.008426966900275574,0.03205596034011144,0.9062497179016084,0.8713471495449522,0.008609031087407402,0.03258016314229909,0.9074091198707505,0.8736987140042823,-717.5959605951532,-717.5987924391385,5,12
500,49,40,0.02362784391536053,0.001148216724065894,0.8276815148451854,0.9099879051482423,0.024275107639547995,0.0009716780945880944,0.8321323127698662,0.9075735388741333,-776.1206194015078,-776.1237833615091,39,32
500,50,59,0.0156592895931893,0.014238477210557828,0.7180988298101364,0.9803069399121959,0.015761328176296746,0.015997432633546704,0.7079427317836176,0.9953156519872853,-731.4248157530793,-731.9447687319068,21,14
500,51,66,0.009843367884015432,0.036588832316749226,0.6947621159948406,0.8707723307996961,0.010034445429434354,0.03664098009749148,0.6971534750571893,0.870997140540972,-729.0616143955007,-729.0637183639345,14,14
500,52,57,0.013378998293645873,0.018175570359916782,0.8873091358207285,0.864500705947546,0.014032820151173138,0.017931845862519415,0.8933094970306268,0.8613755791004556,-728.4007752646608,-728.4021203144179,14,8
500,53,32,0.001894689631158537,0.03322128730858439,0.7814412354087513,0.826830148884579,0.0019456271917786259,0.033257320961307915,0.7823952359821179,0.8271494342649576,-770.9137117114706,-770.914103823465,17,18
500,54,53,0.00012832814280686367,0.03161024887030196,0.8488477286926324,0.848420435508978,0.00013352229392722716,0.031677590101450416,0.8486622658349439,0.8488802317091801,-746.449515036234,-746.4502795897764,14,13
500,55,38,0.002970962608884625,0.02284332418674692,0.760659146228746,0.9125851874771588,0.0028844060397577405,0.024152080623098645,0.755835278549448,0.9211970935589291,-762.6494247727579,-762.6577457780695,14,9
500,56,59,0.010654567503814685,0.02525144286114517,0.8524832135506574,0.8884541779622845,0.010405837901781805,0.026345880798033797,0.848671603279651,0.893960973531075,-734.5700671541072,-734.5758742518077,13,19
500,57,70,0.00011402717303229646,0.04039476534192071,0.7163938060535758,0.9177998188232962,0.00010229529270305675,0.036936958748109046,0.7261921139882406,0.9072228908144572,-753.9152734804138,-754.0013670731323,26,24
500,58,92,0.030011821823141865,0.03231696934202027,0.8506654082154865,0.8730893381092358,0.028895966758189173,0.029881562923637355,0.8464384952733798,0.8643047543753258,-731.8046249204979,-731.8565462071905,25,20
500,59,75,0.004587259074419206,0.0395918125686944,0.6913751366355884,0.929104602898264,0.004781809731019594,0.036588904718732176,0.707050277955739,0.9166220954472055,-706.6789913801282,-706.7877364949243,23,24
500,60,7,2.566916755223061e-05,0.015835918088290997,0.6118030789485448,0.5385817359197765,2.5606277967268125e-05,0.016009519060511315,0.6105479067805593,0.5427892148338015,-807.0272785402033,-807.028135174007,14,14
500,61,53,0.013134048786199873,0.02379838063976838,0.5761641228975735,0.9217089739322692,0.013052609573686619,0.025119817153356302,0.5728027230837859,0.9267592533168387,-760.9692575742276,-760.9737465457573,17,16
500,62,90,0.01484768112990916,0.046166015120110475,0.870508644334687,0.8859640559171393,0.015650912384440958,0.04554421996408073,0.8744598930833837,0.8827354460866077,-746.6919955345832,-746.6990697790238,25,29
500,63,70,8.163310357682772e-05,0.026584366430931212,0.8603975870968238,0.9250134863882156,8.472913888091715e-05,0.02663145594661383,0.860283792269782,0.925207459361691,-712.3182898760998,-712.3187769215097,17,17
500,64,46,0.009816697053859652,0.03033002840609175,0.9649887874998665,0.7125857172886805,0.005286546396370363,0.031789945000434264,0.9069868066611021,0.7453294220514506,-781.8552182749455,-782.6318005161903,16,20
500,65,65,0.009893281980783798,0.03808234805298514,0.9024670929961974,0.7809043933238148,0.010920422267051231,0.03738320212602792,0.9066323465334574,0.7751802462263363,-769.3659838543588,-769.3660298212404,30,20
500,66,61,0.004826019758698086,0.046267222509700424,0.56513432220356,0.9094094858083969,0.004684174082816951,0.04821821088744537,0.5472777640050853,0.9170148034196859,-763.2459921774852,-763.2392951263215,52,44
500,67,41,0.011209962682664802,0.035944827860408,0.4839766766718401,0.8788303728531479,0.011287412786446252,0.035930280275097634,0.4853902843598395,0.8788307706523465,-787.5008089901467,-787.5027318430308,13,12
500,68,47,0.00537655917753024,0.014378241765315424,0.7850176450928366,0.908330202058331,0.005346814127963587,0.014886035301475677,0.7834988664916218,0.911452146692567,-738.397981431949,-738.400990843387,11,11
500,69,42,0.0013682364726099589,0.017632431344857,0.5120807524711205,0.8836085572770096,0.0011591882749924813,0.018111728165500062,0.5066457056434818,0.8867593394100863,-766.1378799637382,-766.1305700135802,63,62
500,70,19,0.004827376165978132,0.012159587951112476,0.6509775642578544,0.8856907377127249,0.0047095747945408144,0.01273486160462313,0.643427652224787,0.8947229377038869,-770.7575858227231,-770.7492654319699,20,19
500,71,56,7.62846688136306e-05,0.026576117008259063,0.7870817116227058,0.9110842104935615,7.819566977459847e-05,0.026578021837842938,0.7871862416998026,0.9110881867324088,-770.5814116069807,-770.581833301391,29,29
500,72,51,0.00018283495520598437,0.02420169700861723,0.9412628022186424,0.8872992911329249,0.00023916812786395645,0.024204776705318343,0.9400600833636102,0.8882791369048565,-727.4386546435138,-727.4435057087852,101,102
500,73,30,7.117454002851673e-05,0.023412162066583718,0.8693240584148547,0.8206799680507674,7.402296181692736e-05,0.023422249936817647,0.8694712652606232,0.820756937615949,-760.0459732963348,-760.0464483928166,14,14
500,74,71,0.0001387083083176589,0.059439572376370715,0.7535192431635422,0.9199567294316693,0.00014121208093969854,0.05980718383427497,0.7511856685035208,0.9213226372654048,-757.2913108036221,-757.2901530195975,28,28
500,75,31,0.009233382412977135,0.015741643066719522,0.6391064470688232,0.8662145191664254,0.009359595685942685,0.01574105698646506,0.6416696759482315,0.8662109682048729,-781.1199028926796,-781.1219584315497,10,10
500,76,59,0.0014811004826208436,0.026644260485561143,0.9995793365396265,0.8140800599587014,0.00015996063062253128,0.02587449876140864,0.9779729091851249,0.8259106936140446,-730.3367275697653,-731.4596592746473,20,13
500,77,30,0.00956134971515383,0.015075243818071024,0.779693892784404,0.8142626808058694,0.009490649546202668,0.01541205958338074,0.778612478667725,0.8188291585854672,-775.1597162362322,-775.1606126327479,11,9
500,78,62,0.018701992722837218,0.01752299538223985,0.7821591118884016,0.911341746570517,0.01892468350598372,0.01781051215352027,0.7842372641847523,0.9128069058365106,-725.9072307805262,-725.9091716909019,38,39
500,79,19,0.010313867500282495,0.0035335933952792137,0.7674805827527242,0.9086317388784114,0.010279341147236562,0.0038852347101275653,0.7667373052116481,0.9185474583445632,-759.497746816884,-759.4823583101146,19,18
500,80,46,0.005953002483833927,0.020826465996573774,0.727278847272002,0.858906770678115,0.006073713700014721,0.020870963623454968,0.7310163080683116,0.8591632563701329,-761.2830494573775,-761.2856714914461,12,13
500,81,115,0.0156976086127884,0.06195299659542129,0.6867409233360509,0.9245451712708225,0.014562710086027456,0.05972158512604351,0.6656971149125578,0.921001418002782,-719.0849775682689,-719.0971457603843,36,26
500,82,46,0.0035678371736141043,0.032665720447849565,0.7916924201642254,0.8603924693026167,0.003583326250319197,0.03331903180672825,0.7895583698810567,0.8636244175887458,-763.9193794970184,-763.9205972614017,16,15
500,83,51,0.010681836148982793,0.033182430090518585,0.6824119689511166,0.8062461773740505,0.01046262547054035,0.033836256438421725,0.6759447070638281,0.8099051940243934,-758.0663589286336,-758.0642527530499,29,28
500,84,43,0.001651549106643154,0.03660767874186122,0.8961819713473812,0.8034945944722557,0.0020909599726924026,0.036197792315556115,0.9081006963624252,0.8012307304821826,-753.4752100461174,-753.4702809229599,36,22
500,85,64,0.014451722622208577,0.037205898263279163,0.6715526402139682,0.9282559297445886,0.014277185613263051,0.03883737215667088,0.6669381110296762,0.9362540115728316,-745.098698675125,-745.1060931307172,18,11
500,86,58,0.00010726229022088089,0.02638842435468189,0.9201237991122603,0.8583921004841787,0.00010699519113951015,0.02697987354538191,0.9172297210797405,0.8633345799570421,-729.9241428031071,-729.9311956314817,21,23
500,87,52,0.011104293005553531,0.01488798482423134,0.8370505800438788,0.9096144044600301,0.011503451053037218,0.014843395967487934,0.8408037916100426,0.9093349956343382,-734.0830448682208,-734.0858085677584,7,13
500,88,72,0.0026918508030653087,0.03901269799088253,0.817133616929454,0.8643043894652654,0.0022656143014705486,0.040063744043531795,0.8086562779817592,0.868632127419854,-764.0036250973596,-764.0013372892158,52,51
500,89,93,0.00011553606281226122,0.022945477449770966,0.8831629192611601,0.9491845505519283,0.00011376089180866329,0.02417400820768313,0.8775698614250266,0.954331316009152,-679.5227143954902,-679.5428975394419,20,12
500,90,22,0.011336350904264885,0.013736358251946712,0.7799719132288805,0.6094067930506821,0.011293226190270197,0.013924020881530288,0.779590588110711,0.6135787244522597,-777.8267884614384,-777.8290180535918,12,12
500,91,94,0.00021552112316116807,0.04535552819317977,0.7941853334629474,0.955790439199207,0.00022686067793411966,0.0453481437527792,0.7944117682325468,0.9557772885969992,-696.1295131933592,-696.1306853099661,31,31
500,92,34,0.0001547945509016313,0.03957952356528497,0.727645658124826,0.6596305253445157,0.00015817042351860415,0.039602084716108536,0.7276031164591864,0.6598224481898559,-792.5851496050032,-792.5857026607463,11,11
500,93,19,0.006006219364755521,0.005792011345087833,0.709474484566846,0.9676593903792825,0.00597842277125753,0.006887691061994923,0.7028386664906584,0.9828096279054567,-771.8952780371234,-771.9087683921482,13,10
500,94,56,0.01118370203443348,0.035239624594758066,0.5223148741848959,0.8555291547540055,0.011104704019156312,0.03607636869057025,0.5196066302117646,0.8593102070648759,-789.4249366374752,-789.4248360812148,18,18
500,95,39,7.136532627803307e-05,0.04661437918522723,0.6468396030876976,0.8521713757725192,7.214638499596047e-05,0.046623841022195994,0.6467994020794117,0.8522305833481822,-758.0070245559523,-758.0071670645787,24,24
500,96,56,9.345653459732307e-05,0.04234233567762007,0.5998524515891357,0.8492849911269963,9.335018872204806e-05,0.043334839806795866,0.5989120178185502,0.8526314894430164,-739.0266544209983,-739.0299010099429,16,16
500,97,52,0.0009721308761747062,0.030192742097268868,0.9998052670683781,0.7356762055552913,9.180036279269843e-05,0.030058607918680372,0.9857411671462134,0.7861116521075189,-768.6196632314111,-771.0953061143982,23,23
500,98,35,0.00038587409405165397,0.035841270630405445,0.5867814342728896,0.9914701405756754,0.00044167772335172283,0.035726267094578955,0.5899270860875878,0.9914386002596424,-761.7121452341371,-761.7175085102616,200,252
500,99,20,0.0059693709790749755,0.010646155170455017,0.5561609424564248,0.9060966293070047,0.006058907831252104,0.010613040498735784,0.5597246923149451,0.9058605728372324,-750.5817807548761,-750.5853870243423,23,23
2000,0,169,0.002726956032782617,0.026821853232474043,0.6826605691037593,0.8879426122002743,0.0027447381744960067,0.026827165031642557,0.6836575083602235,0.8879336633235948,-3094.3984102855547,-3094.399128264569,52,53
2000,1,244,0.002448048365583991,0.036782166180425846,0.6152938263135524,0.8919673833585986,0.0024584545285049075,0.036785284552426196,0.6162980327940083,0.8919522427076874,-3024.6652985324135,-3024.6663374565674,56,56
2000,2,196,0.0029807019867909425,0.030487345236963698,0.837912204881855,0.8409537172224474,0.002950674524206595,0.030675402752203713,0.8365610815914725,0.8421629173007923,-3101.1564069380174,-3101.1568889094483,20,16
2000,3,218,0.0047221267890015725,0.037997666964670024,0.6714021678191665,0.8977179403701483,0.004751033057964396,0.036889275136950665,0.6758855829424962,0.8937464386006077,-3017.619784175476,-3017.6506767290975,21,22
2000,4,309,3.745251784789722e-05,0.03657673584399014,0.823834824535893,0.911405028113843,3.666602729874485e-05,0.036887038900233024,0.8139677012590171,0.9135456807586636,-2890.5136271185065,-2890.5098876232582,65,63
2000,5,162,0.007589034921363081,0.02684813389725847,0.716662895622572,0.866493731487362,0.007560312997206253,0.027114105676772353,0.7153178107786232,0.8679188401252292,-3108.1198664728026,-3108.1201430447895,16,15
2000,6,206,0.007821310511328979,0.028884927555618268,0.8164328119519239,0.8443424499719439,0.007787201322343828,0.02907597649528458,0.8155551834099158,0.8457485780188648,-3111.56141163012,-3111.5620143497044,19,14
2000,7,219,0.004982016678357363,0.031076258388600012,0.6569454773663784,0.9259872979978945,0.005005836178836239,0.031064205810871572,0.6579108447329425,0.9259394665948879,-3026.6706695260214,-3026.6717186802134,28,28
2000,8,188,0.007511583996404609,0.025937886437065988,0.4493574171754862,0.9023439712071906,0.007530279148834546,0.025947183007654643,0.45000901204407745,0.9024112157695912,-3114.884427899701,-3114.8854536030267,27,27
2000,9,202,0.004314186658763136,0.025460138652709137,0.6824512662120168,0.8904199785748951,0.004281918576403766,0.025681867344177982,0.6762325769363187,0.8918245323197059,-3016.055003530836,-3016.0512986923345,56,53
2000,10,244,0.00530541627630455,0.02788485286347538,0.901078312652968,0.8653655812894593,0.005391976570949566,0.027882181666520033,0.9027318428000589,0.8647504832168145,-2937.0157009002355,-2937.015366633869,17,10
2000,11,222,0.0069368639530948606,0.02721068154989166,0.640018988366448,0.9159434123236312,0.006963584675718977,0.0272161377182894,0.6414957245626581,0.9159449743884319,-3023.2491974245345,-3023.2507513182786,36,37
2000,12,205,0.004396162185090748,0.023604269363756532,0.7951365427878698,0.8964913589726229,0.004453773126939659,0.02357583872208187,0.7973115707582265,0.8962083025713576,-2996.6838626457184,-2996.6850251205115,28,29
2000,13,166,0.0024906848216429403,0.03231638463053405,0.6191459671488426,0.8440157421350455,0.0024731836000273922,0.03250540367686737,0.6142356251381489,0.8454376236517991,-3109.459977654107,-3109.4566240474055,49,48
2000,14,233,0.007899944065740442,0.025255845698728217,0.6473848431659668,0.9175351177717208,0.007940455906216115,0.025240398630726003,0.6495487838133808,0.9174611729773288,-2951.441021099378,-2951.4433731281365,33,33
2000,15,154,0.003404071950488886,0.021583595349202723,0.840691636880397,0.8716894055051049,0.0034345983731891867,0.02157565156489302,0.8414743925631186,0.8716194789869456,-3060.590728217033,-3060.591082713784,11,12
2000,16,248,0.005788778048010624,0.026101779795209806,0.7932932257739536,0.9220832642425864,0.005850421831545609,0.026072242090382853,0.794644808873675,0.9219204900939767,-2959.999683128881,-2960.000883184574,24,25
2000,17,259,0.002094583151507307,0.03151049135141437,0.6226580739638679,0.926272578336144,0.0021238342644789437,0.0314858826751418,0.6245001510188158,0.9262222991782606,-2969.875710574802,-2969.8779375385584,60,59
2000,18,211,0.00444441782328348,0.030169595817080255,0.6643307630182967,0.9109181726637013,0.004461913007923596,0.03016151217174204,0.6658555346498924,0.91086433378249,-2953.779544717191,-2953.7810165167807,33,34
2000,19,144,0.001667211820190443,0.026682282471879464,0.9109915592726074,0.7505170853368947,0.0016967982820224098,0.02667470545636445,0.9112423098883888,0.7504089839489582,-2994.4692055198325,-2994.4692570673833,13,13
2000,20,198,0.0012262486028975607,0.029984117701104956,0.37658679890304114,0.9111242056124487,0.0012208981843651757,0.030262188334090338,0.3707158957800539,0.9125062646682208,-3029.4292287781645,-3029.418877884538,129,121
2000,21,242,0.0042285028406198666,0.038088292564627535,0.5396398300237372,0.9038252010779445,0.004247250805700761,0.03808347119614173,0.5402754902618527,0.9038333084218728,-2975.875607160994,-2975.876446103049,25,25
2000,22,255,0.008768947741154684,0.02732121431026026,0.6643413611756235,0.9180377973783599,0.00880632899183317,0.027315267565334166,0.6660628019734424,0.9179942180498948,-2973.4835255018197,-2973.4851829884997,31,31
2000,23,158,0.0005459071945665479,0.01950094360528735,0.8058031280372313,0.9028671035060776,0.0005520973359606596,0.019506566460125704,0.8059581639267439,0.9029169532055326,-3006.724301249023,-3006.7244930561706,19,19
2000,24,144,0.005461080257031251,0.018763871387925048,0.6316512558100791,0.886712390332358,0.005496287745002103,0.018748185457832977,0.6337750410386807,0.8866051761518131,-3101.6940164011826,-3101.6960674236825,37,37
2000,25,236,0.006754770841902861,0.029286696325416844,0.8255343943348397,0.8887594056176535,0.006702710446072776,0.029600451448081624,0.8240310150577959,0.8901510545810926,-2981.2178856037744,-2981.2187109519778,18,16
2000,26,246,0.0025831495920830886,0.028342327194536554,0.874822728474082,0.8960651631375474,0.0026342855082371972,0.028319032225812394,0.8755150037761461,0.8959429731752983,-2989.077079593377,-2989.077693027662,16,18
2000,27,225,0.00413476154262669,0.0319207006921999,0.6269541406916926,0.9039558686623473,0.0040687701093133155,0.03224703308697701,0.6220582379724033,0.9053901472623466,-3019.457499864359,-3019.454248421484,39,40
2000,28,243,0.0022830524520439676,0.04065122723388253,0.7283091241227236,0.9297768688875276,0.0022984381526773637,0.04063881355919211,0.7295461970025315,0.9296998146556443,-2944.1062088744643,-2944.1074237782677,65,66
2000,29,177,0.008957741051819155,0.02396301780912256,0.7565481257220432,0.8535562876653742,0.009011727071739698,0.02394833871619697,0.758177131322609,0.8533648643706349,-3060.771767913553,-3060.772516745939,16,17
2000,30,211,0.003436622812905415,0.030750412529891635,0.8810813997255895,0.8405246204171948,0.0034153196832828357,0.03094394734778662,0.8800240676735152,0.8424513932661671,-3054.825911798619,-3054.8273361817683,11,10
2000,31,183,0.0026847373364946446,0.022175994243149384,0.7307471142639623,0.9220253509629154,0.0027063485562083987,0.02217101706629869,0.7315651347150549,0.9220033274249025,-3031.1118149142194,-3031.1125669740745,30,30
2000,32,246,0.002091411080893776,0.038010017065007666,0.6454686759727046,0.9092368277657483,0.0020292284423812723,0.03721480738995274,0.6490933875029766,0.9059817609105275,-2968.9802818163107,-2969.0049056032603,50,48
2000,33,224,0.005832501090255859,0.037592963077292825,0.7981195000356288,0.8632740978268012,0.005882698596797232,0.03756695659362493,0.7989492322413524,0.8631310223959734,-3055.455232296148,-3055.4556569800984,15,17
2000,34,147,0.004131305944953385,0.022281938133738327,0.7339060269449537,0.8806754055387286,0.004148674817873229,0.02229834861056876,0.7344120692573142,0.8807864814269236,-3047.1008547845227,-3047.1011394012553,17,18
2000,35,237,0.005822117521201573,0.033543979794397875,0.721481472411756,0.8916261388454472,0.005851008034800256,0.03353624279033927,0.7225563787639061,0.8915805119112513,-2945.969594451688,-2945.9704312512604,20,20
2000,36,293,0.0014397425993563392,0.03863671123340814,0.784611293050233,0.9110648537830608,0.0014678006144078464,0.038615400649894924,0.7859330074362025,0.9109745637151354,-2918.935925949071,-2918.937197935299,47,47
2000,37,183,0.0018449857995259643,0.025615098304343317,0.683981699034712,0.903594255161909,0.001783045901866176,0.025890175247937432,0.6776901913159595,0.9050974389663246,-2987.6545742284984,-2987.649912673615,58,56
2000,38,135,0.007067345944268795,0.024343728266644448,0.696283001051118,0.8544255022923084,0.007143762960780263,0.023262767616741762,0.7041486097943274,0.8437867667835183,-3106.4798074846417,-3106.536866233497,18,19
2000,39,227,0.007641427223826466,0.025436193227865764,0.8244052957332036,0.8985357667749533,0.007693282625269829,0.025450500488072965,0.8253067044996382,0.8985613953480911,-2977.878024997936,-2977.8784735293966,15,16
2000,40,139,0.004461609596776123,0.02683017900908744,0.5671107879391912,0.8407773012918709,0.004455782725410537,0.027001237848892135,0.5659543336765649,0.8418092798559185,-3088.585876576926,-3088.585277522952,20,20
2000,41,242,0.014745320432627227,0.024574850691621235,0.7670833479481921,0.911069386573129,0.014808884215326158,0.024599072752737733,0.7678335061327812,0.9111849966722657,-2985.4438342171297,-2985.444412248713,14,14
2000,42,167,0.003432903283300652,0.028390025038819655,0.6405003404603008,0.8653215645718705,0.0034477433953517492,0.028385059835480935,0.6411675623527198,0.8652970519067915,-3019.4372862936784,-3019.437898061371,18,18
2000,43,244,0.0035681322963427554,0.0270392454409859,0.4094349392118989,0.9203026864637361,0.003600935540644577,0.026212721147423446,0.41721308188058365,0.9170706416997143,-2926.702477721304,-2926.7463563470137,58,63
2000,44,195,0.008612764868655521,0.03168428116045368,0.7791587050596216,0.8904163128145737,0.008668716501471798,0.031635928494190474,0.780689935542665,0.8901245585549685,-3051.018210273503,-3051.0190771074685,22,23
2000,45,140,0.0012652479586195292,0.026451639933522265,0.7110020479329505,0.869382159166027,0.0012810274014814855,0.02644522560404335,0.7117425711836745,0.869326752061437,-3048.8122355703154,-3048.8127811884115,39,39
2000,46,328,0.007968318117555686,0.03901789367237463,0.8815873262207357,0.8886566375870776,0.007896205521520578,0.03943269479088438,0.8804433414938936,0.890130016293325,-2953.5624875161216,-2953.5642390227404,17,13
2000,47,257,0.00242214316593075,0.04771478508344346,0.703059406419266,0.9038635060323172,0.0024399125161643745,0.047698142743013934,0.7046775771313037,0.9037718323404013,-2909.2701552822773,-2909.2716303756283,57,57
2000,48,249,0.0049117374590061805,0.03978152377785028,0.6507586575349267,0.911682994213897,0.004935428955953923,0.039767384654135166,0.6517375311684677,0.9116423821538706,-2958.2356811682757,-2958.236772257622,35,35
2000,49,233,0.005016286574015333,0.04135745043133525,0.6084800977424791,0.8887379508667959,0.004994380423777011,0.041750116015129714,0.6061203774252416,0.8900162252640517,-2988.25968273527,-2988.259177547107,25,25
2000,50,194,0.006269179967311157,0.02860317799977685,0.6753891582116524,0.8935072873904752,0.0062542234356317,0.028865753077243334,0.673834242336558,0.8947781438823265,-3074.3474268916284,-3074.347497860899,20,19
2000,51,254,0.00023586092406799954,0.029811499858840157,0.7410362307194692,0.9066702776014708,0.00024001636853726352,0.030045064284225986,0.7376817066044361,0.9079794774988581,-2980.28426697379,-2980.28432758933,30,29
2000,52,190,0.00928819304126847,0.033264792902586944,0.7478277090611838,0.8791075802711374,0.00925888426924703,0.03365226709738125,0.7469387350188681,0.8809395347266508,-3040.698467463811,-3040.6996595745636,12,11
2000,53,268,0.005423648565950133,0.041687935178509175,0.9079854859425867,0.8533453940931248,0.005515578160739001,0.04162692590543421,0.9089486637579434,0.8527490226283682,-2911.1704286103923,-2911.1703880492405,13,13
2000,54,179,0.006295326621273231,0.02485584320379426,0.5439530593501658,0.9132224870616221,0.006302969501103121,0.024931246239787215,0.54387484657374,0.9136342966903747,-3048.9174743465114,-3048.9172621181056,33,33
2000,55,207,0.0034008366262193996,0.03320143499543233,0.3941440543737932,0.9111626886657077,0.0034095411323153036,0.03319854119691755,0.3948379530283548,0.9111568976744525,-3041.3763732856423,-3041.3777301947785,50,51
2000,56,170,0.011155580603885246,0.01841177527986407,0.6814056158980657,0.9081426367012969,0.011120785178835265,0.018632847750279,0.6791711030684932,0.9096867046352942,-3036.2340030776927,-3036.2331333256743,21,21
2000,57,203,0.0034280096766858984,0.035814371678357756,0.37856436560302964,0.9094924161703026,0.0034141074177506804,0.036176313325191944,0.3741456033756971,0.9111575335870604,-3050.324017228005,-3050.317628686526,57,57
2000,58,154,0.003920501401673537,0.03934206480468674,0.5320205308839405,0.8758255669633269,0.003918910168906147,0.039533362784691814,0.5303727185351963,0.8767728068932029,-3055.822462104418,-3055.8206341859227,37,37
2000,59,231,0.0053310240039679555,0.0400648760754948,0.611634675085701,0.901331714971514,0.005314795865652306,0.04046725876269879,0.6096519210908178,0.9028158565768113,-2962.381196661096,-2962.3815566982466,21,21
2000,60,229,0.005919479785254131,0.030666060846118545,0.6450212216524325,0.9103866769254837,0.005949883545403147,0.030653903182298447,0.6459448462779118,0.9103583041905564,-2987.2313246189447,-2987.23233761901,22,22
2000,61,212,0.006995329852132605,0.026876641397400067,0.7615334489769612,0.9042703257739808,0.007036349112937489,0.026881179181379465,0.7623824248451894,0.9042893901900962,-3090.3193595717926,-3090.3198584663864,19,20
2000,62,183,0.0018772712849706747,0.025393756086624374,0.8133396881263134,0.9172998086317347,0.0018979793718230942,0.02537722408465795,0.814233401655955,0.9171933129210303,-2989.3863012500196,-2989.386820237162,26,27
2000,63,222,0.002828016145075885,0.02859823194609784,0.8167440338065804,0.9105925777084461,0.0028144886939642988,0.028924329217812596,0.814424138892506,0.9123501688479791,-2947.946245461066,-2947.9475662188806,20,18
2000,64,202,0.004254297654572013,0.031109713540096517,0.7516113733619675,0.8671890955944547,0.004288329861567552,0.031099655481249575,0.7536636752851628,0.8670113360197017,-2986.450564502219,-2986.451591340817,37,39
2000,65,210,0.0034933332414282016,0.033801708375111685,0.17779938080461472,0.9072025051895128,0.003498222198266186,0.03380309410874882,0.1779501935786396,0.9072110473756366,-2943.12498461772,-2943.125699691951,34,34
2000,66,207,0.00523117184891754,0.028946337518440276,0.6958714763121039,0.9059054239475449,0.005240211586805239,0.02903991817927122,0.6955970813117709,0.9064273643025795,-3075.313872641387,-3075.313690428675,21,21
2000,67,248,0.004175279237262488,0.02784339626571506,0.9110786502277628,0.8813890195054732,0.004232193982768806,0.027838731988947513,0.9117290766111253,0.8810996341081184,-2982.340449759875,-2982.3405016316547,19,17
2000,68,213,0.005355424066990845,0.03307339970449284,0.782701200695285,0.8709768218413384,0.005394741861839952,0.03305611963426174,0.7845303951523579,0.8707705722154244,-3015.485740705897,-3015.4866940800175,23,24
2000,69,178,0.005978694807773239,0.02507327339083963,0.7821500759035872,0.8887154962391575,0.005926696078149829,0.025368084304064502,0.7794219770071528,0.8908428013511909,-3101.638733201335,-3101.638743505993,22,19
2000,70,195,0.008253074229638748,0.027974091056869797,0.4267842592328913,0.9123739109590738,0.008318192667578548,0.026972596612461784,0.43191576660267306,0.9078698775939468,-3028.5114624935536,-3028.557544200156,23,23
2000,71,303,0.008066455873104197,0.03588336449469235,0.7529776619138758,0.9337206435828602,0.008105771545188982,0.035926713596566295,0.7536563419026587,0.9338711389865545,-2832.211750238393,-2832.2123638836492,25,26
2000,72,214,0.017950834703490442,0.018969190052380278,0.8056248072851703,0.890341571382154,0.01797846294573897,0.017863326797311695,0.8113832880068977,0.8806030416650632,-3031.929199077351,-3031.9859333511577,21,25
2000,73,180,0.0017809291576758644,0.02571761218370485,0.5958071682001705,0.9296053744935426,0.0017568049603520737,0.026048188229807135,0.590887250783901,0.9316524297355827,-2979.2455970110805,-2979.2431989032125,36,36
2000,74,237,0.006045545010538202,0.036458974167708616,0.7691763706718994,0.9214280902926802,0.005927959482286042,0.035536296219962696,0.7697737265686212,0.9176878754185991,-2968.4506511382715,-2968.4761450850006,23,24
2000,75,188,0.0047265398657898245,0.020793802030284705,0.7984121619672222,0.9258054836231452,0.004702230293683779,0.021136265551467345,0.7966388673270137,0.9275163733988387,-2953.7136386133025,-2953.7158325814207,17,14
2000,76,295,0.015511065626379557,0.023925188627324553,0.9006977901987891,0.8658020521499645,0.015715809166567996,0.023885815957028853,0.9016529163801321,0.8655262188417051,-2966.814104519867,-2966.8151766245255,14,9
2000,77,244,0.002461597871664139,0.029760673804426537,0.4680223378516983,0.9344647169372671,0.002444328922367742,0.030130751036395242,0.45591889606026864,0.9361347781050964,-2960.9082907878806,-2960.8916917269094,126,122
2000,78,190,0.007835392260293799,0.0269427121897207,0.6967583956858056,0.8725326600696026,0.007840406437364573,0.026003575153323792,0.7018090454727863,0.8674809439700907,-3113.2139518490408,-3113.248039497424,24,24
2000,79,168,0.003822083891147959,0.03054044612825986,0.5317319615093294,0.9218006784822906,0.003839505646498415,0.03053396820419446,0.532212659232125,0.9218104333834038,-3111.383042664396,-3111.3836308733453,27,27
2000,80,171,0.004250624562048636,0.024471063288297453,0.8543034853400886,0.8532443503593117,0.004294094737235103,0.024457600705787067,0.8550034614911537,0.8530883688236751,-3045.525202844882,-3045.525517009736,10,11
2000,81,229,0.015746223072510442,0.025677307536698637,0.72037908208173,0.8965171733194941,0.015808433688963525,0.02567358714368483,0.7211949563376719,0.8965099408622011,-2961.4618615288987,-2961.4624668197366,11,11
2000,82,220,0.0061274613997840035,0.03987546677235285,0.6165863055010549,0.869773854926391,0.006147107310701667,0.0398714214183529,0.6172393350071043,0.8697598150127075,-3018.3489160186223,-3018.3496087524313,15,15
2000,83,174,0.0011050257535507827,0.03136660330032391,0.7135658498692171,0.8578632990320024,0.0011080188400425612,0.031429518491693224,0.7129546214444227,0.8582954387435129,-3077.3760822225154,-3077.3757847940133,32,32
2000,84,292,0.004026649650719472,0.04312475543433664,0.7579104545695707,0.9186457637768853,0.003935628123596476,0.04372397551786338,0.7520453391300133,0.9208976501195358,-2935.4345225618304,-2935.4354977228504,37,31
2000,85,145,0.009702872791227704,0.019151701673607545,0.7873891756165375,0.8623832420442255,0.009758995778838292,0.019135912239344726,0.7882416584414595,0.8621589826135169,-3115.8211584746673,-3115.8216475276345,11,11
2000,86,143,0.006780474834501518,0.01756381479078348,0.4828232843989293,0.9088221174779458,0.006763105856362515,0.01776363444109208,0.48083838342853313,0.9101384687413819,-3048.6310532386865,-3048.6290989814574,27,26
2000,87,263,0.006289620041591192,0.024112930566279053,0.7885999326740812,0.93376003334971,0.006180852728994508,0.02450286490225012,0.7829487379333243,0.9357277357275703,-2933.0384692929006,-2933.037814910548,36,32
2000,88,200,0.008730897523761579,0.037261966191428963,0.5093187362393263,0.8755769296515274,0.008756979579193455,0.03725547025239543,0.510268055960161,0.8755684531523686,-3115.7569156849654,-3115.758112002172,31,31
2000,89,165,0.0017197607760066,0.030452962270056085,0.6474303438031218,0.8751005634261599,0.0017272658567839294,0.03045151594766501,0.6479415131050328,0.8750812851352019,-3093.0741641310706,-3093.0746607653236,30,30
2000,90,266,0.01107450269463062,0.02575064432225677,0.914684895981454,0.8665047578323727,0.009820088503990179,0.02612631871133565,0.9021793661104615,0.8716866675195871,-2952.790806520318,-2952.8699787713635,12,20
2000,91,225,0.004969591057009617,0.03656403411936198,0.6256864444990913,0.8772592751598641,0.004945981932386567,0.03683632141377486,0.6223505136952452,0.8785902384600105,-3076.895956395433,-3076.894113497906,33,33
2000,92,176,0.00572425410229709,0.022594309593395607,0.7618806374069589,0.91708080956054,0.005686633097392567,0.022932851156172458,0.7602454645392568,0.9189968115289835,-3044.510916192962,-3044.51253906253,14,12
2000,93,198,0.004095031448361398,0.02230486373728943,0.6530646627508075,0.9281824503892953,0.00410765469196201,0.021456679228160955,0.6614546442451682,0.9232899160286799,-3008.6075034003507,-3008.659721531669,27,29
2000,94,192,0.003695933198524187,0.03823274902192373,0.3931272671092012,0.8683459648351898,0.003685378061446211,0.0384848176641454,0.38990053944746106,0.8695001313504392,-3038.388477646369,-3038.383568672346,53,52
2000,95,132,0.0025400678125514537,0.026436316890002115,0.4674690119577919,0.8818095571952485,0.0025469080921664724,0.0264501718502196,0.4678346266600729,0.8819146908695913,-3087.6591461054195,-3087.6596253403945,45,45
2000,96,200,0.00879640465218722,0.021974167391037254,0.7303123734018504,0.9091905818101268,0.00885803387793978,0.021943557151714876,0.7329106909483972,0.908947531692141,-3016.098861082049,-3016.1007427651516,34,35
2000,97,202,0.00525277429398036,0.029640935690328937,0.839828317046264,0.8546689667271165,0.005235615715250685,0.02872102326905284,0.8472717283377345,0.8461521578916341,-3067.947981660706,-3067.9827931657424,24,28
2000,98,226,0.0029835294898792443,0.03249242276293611,0.8368015305753089,0.8767963713489475,0.0029802781223957193,0.03266273681657606,0.8359585370292286,0.8777430236346381,-3030.3009419406267,-3030.3014042216446,20,17
2000,99,161,0.0027215481542050787,0.018976543922045133,0.8653839636599212,0.8954710933595139,0.002711001561632081,0.019161977752026882,0.8644155673703734,0.8969659229570193,-3027.617861800635,-3027.618937838005,12,9
