model,scenario,N,r,B,LR,p_asym,p_boot,B_valid,seconds
hmc_in,state-null,500,0,99,0.08333723494524747,0.7728248208615175,0.76,99,16.005001068115234
hmc_in,state-null,500,1,99,0.03718928538205546,0.8470801744863611,0.87,99,16.827903985977173
hmc_in,state-null,500,2,99,0.1562800696378872,0.692604718409285,0.66,99,14.82693600654602
hmc_in,state-null,500,3,99,0.5259391812194281,0.46831913339733533,0.48,99,13.46440601348877
hmc_in,state-null,500,4,99,1.803773120253254,0.17925701154590867,0.17,99,16.39284372329712
hmc_in,state-null,500,5,99,0.5730897580547207,0.4490337344957117,0.57,99,19.369439840316772
hmc_in,state-null,500,6,99,0.3823117737949815,0.5363686036142765,0.5,99,12.505165100097656
hmc_in,state-null,500,7,99,0.0019182207008725527,0.9650658226637623,0.98,99,17.82077193260193
hmc_in,state-null,500,8,99,3.0699641159110342,0.07975123214436808,0.15,99,14.987481832504272
hmc_in,state-null,500,9,99,4.452039575194476,0.03485958923478929,0.03,99,12.912443161010742
hmc_in,state-null,500,10,99,11.657909222300077,0.0006393014982760233,0.01,99,13.774030923843384
hmc_in,state-null,500,11,99,0.2960209580733135,0.5863877432307076,0.51,99,12.77890419960022
hmc_in,state-null,500,12,99,0.040849976671097465,0.8398277818581279,0.83,99,14.303813695907593
hmc_in,state-null,500,13,99,0.041382685857797696,0.8388010261687167,0.79,99,12.817715883255005
hmc_in,state-null,500,14,99,0.26224046092579556,0.608585089556494,0.67,99,13.25825572013855
hmc_in,state-null,500,15,99,1.3420829563547159,0.24666696847473132,0.35,99,14.84918475151062
hmc_in,state-null,500,16,99,1.262709041166545,0.26113892831918895,0.21,99,12.570129871368408
hmc_in,state-null,500,17,99,5.146297556066884,0.023295994230658527,0.01,99,17.625691175460815
hmc_in,state-null,500,18,99,0.031942904658535554,0.85815302510067,0.9,99,14.185054063796997
hmc_in,state-null,500,19,99,0.2278406523371359,0.6331295952169784,0.59,99,15.92331075668335
hmc_in,state-null,500,20,99,1.4686230543086367,0.22556307041711657,0.22,99,14.204380989074707
hmc_in,state-null,500,21,99,0.02789205148860674,0.8673628604439594,0.8,99,17.092160940170288
hmc_in,state-null,500,22,99,0.1478415298215623,0.7006066626263554,0.67,99,12.295620918273926
hmc_in,state-null,500,23,99,0.827143113277998,0.36309993056571854,0.4,99,14.447026252746582
hmc_in,state-null,500,24,99,1.2386734517799596,0.26572686524622685,0.28,99,12.825891017913818
hmc_in,state-null,500,25,99,3.8483319966294403,0.049795488751496704,0.06,99,14.599408149719238
hmc_in,state-null,500,26,99,4.091132876632173,0.043108738931523,0.08,99,13.053332090377808
hmc_in,state-null,500,27,99,1.9719590877425617,0.16024006931891435,0.11,99,13.363680839538574
hmc_in,state-null,500,28,99,3.6097230553129975,0.057442684662564164,0.06,99,15.197412252426147
hmc_in,state-null,500,29,99,0.7177504053665871,0.39688280977762547,0.52,99,15.049741744995117
hmc_in,state-null,500,30,99,0.9706090952106479,0.3245283192912458,0.39,99,14.235476970672607
hmc_in,state-null,500,31,99,0.21707869914030198,0.6412748751536528,0.63,99,12.86711597442627
hmc_in,state-null,500,32,99,4.158883438912653,0.04141669779304069,0.07,99,17.797791957855225
hmc_in,state-null,500,33,99,0.18499373085023763,0.667116371267749,0.74,99,14.507811069488525
hmc_in,state-null,500,34,99,0.46440446976430394,0.4955727002959912,0.54,99,15.571847915649414
hmc_in,state-null,500,35,99,0.0020091724738904304,0.96424775958955,0.97,99,13.953749895095825
hmc_in,state-null,500,36,99,0.053399398093233685,0.817250245782581,0.9,99,15.93460202217102
hmc_in,state-null,500,37,99,0.03422978927096665,0.8532188833731339,0.84,99,15.710335969924927
hmc_in,state-null,500,38,99,6.174535531645915,0.012960193004967722,0.02,99,13.811507940292358
hmc_in,state-null,500,39,99,0.8001978752313335,0.3710342146697342,0.39,99,13.204336166381836
hmc_in,state-null,500,40,99,1.203021578025755,0.27271859751641975,0.33,99,17.228309869766235
hmc_in,state-null,500,41,99,0.1744518017790142,0.6761852817283716,0.7,99,16.26253628730774
hmc_in,state-null,500,42,99,0.4763838216235854,0.4900648788320109,0.54,99,14.092243909835815
hmc_in,state-null,500,43,99,0.07394212641384001,0.7856812139200361,0.78,99,14.467542171478271
hmc_in,state-null,500,44,99,0.0013396100359841512,0.9708033985065831,0.97,99,14.45147705078125
hmc_in,state-null,500,45,99,1.467202966795412,0.22578752154323764,0.25,99,13.0726797580719
hmc_in,state-null,500,46,99,0.3077395050593168,0.5790706392591503,0.57,99,14.14696216583252
hmc_in,state-null,500,47,99,0.3602224236267375,0.5483827330673027,0.51,99,15.864703893661499
hmc_in,state-null,500,48,99,0.22351333231426906,0.6363758763435464,0.62,99,13.788303136825562
hmc_in,state-null,500,49,99,4.665742426776887,0.030770117413034724,0.04,99,13.06839394569397
hmc_in,state-null,500,50,99,0.0023659174564727437,0.9612056363917785,0.97,99,13.888006925582886
hmc_in,state-null,500,51,99,0.20312947678462479,0.6522065926012321,0.64,99,14.32837986946106
hmc_in,state-null,500,52,99,0.9425021150912016,0.33163519134322916,0.32,99,14.474962949752808
hmc_in,state-null,500,53,99,5.441091303310031,0.019668377114549513,0.03,99,15.17004108428955
hmc_in,state-null,500,54,99,0.7473906943650945,0.38730361187853324,0.35,99,13.247722864151001
hmc_in,state-null,500,55,99,0.3693094650407147,0.5433809096262463,0.58,99,13.790244817733765
hmc_in,state-null,500,56,99,1.9770381018447551,0.15970278462010554,0.14,99,15.851704835891724
hmc_in,state-null,500,57,99,1.596562009534182,0.20639110536143826,0.23,99,15.003568887710571
hmc_in,state-null,500,58,99,0.8259849103626493,0.36343610944586213,0.38,99,13.628836154937744
hmc_in,state-null,500,59,99,0.008721466710085224,0.9255946932768198,0.85,99,15.475547790527344
hmc_in,state-null,500,60,99,0.5561949436685154,0.45579743321522637,0.51,99,15.072363138198853
hmc_in,state-null,500,61,99,1.034946977833897,0.3089995902568527,0.32,99,14.786420822143555
hmc_in,state-null,500,62,99,0.18874455587365446,0.6639635731170208,0.6,99,14.340260982513428
hmc_in,state-null,500,63,99,0.11638329121683455,0.7329906964490505,0.7,99,14.82641887664795
hmc_in,state-null,500,64,99,0.5034672601841521,0.47798058708049684,0.5,99,13.77667498588562
hmc_in,state-null,500,65,99,6.295911194474911,0.012101679193326203,0.01,99,15.657449007034302
hmc_in,state-null,500,66,99,0.01931402809896099,0.8894699684669473,0.88,99,15.19388723373413
hmc_in,state-null,500,67,99,0.008773949224178068,0.9253718094737404,0.92,99,14.608189821243286
hmc_in,state-null,500,68,99,0.42586629022775924,0.5140242991153952,0.49,99,14.540078163146973
hmc_in,state-null,500,69,99,0.35252558211868745,0.552686929403809,0.51,99,14.372437000274658
hmc_in,state-null,500,70,99,0.4871070024535129,0.4852206503442821,0.47,99,15.157359838485718
hmc_in,state-null,500,71,99,1.26974827607728,0.25981390844293123,0.25,99,15.666218996047974
hmc_in,state-null,500,72,99,0.7751480656993408,0.37862915357660265,0.5,99,15.422834873199463
hmc_in,state-null,500,73,99,0.007363661639374186,0.9316160416936996,0.94,99,16.050668954849243
hmc_in,state-null,500,74,99,2.8622830932959005,0.09067871057248118,0.1,99,13.794281005859375
hmc_in,state-null,500,75,99,0.1300303188036196,0.7184006054134956,0.81,99,18.67125105857849
hmc_in,state-null,500,76,99,0.23467375337122576,0.6280797589349256,0.67,99,14.13979196548462
hmc_in,state-null,500,77,99,0.11013123858765539,0.7399947720065578,0.76,99,18.66234803199768
hmc_in,state-null,500,78,99,5.313132727925222,0.02116526470072128,0.03,99,13.530924081802368
hmc_in,state-null,500,79,99,0.8452024427313063,0.35791309598113974,0.3,99,12.54529094696045
hmc_in,state-null,500,80,99,0.004677126647720797,0.9454755629522916,0.91,99,16.182262897491455
hmc_in,state-null,500,81,99,0.3749861202545617,0.5402988709813774,0.54,99,13.765902042388916
hmc_in,state-null,500,82,99,0.04846702658073809,0.8257525595430253,0.8,99,16.73776912689209
hmc_in,state-null,500,83,99,0.3658171115937421,0.5452931761347528,0.57,99,15.81637692451477
hmc_in,state-null,500,84,99,1.3196543444248618,0.2506540944690206,0.31,99,15.774255752563477
hmc_in,state-null,500,85,99,0.08191599017504814,0.774717517784909,0.82,99,13.485733985900879
hmc_in,state-null,500,86,99,0.24061024584011648,0.6237657101247642,0.67,99,13.598893165588379
hmc_in,state-null,500,87,99,0.5676178974313189,0.45120705617305934,0.44,99,11.802221775054932
hmc_in,state-null,500,88,99,0.49055213048518453,0.48368111503134437,0.54,99,13.51496696472168
hmc_in,state-null,500,89,99,0.06609234132679376,0.797113691077922,0.8,99,15.02297306060791
hmc_in,state-null,500,90,99,0.8128938741085676,0.3672660567699273,0.45,99,12.802746772766113
hmc_in,state-null,500,91,99,0.2632438945040576,0.6079002634682322,0.63,99,12.6093111038208
hmc_in,state-null,500,92,99,0.2856904715822566,0.5929955060934178,0.62,99,13.512458086013794
hmc_in,state-null,500,93,99,0.5122111930593292,0.4741832110594739,0.55,99,13.415175914764404
hmc_in,state-null,500,94,99,0.4001138051792168,0.5270304889945483,0.48,99,13.938009023666382
hmc_in,state-null,500,95,99,1.2512291241066578,0.26331785103753663,0.39,99,12.959742069244385
hmc_in,state-null,500,96,99,0.7575630734929746,0.3840922301221553,0.35,99,15.234684228897095
hmc_in,state-null,500,97,99,3.363119994594854,0.06667164140394559,0.1,99,12.277918815612793
hmc_in,state-null,500,98,99,0.015513670903828825,0.9008767364161283,0.91,99,13.142836093902588
hmc_in,state-null,500,99,99,0.0631360410166053,0.8016062475468844,0.8,99,15.859418153762817
hmc_in,state-null,500,100,99,1.6503794377279064,0.19890729546051011,0.19,99,14.178515195846558
hmc_in,state-null,500,101,99,0.15616023837446846,0.6927165820389103,0.69,99,13.030827045440674
hmc_in,state-null,500,102,99,0.059227916042800643,0.8077204382217813,0.81,99,15.0262930393219
hmc_in,state-null,500,103,99,1.1752343752389152,0.27832832182148504,0.26,99,13.78935694694519
hmc_in,state-null,500,104,99,1.1189414430380111,0.2901465028398521,0.26,99,11.638076066970825
hmc_in,state-null,500,105,99,0.19102206560182822,0.6620673191823637,0.66,99,14.592112064361572
hmc_in,state-null,500,106,99,0.31439450456377926,0.5749959782975986,0.63,99,15.200872898101807
hmc_in,state-null,500,107,99,0.001290871620994949,0.971339209821751,0.95,99,15.44764494895935
hmc_in,state-null,500,108,99,0.17502199707814725,0.6756866293291437,0.63,99,14.602638006210327
hmc_in,state-null,500,109,99,2.6406350935194496,0.1041618970813064,0.12,99,13.269814014434814
hmc_in,state-null,500,110,99,0.004913300449970848,0.9441180950221691,0.95,99,13.201562881469727
hmc_in,state-null,500,111,99,0.31015729048021967,0.5775836816647515,0.58,99,15.915874004364014
hmc_in,state-null,500,112,99,5.446893513350915,0.019603154673473865,0.02,99,18.15050983428955
hmc_in,state-null,500,113,99,1.624329372914417,0.20248917347572026,0.17,99,13.814404964447021
hmc_in,state-null,500,114,99,0.22101800522182202,0.6382653418584456,0.68,99,13.608473062515259
hmc_in,state-null,500,115,99,0.1831139887522113,0.6687106736181955,0.74,99,16.28226590156555
hmc_in,state-null,500,116,99,2.0829798500103607,0.14894915310525775,0.19,99,13.746866941452026
hmc_in,state-null,500,117,99,0.46938948776369216,0.4932681668518647,0.51,99,13.262237071990967
hmc_in,state-null,500,118,99,0.03138110328291077,0.8593928281849926,0.86,99,16.975434064865112
hmc_in,state-null,500,119,99,0.04449415450494598,0.8329369191327485,0.84,99,13.343855857849121
hmc_in,state-null,500,120,99,0.0026100408467755187,0.9592549527923548,0.94,99,15.32911205291748
hmc_in,state-null,500,121,99,0.07897404230288885,0.7786926009581957,0.73,99,17.349446058273315
hmc_in,state-null,500,122,99,1.8474051372145368,0.1740854941121833,0.18,99,15.05629301071167
hmc_in,state-null,500,123,99,1.0279355019019931,0.3106440525846537,0.38,99,13.137671709060669
hmc_in,state-null,500,124,99,0.3009263011203984,0.5833022951293241,0.58,99,15.240309953689575
hmc_in,state-null,500,125,99,0.3711309837508452,0.5423884296421115,0.64,99,18.040035009384155
hmc_in,state-null,500,126,99,1.489299372473397,0.22232519797815767,0.24,99,15.887672185897827
hmc_in,state-null,500,127,99,0.5589937990960152,0.4546659404892155,0.51,99,14.898886919021606
hmc_in,state-null,500,128,99,0.8899704908064905,0.3454853047400144,0.45,99,16.594505071640015
hmc_in,state-null,500,129,99,3.419428719540292,0.06443330699548531,0.09,99,21.408946990966797
hmc_in,state-null,500,130,99,0.25913074733011854,0.6107179728122977,0.62,99,13.978302001953125
hmc_in,state-null,500,131,99,0.20950853183489926,0.6471528846551473,0.65,99,14.091618061065674
hmc_in,state-null,500,132,99,0.0034727315035070205,0.9530079535558914,0.96,99,16.212304830551147
hmc_in,state-null,500,133,99,0.0025991330510350963,0.9593401082117291,0.96,99,12.929840803146362
hmc_in,state-null,500,134,99,1.1159202131238999e-05,0.9973346403066295,1.0,99,13.57029104232788
hmc_in,state-null,500,135,99,1.8907956801479031,0.16911220412781805,0.12,99,13.91171407699585
hmc_in,state-null,500,136,99,0.03194576613373101,0.8581467392146951,0.85,99,12.927260875701904
hmc_in,state-null,500,137,99,0.06166524627110448,0.8038830499276957,0.76,99,16.45720911026001
hmc_in,state-null,500,138,99,0.044439709754897194,0.8330376567419848,0.8,99,14.438837051391602
hmc_in,state-null,500,139,99,0.036194153957922026,0.8491151031987262,0.87,99,14.562806129455566
hmc_in,state-null,500,140,99,0.015255667485462254,0.9017002192733334,0.9,99,16.618643045425415
hmc_in,state-null,500,141,99,0.0439994908317658,0.833854559924499,0.76,99,13.460767030715942
hmc_in,state-null,500,142,99,0.1983087506055199,0.6560894509244795,0.71,99,15.120630025863647
hmc_in,state-null,500,143,99,0.026521259340142933,0.8706337911257778,0.83,99,14.32809329032898
hmc_in,state-null,500,144,99,0.00203339869131014,0.9640330038038691,0.97,99,13.612701892852783
hmc_in,state-null,500,145,99,0.32647919870737496,0.5677396551887819,0.56,99,12.347802877426147
hmc_in,state-null,500,146,99,0.4057086200516551,0.5241557162874526,0.57,99,14.37192988395691
hmc_in,state-null,500,147,99,0.08115650181298406,0.7757362304520163,0.77,99,12.824825048446655
hmc_in,state-null,500,148,99,0.014153270419001274,0.9053010895954359,0.93,99,14.20483684539795
hmc_in,state-null,500,149,99,1.2054030513636462,0.2722444505272748,0.26,99,15.701085090637207
hmc_in,state-null,500,150,99,0.40930640556280196,0.5223217565534558,0.42,99,16.972856998443604
hmc_in,state-null,500,151,99,3.1199897186286307,0.07733727156798657,0.14,99,13.942507982254028
hmc_in,state-null,500,152,99,0.03762769811601174,0.8461926366278321,0.83,99,15.242455244064331
hmc_in,state-null,500,153,99,0.011857125935648583,0.9132893965697282,0.89,99,14.723297119140625
hmc_in,state-null,500,154,99,0.1344387615783944,0.7138734546620462,0.73,99,16.605055809020996
hmc_in,state-null,500,155,99,0.6052121460297712,0.4365962381070845,0.5,99,14.107794761657715
hmc_in,state-null,500,156,99,0.0014328249794743897,0.9698051461267474,0.99,99,14.762807130813599
hmc_in,state-null,500,157,99,0.21421147905766702,0.6434863263259669,0.75,99,15.917200803756714
hmc_in,state-null,500,158,99,0.36671466198595226,0.5448005276521377,0.58,99,12.889672040939331
hmc_in,state-null,500,159,99,0.01567595671372146,0.9003623190393775,0.94,99,15.280144214630127
hmc_in,state-null,500,160,99,0.21361045208163887,0.6439521670529247,0.67,99,16.568542003631592
hmc_in,state-null,500,161,99,0.03833531205214058,0.8447713632819389,0.85,99,13.021283149719238
hmc_in,state-null,500,162,99,2.0230913833074737e-06,0.9988651259508737,1.0,99,14.192816972732544
hmc_in,state-null,500,163,99,2.0947082944583144,0.1478099205453131,0.16,99,15.873885154724121
hmc_in,state-null,500,164,99,2.2152700087619905,0.13665115206345246,0.16,99,16.136143922805786
hmc_in,state-null,500,165,99,1.3197009172183698,0.25064573374149446,0.35,99,16.17180895805359
hmc_in,state-null,500,166,99,0.07724232613554705,0.7810699040875815,0.72,99,13.381317853927612
hmc_in,state-null,500,167,99,0.2742047801127683,0.60052501536852,0.7,99,12.46211576461792
hmc_in,state-null,500,168,99,1.0509125560199664,0.30529701061509634,0.33,99,13.20574426651001
hmc_in,state-null,500,169,99,0.6408222872237275,0.4234131918469365,0.52,99,14.666095972061157
hmc_in,state-null,500,170,99,0.03107738862718179,0.860067845685091,0.89,99,13.251338958740234
hmc_in,state-null,500,171,99,0.24130338928330275,0.623266319252366,0.68,99,15.484086990356445
hmc_in,state-null,500,172,99,1.2641733172276872,0.2608626143818291,0.32,99,13.692324876785278
hmc_in,state-null,500,173,99,3.417708660939752,0.06450048056382127,0.07,99,16.966743230819702
hmc_in,state-null,500,174,99,0.6979832879951573,0.4034621695350099,0.46,99,14.136781215667725
hmc_in,state-null,500,175,99,0.5372063814068042,0.4635928040799996,0.49,99,13.022225856781006
hmc_in,state-null,500,176,99,9.45195821411835,0.0021092379203753683,0.01,99,13.88569688796997
hmc_in,state-null,500,177,99,0.010311127452951041,0.9191188518600634,0.93,99,12.659723043441772
hmc_in,state-null,500,178,99,0.003600362978886551,0.9521532256326372,0.94,99,16.44348692893982
hmc_in,state-null,500,179,99,1.4954219435098821,0.22137711657334203,0.26,99,15.419404029846191
hmc_in,state-null,500,180,99,4.603705854260625,0.03190292385816618,0.06,99,15.953703880310059
hmc_in,state-null,500,181,99,0.6205101788068532,0.43085776351838234,0.43,99,13.094844818115234
hmc_in,state-null,500,182,99,0.03890135599294808,0.8436442162493236,0.88,99,12.719964027404785
hmc_in,state-null,500,183,99,0.9645902974189084,0.32603305899538,0.39,99,16.068623065948486
hmc_in,state-null,500,184,99,2.5224299384838105,0.11223751314146509,0.14,99,13.942105770111084
hmc_in,state-null,500,185,99,0.9622295600565849,0.3266257802915772,0.36,99,16.111928701400757
hmc_in,state-null,500,186,99,0.6937270146825085,0.4048995705578463,0.31,99,14.098072290420532
hmc_in,state-null,500,187,99,0.6852276653905847,0.4077923876823516,0.39,99,14.192775964736938
hmc_in,state-null,500,188,99,0.1667556429333672,0.6830114146902833,0.71,99,15.26119589805603
hmc_in,state-null,500,189,99,0.05641341078830919,0.8122572257083773,0.79,99,14.281022071838379
hmc_in,state-null,500,190,99,0.22905794294501902,0.6322232310248028,0.7,99,15.941163063049316
hmc_in,state-null,500,191,99,0.25499126294539565,0.6135822980248783,0.68,99,15.311408042907715
hmc_in,state-null,500,192,99,1.2229848265010332,0.2687756730500461,0.35,99,18.191883087158203
hmc_in,state-null,500,193,99,0.3240961467759007,0.5691563469267213,0.63,99,16.23993706703186
hmc_in,state-null,500,194,99,0.02448370064144001,0.8756604495221281,0.88,99,12.822582721710205
hmc_in,state-null,500,195,99,0.03804633817026115,0.8453501211417742,0.83,99,16.55658793449402
hmc_in,state-null,500,196,99,0.20198537396686334,0.6531230594253611,0.56,99,14.552623748779297
hmc_in,state-null,500,197,99,1.9131535189030728,0.1666133810557867,0.22,99,15.086548089981079
hmc_in,state-null,500,198,99,0.3434232270769826,0.5578599037098377,0.61,99,15.02620005607605
hmc_in,state-null,500,199,99,0.25661560987032317,0.6124548687402781,0.64,99,15.370798110961914
