model,scenario,N,r,M,LR,ll0,ll1,ll_best,n_th0,n_th1,n_true,a_th1,a_thb,a_n*,L0_mle,L1_mle,LR_mle,null_best,alt_best,mle_a0,mle_a1,mle_b0,mle_b1,mle1_mu0,mle1_mu1,mle0_mu0,mle0_mu1,seconds
hmc_dn,markov-null,500,0,47,6.1977520630650815,-619.8047660535874,-616.7058900220549,-616.6995169733601,-619.7366155405804,-619.7366155401065,-619.7366155404853,-616.5468943587612,-616.5468943892735,-616.5468942981314,-619.7366155401065,-616.5468942981314,6.379442483950243,th1,n*,0.039006526792323394,3.734217753883292e-10,0.8219112563139397,0.6532835211049083,-0.6039657805216623,1.3213522693487698,-0.5552295641947957,1.3088764248763836,196.53296422958374
hmc_dn,markov-null,500,1,40,1.2219002004719641,-573.6202636262756,-573.0093135260396,-573.0056193269061,-573.4639954195995,-573.4639954196233,-573.4639954192829,-572.8714275785067,-572.8714275789602,-572.871427578749,-573.4639954192829,-572.8714275785067,1.1851356815525378,true,th1,0.017627953814968154,0.011920767671066947,0.7573290742092854,0.908709213789558,-1.128934984789575,1.1037548504986137,-1.1386733944455938,1.0903022429224911,105.88238906860352
hmc_dn,markov-null,500,2,41,0.3743178362974504,-617.2682382344619,-617.0810793163132,-617.078569098723,-617.0906462616715,-617.0906462621451,-617.0906462619637,-616.8853948720656,-616.8853948716102,-616.8853948711811,-617.0906462616715,-616.8853948711811,0.41050278098077797,th0,n*,0.030421555552371273,0.016743646356826753,0.7094183087558793,0.7603068474343029,-0.9873734602903249,0.9183861900825175,-0.9951198584822699,0.9111943138199071,95.50214719772339
hmc_dn,markov-null,500,3,30,3.328903142446052,-649.3242469907061,-647.6597954194831,-647.6597954194831,-649.0811452618393,-649.0811452616078,-649.0811452616049,-647.4031499404643,-647.4031499404643,-647.4031499392421,-649.0811452616049,-647.4031499392421,3.35599064472558,true,n*,0.018844856243582103,0.03138344507462311,0.44808059777379583,0.8401515060240355,-0.9357267309988259,1.4477119763716269,-0.9419320582900202,1.4324108381857472,103.06103897094727
hmc_dn,markov-null,500,4,55,1.4179961444679066,-606.5469723403646,-605.8379742681307,-605.8379742681307,-606.3577858902124,-606.3577858898589,-606.3577858904293,-605.2631178352267,-605.2631178352267,-605.2631173265662,-606.3577858898589,-605.2631173265662,2.1893371265853148,th1,n*,0.03715978387672891,0.0048161278136832275,0.8687218640667813,1.3978675742286674e-07,-0.8485065834642657,1.2406787937913486,-1.0148042996565128,1.104358771082155,185.7642650604248
hmc_dn,markov-null,500,5,43,5.4684894809090565,-596.3356847514867,-593.6014400110322,-593.6014400110322,-595.689800367835,-595.6898003675246,-595.6898003684996,-592.7308533027443,-592.7308533027443,-592.7308535281949,-595.6898003675246,-592.7308533027443,5.917894129560636,th1,th1,6.941840458331358e-10,0.034768986226539164,0.5437085235584396,1.0,-0.8024980633171492,1.1092459797990426,-0.8105017787946096,1.1784026325394936,165.33279585838318
hmc_dn,markov-null,500,6,24,0.5654495938840682,-582.6273438904648,-582.3446190935227,-582.3446190935227,-582.478062511816,-582.4780625118137,-582.4780625097685,-582.230465009097,-582.230465009097,-582.2304649875612,-582.4780625097685,-582.2304649875612,0.495195044414686,true,n*,0.0176543389539879,0.007796062376763496,0.7257137010254404,0.7682453033771584,-0.8526567176292585,1.0167252264233473,-0.8460036725278199,1.0223207160183385,87.7452929019928
hmc_dn,markov-null,500,7,52,-0.9562368820709253,-563.7715156828865,-564.249634123922,-563.7363019407544,-561.8476832453006,-561.8476832452575,-561.8476832456124,-561.1553773662025,-561.1553773620517,-561.1553774051979,-561.8476832452575,-561.1553773620517,1.384611766411581,th1,thb,1.4881106177003676e-16,0.023286166251288695,0.9999994606609182,0.8133851288176512,-0.4996253286451427,-0.07853287670666585,-0.5618091402320695,-0.039164048974606985,176.25874710083008
hmc_dn,markov-null,500,8,56,0.03581642090216519,-539.0875046757658,-539.0695964653147,-539.0610811292572,-538.9305894375103,-538.9305894372352,-538.9305894369908,-538.9106222883396,-538.9106222892897,-538.9106222874403,-538.9305894369908,-538.9106222874403,0.03993429910087798,true,n*,0.016433524539246246,0.014443544476985554,0.8821820052028224,0.8575976491080346,-0.7695268906400953,0.8814731380957058,-0.7661294547928198,0.8842845612857203,102.43995308876038
hmc_dn,markov-null,500,9,56,3.4341050935057638,-511.3160667848734,-509.5990142381205,-509.5990142381205,-508.7870956207397,-508.787095620702,-508.78709561922057,-508.65537974003314,-508.65537974003314,-508.57820795494825,-508.78709561922057,-508.57820795494825,0.4177753285446215,true,n*,0.010020570356455379,0.035722917103688794,0.8781117457231797,0.9449079447299925,-0.14918573827859322,1.4020756276390922,-0.13774573736222528,1.4083890656824738,127.67956495285034
hmc_dn,markov-null,500,10,31,8.830948208905056,-555.6767016530987,-551.2612275486462,-551.2612275486462,-555.1978680081592,-555.1978680083753,-555.1978680083438,-550.7310362877532,-550.7310362877532,-550.7310362875382,-555.1978680081592,-550.7310362875382,8.933663441241833,th0,n*,0.047929732465239246,0.0019249992416434341,0.9527106066135084,0.2078468449962888,-0.9154210426029488,1.2136744461934605,-0.8143425557161333,1.235254808743353,61.464882135391235
hmc_dn,markov-null,500,11,42,11.724319511849217,-589.6802146055247,-583.8180548496001,-583.816321045297,-588.4188262282792,-588.3547705483214,-588.3547705490547,-583.0422418873105,-583.0422418988293,-583.0422418697816,-588.3547705483214,-583.0422418697816,10.62505735707964,th1,n*,0.032935816756799415,0.023920306605352628,1.235764187789784e-08,0.8294986656033989,-1.391694438580205,0.8252214946348582,-1.405810571001718,0.7802950582944536,205.61553287506104
hmc_dn,markov-null,500,12,52,5.723672513208157,-610.9136771839437,-608.0518409273396,-608.0518409273396,-610.4871620044164,-610.487162004639,-610.4871620041366,-607.5562344161004,-607.5562344161004,-607.5562349212165,-610.4871620041366,-607.5562344161004,5.861855176072368,true,th1,0.048008404485915486,5.125100698970256e-09,0.7586968550732803,0.8756035296459537,-1.1832128236132338,0.9335180686969876,-1.3019752998228544,0.8050700557930658,121.32194590568542
hmc_dn,markov-null,500,13,30,2.8786207588366324,-605.3708872818064,-603.9315769023881,-603.9314009917507,-604.8058186184452,-604.8058186183443,-604.8058186182069,-603.3467280953735,-603.3467280951161,-603.3467280955308,-604.8058186182069,-603.3467280951161,2.918181046181644,true,thb,0.01721306002362182,0.021262525316089815,0.805702638179783,0.45972966773470186,-1.2745170198973927,1.1365958230857927,-1.2772538260078377,1.1316878820339533,54.09574604034424
hmc_dn,markov-null,500,14,81,0.5194269083417566,-601.3070117690203,-601.0472983148494,-601.0472983148494,-600.8768537427032,-601.0721513343144,-600.8768537426675,-600.1586237588356,-600.1586237588356,-600.5963979819381,-600.8768537426675,-600.1586237588356,1.43645996766395,true,th1,0.029045644018940362,0.025274228364426794,0.9987077895465166,0.8290282066212323,-1.1994330381825962,0.49109523119434706,-1.2518208631940595,0.8364245333087265,128.0544011592865
hmc_dn,markov-null,500,15,47,3.378394033628183,-627.1973149542368,-625.5081179374228,-625.5081179374228,-626.2534031964395,-626.2534031960429,-626.2534031958511,-624.7102779642602,-624.7102779642602,-624.7102779633194,-626.2534031958511,-624.7102779633194,3.086250465063358,true,n*,0.03769142467721075,0.007496349772755068,0.7889956913881226,0.7784941646128645,-1.0121700707661436,1.1581449699957693,-1.0164540070185626,1.1375621210251423,82.36092686653137
hmc_dn,markov-null,500,16,25,3.380865935457223,-603.6071872009578,-601.9167542332292,-601.9167542332292,-603.4090297526685,-603.409029753436,-603.4090297532549,-601.8131051086662,-601.8131051086662,-601.8131051068926,-603.4090297526685,-601.8131051068926,3.191849291551762,th0,n*,0.019345410123968374,0.008821555967178958,0.5280273462710334,0.877676269525634,-0.9469782046164117,0.9587220430074241,-0.9927553931538126,0.8620440639102476,62.510666370391846
hmc_dn,markov-null,500,17,43,1.349700315950031,-627.7744259388882,-627.0995757809131,-627.0995757809131,-627.5303019715003,-627.5303019710399,-627.5303019709498,-626.810926893152,-626.810926893152,-626.810926892894,-627.5303019709498,-626.810926892894,1.4387501561116096,true,n*,0.02515022994904717,0.02006766301278029,0.924729147035358,0.6267778028856634,-1.0290946635844642,0.966599666616145,-1.059757524945538,0.9569462587225414,57.056379079818726
hmc_dn,markov-null,500,18,18,4.465523890364466,-619.9725140402575,-617.7397520950752,-617.7170852609265,-619.7475463924112,-619.7475463925937,-619.7475463924118,-617.486694715773,-617.486694723014,-617.4866946063225,-619.7475463924112,-617.4866946063225,4.52170357217733,th0,n*,0.018362809009950656,7.756431211150729e-11,0.6959147718100966,0.8135959351027635,-1.215423519568742,1.0930167278934881,-1.1933731873099886,1.0942354551743634,85.70942425727844
hmc_dn,markov-null,500,19,22,4.796705846281611,-639.2002956987559,-636.8019427756151,-636.8019427756151,-638.9349878450331,-638.9349878447632,-638.934987844206,-636.4083709847432,-636.4083709847432,-636.408370985482,-638.934987844206,-636.4083709847432,5.0532337189256396,true,th1,0.020558852125760096,0.013733397463041787,0.8557561847767431,0.19039926799275173,-1.3098105657159318,0.9261529843371682,-1.3020705315726018,0.9204955750319251,54.53151273727417
hmc_dn,markov-null,500,20,45,0.4895269628350434,-608.5217268153973,-608.2769633339798,-608.2769633339798,-608.3663643229881,-608.366364321348,-608.3663643215493,-608.1247012358275,-608.1247012358275,-608.1247012342624,-608.366364321348,-608.1247012342624,0.4833261741712249,th1,n*,0.022588211389932483,0.020559479513624582,0.8447214177607416,0.6985743552031842,-1.028551821650785,0.9364613182073732,-1.0376156965424748,0.9518244518084228,66.18053722381592
hmc_dn,markov-null,500,21,40,0.3632188245474026,-559.9046890450097,-559.723079632736,-559.723079632736,-559.8182445276295,-559.818244527535,-559.8182445275006,-559.6331857233323,-559.6331857233323,-559.6331857247201,-559.8182445275006,-559.6331857233323,0.37011760833661356,true,th1,0.013757448279241342,0.010886815020875828,0.8759416205326659,0.7571145291269825,-0.8039563852227131,1.2238331032591943,-0.8085185745915578,1.1991753039609196,75.86443209648132
hmc_dn,markov-null,500,22,35,2.4656428098403467,-596.1554157659721,-594.9225943610519,-594.9225943610519,-596.0725751397867,-596.0725751398105,-596.0725751397896,-594.808735161351,-594.808735161351,-594.8087351611804,-596.0725751397867,-594.8087351611804,2.52767995721274,th0,n*,0.029876805433620687,0.016054836923105345,0.9154499238118511,0.6346274911329809,-1.4093619246446862,0.33804344108523443,-1.3916513322778001,0.33464686838750396,73.94134402275085
hmc_dn,markov-null,500,23,68,6.119150612813883,-564.3887391607151,-561.3291638543081,-561.3259062610445,-564.230472731912,-564.5118102288756,-564.2304727314622,-560.5046616166533,-560.5046616274299,-560.5986969521373,-564.2304727314622,-560.5046616166533,7.451622229617897,true,th1,0.04083506042292885,4.6151419723427244e-20,0.7309274408312846,0.9999999618741474,-0.24999712516466022,0.30872171648483454,-0.809431460697376,0.9841562765094902,103.98519015312195
hmc_dn,markov-null,500,24,53,2.749560115324357,-563.7525333072349,-562.3777532495727,-562.3777532495727,-563.3450532704012,-563.3450532703407,-562.5329668359882,-561.8174287587518,-561.8174287587518,-561.698501638149,-562.5329668359882,-561.698501638149,1.6689303956784443,true,n*,5.510120255561369e-09,0.028458156991066824,0.7949373520253986,0.8139955836404914,-0.8800121507517109,0.6997210981317573,-0.8645820032644641,0.6957396312037369,120.03736591339111
hmc_dn,markov-null,500,25,84,2.611914127824548,-527.7003083458211,-526.3943512819088,-526.3943512819088,-526.9110629161198,-526.911062914641,-526.9110629157489,-524.4816070561395,-524.4816070561395,-524.4816071555297,-526.911062914641,-524.4816070561395,4.858911717002911,th1,th1,0.03784437251058408,4.710962899020146e-10,0.8968449372406447,0.9412721443407631,-0.9944809617509571,1.003234883400004,-0.6318376630902381,1.3382733982861783,125.74060797691345
hmc_dn,markov-null,500,26,66,7.235955563443667,-590.0372984607021,-586.4193206789803,-586.4193206789803,-589.703392461003,-589.7033924619323,-585.4018349283804,-585.9266696552972,-585.9266696552972,-583.7184301715314,-585.4018349283804,-583.7184301715314,3.3668095136979446,true,n*,0.007977855862501491,0.0621923202775277,0.8684540101827468,0.7965935516137024,-0.5396527295200746,1.4079699816758773,-0.20243539789377504,1.4622202769946597,128.22216701507568
hmc_dn,markov-null,500,27,53,4.452802374091107,-598.1748501982117,-595.9484490111662,-595.9484490111662,-597.9081707263462,-597.908170726846,-597.9081707268957,-595.5411118345536,-595.5411118345536,-594.3674226038859,-597.9081707263462,-594.3674226038859,7.081496244920572,th0,n*,2.253076966965184e-10,0.06153913361874756,0.9325470021727195,0.621653252169398,-0.533486216520408,0.5761104243903272,-0.9222071802333066,0.9439421675935787,97.71148991584778
hmc_dn,markov-null,500,28,45,0.17320434409612062,-631.0312102177019,-630.9446080456538,-630.9446080456538,-630.8751397732207,-630.875139773413,-630.8751397724453,-630.7946890496445,-630.7946890496445,-630.7946890496571,-630.8751397724453,-630.7946890496445,0.16090144560166664,true,th1,0.016169488376762367,0.019544172101498097,0.8490129497792074,0.7764910156825181,-0.8726001237509275,1.1862022873819766,-0.8594505639250078,1.1960949849238265,49.249171018600464
hmc_dn,markov-null,500,29,39,2.1007217882756777,-577.7664930149292,-576.7161321207914,-576.7161321207914,-576.0741536401474,-576.074153639584,-576.0741536399648,-573.4714219455991,-573.4714219455991,-573.4714219648097,-576.074153639584,-573.4714219455991,5.205463387969758,th1,th1,0.005713361338979878,0.06675238828478139,2.2770382758542002e-11,0.9999999900775137,-0.007943304945909276,0.810523089185441,0.0019867256008832294,0.7524159017188983,67.72461009025574
hmc_dn,markov-null,500,78,58,16.63036007123651,-610.643776462837,-602.3285964272187,-602.3285964272187,-609.2429237589886,-609.2429237592107,-609.2429237590991,-602.2271450177751,-602.2271450177751,-602.2271450177091,-609.2429237589886,-602.2271450177091,14.031557482559037,th0,n*,0.0041485802061031665,0.08350615665831702,0.864522164993219,0.7398846312032719,-0.5321865437230867,1.3375643007877642,-0.5222092603188162,1.3277227583943427,133.12168169021606
hmc_dn,markov-null,500,89,55,-1.2687669913023,-583.8516037071709,-584.485987202822,-583.076307553888,-582.4544828603655,-580.0612922670089,-582.4544828602561,-581.5403873805335,-581.5403875973961,-579.9288609041773,-580.0612922670089,-579.9288609041773,0.2648627256630789,th1,n*,0.021812771544358397,4.36336866361376e-08,0.9004668110306638,0.7000298772103845,0.22039364661281494,-0.2806682583957055,0.21467798450838055,-0.2752845926389212,246.2915542125702
hmc_dn,markov-null,500,111,38,-1.4201295688733353,-603.4665188333595,-604.1765836177962,-601.179125362576,-603.3367634944847,-603.9740833903331,-603.3367634939023,-601.8968010238951,-600.9714510932902,-600.9714510884438,-603.3367634939023,-600.9714510884438,4.730624810916879,true,n*,8.09014999706527e-10,0.03824270958162353,0.20983705967603686,0.8143332954256681,-0.9322766572599396,1.0061084155608697,-0.9518820712021364,1.0686089268890362,210.49464297294617
hmc_dn,markov-null,500,143,36,-0.7480802018171744,-607.9430091962379,-608.3170492971465,-607.8615612644782,-606.8645276853114,-606.8645276854216,-610.100220087554,-606.7153613071016,-606.7153613069551,-606.7153613068056,-606.8645276853114,-606.7153613068056,0.29833275701162165,th0,n*,0.029542926236895476,0.010820140277465888,0.717943088152118,0.8126465617889551,-0.3195472629231655,0.3455745470833501,-0.29193867436031523,0.3342150656150848,140.83776783943176
hmc_dn,markov-null,500,197,45,11.852095104081627,-553.9654743306145,-548.0394267785737,-548.0394267785737,-553.3451454673035,-553.3451454681332,-553.345145467879,-547.7182511557652,-547.7182511557652,-547.7182511086271,-553.3451454673035,-547.7182511086271,11.25378871735279,th0,n*,0.08708317153042487,5.902851421723259e-10,0.7844293874326348,0.804381815386741,-1.2312679019898023,0.5237080286842314,-1.2250461605852936,0.5321316067167694,192.36304473876953
hmc_dn,markov-null,500,198,35,11.085085931764752,-573.3973880197152,-567.8548450538328,-567.8548450538328,-573.320603278349,-573.3206032786483,-573.3206032782673,-567.5737976908497,-567.5737976908497,-567.5737976928107,-573.3206032782673,-567.5737976908497,11.493611174835223,true,th1,0.010570401991010068,0.04318861659234513,0.16133334117185263,0.9525712311359223,-0.774691016277373,1.5391841517268832,-0.8326320160564435,1.481026764194306,105.64663505554199
