subject,resolution,rule,classes,mechanism,statistic,observed,sim_median,sim_lo,sim_hi,p_two_sided,S
102,100Hz,-,activity,state-markov,M,2729,2719,2576.18,2859.55,0.926829,40
102,100Hz,-,activity,state-markov,n_bursts,1817,1820.5,1725.85,1908.35,0.97561,40
102,100Hz,-,activity,state-markov,mean_len,1.50193,1.50029,1.4668,1.53963,0.926829,40
102,100Hz,-,activity,state-markov,max_len,20,8,6.975,11.025,0.0487805,40
102,100Hz,-,activity,state-markov,share_len1,0.719868,0.670354,0.653532,0.690113,0.0487805,40
102,100Hz,-,activity,state-markov,onset_disp_1s,3.95598,2.40889,2.31042,2.55134,0.0487805,40
102,100Hz,-,activity,state-markov,onset_disp_10s,24.5641,15.4287,14.5777,16.5507,0.0487805,40
102,2Hz,ge10,K3,state,M,169,169.5,148,194,1,200
102,2Hz,ge10,K3,state,n_bursts,135,157.5,137,178.05,0.0497512,200
102,2Hz,ge10,K3,state,mean_len,1.25185,1.0817,1.04161,1.13337,0.00995025,200
102,2Hz,ge10,K3,state,max_len,6,3,2,4,0.00995025,200
102,2Hz,ge10,K3,state,share_in_runs,0.325444,0.145001,0.0768919,0.221726,0.00995025,200
102,2Hz,ge10,K3,state,dispersion,4.78648,2.06923,1.70336,2.41095,0.00995025,200
102,2Hz,ge10,K3,state-markov,M,169,170,140.975,196.075,0.955224,200
102,2Hz,ge10,K3,state-markov,n_bursts,135,136,117,156,0.985075,200
102,2Hz,ge10,K3,state-markov,mean_len,1.25185,1.24832,1.16538,1.33875,0.955224,200
102,2Hz,ge10,K3,state-markov,max_len,6,4,3,6,0.159204,200
102,2Hz,ge10,K3,state-markov,share_in_runs,0.325444,0.355502,0.256399,0.438287,0.557214,200
102,2Hz,ge10,K3,state-markov,dispersion,4.78648,2.35443,1.94207,2.84203,0.00995025,200
102,2Hz,ge10,activity,state,M,169,168,146.975,194,0.975124,200
102,2Hz,ge10,activity,state,n_bursts,135,151,133.95,173,0.119403,200
102,2Hz,ge10,activity,state,mean_len,1.25185,1.11447,1.06625,1.18185,0.00995025,200
102,2Hz,ge10,activity,state,max_len,6,3,2,5,0.0199005,200
102,2Hz,ge10,activity,state,share_in_runs,0.325444,0.192539,0.117196,0.279658,0.00995025,200
102,2Hz,ge10,activity,state,dispersion,4.78648,2.60171,2.20277,3.02394,0.00995025,200
102,2Hz,ge10,activity,state-markov,M,169,169,147.925,202.025,1,200
102,2Hz,ge10,activity,state-markov,n_bursts,135,135,120,159.025,1,200
102,2Hz,ge10,activity,state-markov,mean_len,1.25185,1.24002,1.16652,1.34359,0.80597,200
102,2Hz,ge10,activity,state-markov,max_len,6,4,3,6.025,0.159204,200
102,2Hz,ge10,activity,state-markov,share_in_runs,0.325444,0.346487,0.265576,0.436256,0.557214,200
102,2Hz,ge10,activity,state-markov,dispersion,4.78648,2.81476,2.36075,3.28617,0.00995025,200
102,2Hz,any,K3,state,M,924,926,877.975,974.075,0.955224,200
102,2Hz,any,K3,state,n_bursts,487,653,618,683.025,0.00995025,200
102,2Hz,any,K3,state,mean_len,1.89733,1.41846,1.36003,1.47497,0.00995025,200
102,2Hz,any,K3,state,max_len,23,8,6,12,0.00995025,200
102,2Hz,any,K3,state,share_in_runs,0.642857,0.467596,0.426709,0.504351,0.00995025,200
102,2Hz,any,K3,state,dispersion,7.95067,4.44233,4.09787,4.8637,0.00995025,200
102,2Hz,any,K3,state-markov,M,924,921.5,855.775,984.05,0.955224,200
102,2Hz,any,K3,state-markov,n_bursts,487,488,452.975,521.05,0.975124,200
102,2Hz,any,K3,state-markov,mean_len,1.89733,1.89037,1.7812,2.00026,0.925373,200
102,2Hz,any,K3,state-markov,max_len,23,10,8,15,0.00995025,200
102,2Hz,any,K3,state-markov,share_in_runs,0.642857,0.709554,0.673193,0.746011,0.00995025,200
102,2Hz,any,K3,state-markov,dispersion,7.95067,5.00428,4.53699,5.51539,0.00995025,200
102,2Hz,any,activity,state,M,924,921,877.95,969.05,0.885572,200
102,2Hz,any,activity,state,n_bursts,487,563,531.925,593.025,0.00995025,200
102,2Hz,any,activity,state,mean_len,1.89733,1.63723,1.55906,1.72829,0.00995025,200
102,2Hz,any,activity,state,max_len,23,9,7,13,0.00995025,200
102,2Hz,any,activity,state,share_in_runs,0.642857,0.600443,0.560863,0.641776,0.039801,200
102,2Hz,any,activity,state,dispersion,7.95067,6.25107,5.89739,6.69255,0.00995025,200
102,2Hz,any,activity,state-markov,M,924,925,868.95,980.05,0.995025,200
102,2Hz,any,activity,state-markov,n_bursts,487,487,458.95,520,1,200
102,2Hz,any,activity,state-markov,mean_len,1.89733,1.89257,1.77956,2,0.905473,200
102,2Hz,any,activity,state-markov,max_len,23,11.5,8,18.025,0.0199005,200
102,2Hz,any,activity,state-markov,share_in_runs,0.642857,0.700549,0.665333,0.731947,0.00995025,200
102,2Hz,any,activity,state-markov,dispersion,7.95067,6.4848,6.04055,6.95746,0.00995025,200
108,100Hz,-,activity,state-markov,M,2151,2140.5,1998.6,2291.2,0.926829,40
108,100Hz,-,activity,state-markov,n_bursts,1351,1350.5,1288.75,1415.52,1,40
108,100Hz,-,activity,state-markov,mean_len,1.59215,1.59661,1.53207,1.64035,0.878049,40
108,100Hz,-,activity,state-markov,max_len,77,11,8,15.05,0.0487805,40
108,100Hz,-,activity,state-markov,share_len1,0.754256,0.671535,0.642759,0.695178,0.0487805,40
108,100Hz,-,activity,state-markov,onset_disp_1s,2.69914,1.33737,1.26645,1.40221,0.0487805,40
108,100Hz,-,activity,state-markov,onset_disp_10s,14.2284,4.63239,4.13083,5.02628,0.0487805,40
108,2Hz,ge10,K3,state,M,101,99,77,119,0.895522,200
108,2Hz,ge10,K3,state,n_bursts,84,97,76,117,0.119403,200
108,2Hz,ge10,K3,state,mean_len,1.20238,1.01932,1,1.05509,0.00995025,200
108,2Hz,ge10,K3,state,max_len,6,2,1,3,0.00995025,200
108,2Hz,ge10,K3,state,share_in_runs,0.267327,0.0379155,0,0.0969635,0.00995025,200
108,2Hz,ge10,K3,state,dispersion,3.25548,1.10946,0.96173,1.29379,0.00995025,200
108,2Hz,ge10,K3,state-markov,M,101,101,75.975,129.025,1,200
108,2Hz,ge10,K3,state-markov,n_bursts,84,85,65,103.05,0.995025,200
108,2Hz,ge10,K3,state-markov,mean_len,1.20238,1.19371,1.10519,1.31944,0.935323,200
108,2Hz,ge10,K3,state-markov,max_len,6,3,2,5,0.0497512,200
108,2Hz,ge10,K3,state-markov,share_in_runs,0.267327,0.295924,0.178519,0.416726,0.606965,200
108,2Hz,ge10,K3,state-markov,dispersion,3.25548,1.43204,1.16658,1.83324,0.00995025,200
108,2Hz,ge10,activity,state,M,101,101.5,83,124.05,1,200
108,2Hz,ge10,activity,state,n_bursts,84,99,81,121,0.109453,200
108,2Hz,ge10,activity,state,mean_len,1.20238,1.02083,1,1.05957,0.00995025,200
108,2Hz,ge10,activity,state,max_len,6,2,1,3,0.00995025,200
108,2Hz,ge10,activity,state,share_in_runs,0.267327,0.0408163,0,0.112443,0.00995025,200
108,2Hz,ge10,activity,state,dispersion,3.25548,1.18502,1.01571,1.43434,0.00995025,200
108,2Hz,ge10,activity,state-markov,M,101,101,79.975,124,1,200
108,2Hz,ge10,activity,state-markov,n_bursts,84,84,66.95,102,1,200
108,2Hz,ge10,activity,state-markov,mean_len,1.20238,1.20784,1.1046,1.33812,0.935323,200
108,2Hz,ge10,activity,state-markov,max_len,6,4,2,7,0.149254,200
108,2Hz,ge10,activity,state-markov,share_in_runs,0.267327,0.305442,0.185405,0.440404,0.616915,200
108,2Hz,ge10,activity,state-markov,dispersion,3.25548,1.51179,1.25679,1.97159,0.00995025,200
108,2Hz,any,K3,state,M,905,903,859.85,959.05,0.935323,200
108,2Hz,any,K3,state,n_bursts,558,769,730.925,812.025,0.00995025,200
108,2Hz,any,K3,state,mean_len,1.62186,1.17521,1.14386,1.20065,0.00995025,200
108,2Hz,any,K3,state,max_len,18,4,4,7,0.00995025,200
108,2Hz,any,K3,state,share_in_runs,0.549171,0.272724,0.236767,0.305618,0.00995025,200
108,2Hz,any,K3,state,dispersion,5.53576,1.5888,1.43426,1.75009,0.00995025,200
108,2Hz,any,K3,state-markov,M,905,904,844.975,982.025,0.995025,200
108,2Hz,any,K3,state-markov,n_bursts,558,558,520.975,595,1,200
108,2Hz,any,K3,state-markov,mean_len,1.62186,1.62374,1.54649,1.71536,0.965174,200
108,2Hz,any,K3,state-markov,max_len,18,8,6,12,0.00995025,200
108,2Hz,any,K3,state-markov,share_in_runs,0.549171,0.614697,0.574429,0.653451,0.0199005,200
108,2Hz,any,K3,state-markov,dispersion,5.53576,2.23455,2.0104,2.55594,0.00995025,200
108,2Hz,any,activity,state,M,905,904,856.9,957.025,0.975124,200
108,2Hz,any,activity,state,n_bursts,558,701.5,668.975,746,0.00995025,200
108,2Hz,any,activity,state,mean_len,1.62186,1.28612,1.24284,1.33486,0.00995025,200
108,2Hz,any,activity,state,max_len,18,6,5,9.025,0.00995025,200
108,2Hz,any,activity,state,share_in_runs,0.549171,0.38034,0.339274,0.418872,0.00995025,200
108,2Hz,any,activity,state,dispersion,5.53576,2.983,2.67395,3.26393,0.00995025,200
108,2Hz,any,activity,state-markov,M,905,909,841.775,960,0.955224,200
108,2Hz,any,activity,state-markov,n_bursts,558,559,528.875,592.025,0.975124,200
108,2Hz,any,activity,state-markov,mean_len,1.62186,1.61613,1.52516,1.7023,0.925373,200
108,2Hz,any,activity,state-markov,max_len,18,8,6,12,0.00995025,200
108,2Hz,any,activity,state-markov,share_in_runs,0.549171,0.603854,0.559128,0.646634,0.0199005,200
108,2Hz,any,activity,state-markov,dispersion,5.53576,3.43203,3.05077,3.82062,0.00995025,200
105,100Hz,-,activity,state-markov,M,1541,1536,1429.03,1664.05,0.926829,40
105,100Hz,-,activity,state-markov,n_bursts,942,934.5,877.85,1004.95,0.97561,40
105,100Hz,-,activity,state-markov,mean_len,1.63588,1.63736,1.55486,1.68756,0.97561,40
105,100Hz,-,activity,state-markov,max_len,28,15.5,7.975,29.25,0.195122,40
105,100Hz,-,activity,state-markov,share_len1,0.703822,0.634029,0.60925,0.665337,0.0487805,40
105,100Hz,-,activity,state-markov,onset_disp_1s,4.18463,2.24411,2.07521,2.40231,0.0487805,40
105,100Hz,-,activity,state-markov,onset_disp_10s,28.8801,13.7229,12.7303,15.2258,0.0487805,40
105,2Hz,ge10,K3,state,M,100,100,80,119,1,200
105,2Hz,ge10,K3,state,n_bursts,69,96,78,114,0.00995025,200
105,2Hz,ge10,K3,state,mean_len,1.44928,1.0355,1.00909,1.0783,0.00995025,200
105,2Hz,ge10,K3,state,max_len,8,2,2,3,0.00995025,200
105,2Hz,ge10,K3,state,share_in_runs,0.47,0.0666667,0.018014,0.132044,0.00995025,200
105,2Hz,ge10,K3,state,dispersion,7.09158,1.38275,1.14085,1.66287,0.00995025,200
105,2Hz,ge10,K3,state-markov,M,100,98,75.975,124.025,0.905473,200
105,2Hz,ge10,K3,state-markov,n_bursts,69,69,52,84.025,1,200
105,2Hz,ge10,K3,state-markov,mean_len,1.44928,1.4345,1.24975,1.67242,0.865672,200
105,2Hz,ge10,K3,state-markov,max_len,8,5,3,8.025,0.0895522,200
105,2Hz,ge10,K3,state-markov,share_in_runs,0.47,0.51099,0.338669,0.628723,0.537313,200
105,2Hz,ge10,K3,state-markov,dispersion,7.09158,2.09367,1.6647,2.82289,0.00995025,200
105,2Hz,ge10,activity,state,M,100,99,84,117.025,0.995025,200
105,2Hz,ge10,activity,state,n_bursts,69,88,72.975,104,0.0298507,200
105,2Hz,ge10,activity,state,mean_len,1.44928,1.13115,1.05682,1.21509,0.00995025,200
105,2Hz,ge10,activity,state,max_len,8,3,2,5,0.00995025,200
105,2Hz,ge10,activity,state,share_in_runs,0.47,0.213634,0.107527,0.336351,0.00995025,200
105,2Hz,ge10,activity,state,dispersion,7.09158,2.92576,2.4753,3.50773,0.00995025,200
105,2Hz,ge10,activity,state-markov,M,100,99,73.975,128,0.975124,200
105,2Hz,ge10,activity,state-markov,n_bursts,69,69,54.975,81,1,200
105,2Hz,ge10,activity,state-markov,mean_len,1.44928,1.43749,1.24982,1.67171,0.935323,200
105,2Hz,ge10,activity,state-markov,max_len,8,5,3,8,0.109453,200
105,2Hz,ge10,activity,state-markov,share_in_runs,0.47,0.509175,0.355996,0.634358,0.547264,200
105,2Hz,ge10,activity,state-markov,dispersion,7.09158,3.40896,2.6374,4.45151,0.00995025,200
105,2Hz,any,K3,state,M,490,488.5,446.975,528.1,0.965174,200
105,2Hz,any,K3,state,n_bursts,290,438,402,474,0.00995025,200
105,2Hz,any,K3,state,mean_len,1.68966,1.11784,1.08676,1.15237,0.00995025,200
105,2Hz,any,K3,state,max_len,12,4,3,5,0.00995025,200
105,2Hz,any,K3,state,share_in_runs,0.555102,0.197345,0.151213,0.246541,0.00995025,200
105,2Hz,any,K3,state,dispersion,7.10365,1.68106,1.45853,1.8958,0.00995025,200
105,2Hz,any,K3,state-markov,M,490,483,423.925,550.025,0.905473,200
105,2Hz,any,K3,state-markov,n_bursts,290,289,257.925,316.025,0.995025,200
105,2Hz,any,K3,state-markov,mean_len,1.68966,1.68687,1.54959,1.85196,0.975124,200
105,2Hz,any,K3,state-markov,max_len,12,10,7,15,0.39801,200
105,2Hz,any,K3,state-markov,share_in_runs,0.555102,0.608603,0.547526,0.674823,0.109453,200
105,2Hz,any,K3,state-markov,dispersion,7.10365,2.64574,2.22636,3.2919,0.00995025,200
105,2Hz,any,activity,state,M,490,491,454,523.025,0.995025,200
105,2Hz,any,activity,state,n_bursts,290,359,327,384.05,0.00995025,200
105,2Hz,any,activity,state,mean_len,1.68966,1.3675,1.29877,1.45261,0.00995025,200
105,2Hz,any,activity,state,max_len,12,7,5,11,0.0199005,200
105,2Hz,any,activity,state,share_in_runs,0.555102,0.430415,0.377873,0.483734,0.00995025,200
105,2Hz,any,activity,state,dispersion,7.10365,4.80753,4.2638,5.44598,0.00995025,200
105,2Hz,any,activity,state-markov,M,490,488,448.875,533,0.955224,200
105,2Hz,any,activity,state-markov,n_bursts,290,289,265.975,317.025,0.985075,200
105,2Hz,any,activity,state-markov,mean_len,1.68966,1.69165,1.54146,1.82002,0.985075,200
105,2Hz,any,activity,state-markov,max_len,12,10,7,16.025,0.606965,200
105,2Hz,any,activity,state-markov,share_in_runs,0.555102,0.601248,0.530041,0.646609,0.218905,200
105,2Hz,any,activity,state-markov,dispersion,7.10365,5.16047,4.30667,5.92165,0.00995025,200
