task,seconds,cpu_seconds,cached,spec
test,125.68,81.7568,True,"{""task"": ""test"", ""subject"": 102, ""K"": 2, ""rule"": ""ge10"", ""model"": ""hmc_in"", ""alternative"": ""state"", ""null"": ""common"", ""B"": 99, ""quick"": false}"
test,143.939,94.0938,True,"{""task"": ""test"", ""subject"": 102, ""K"": 2, ""rule"": ""ge10"", ""model"": ""hmc_in"", ""alternative"": ""state-markov"", ""null"": ""common"", ""B"": 99, ""quick"": false}"
test,145.135,94.8652,True,"{""task"": ""test"", ""subject"": 102, ""K"": 2, ""rule"": ""ge10"", ""model"": ""hmc_in"", ""alternative"": ""state-markov"", ""null"": ""state"", ""B"": 99, ""quick"": false}"
test,203.254,134.856,True,"{""task"": ""test"", ""subject"": 102, ""K"": 3, ""rule"": ""ge10"", ""model"": ""hmc_in"", ""alternative"": ""state"", ""null"": ""common"", ""B"": 99, ""quick"": false}"
test,314.674,172.296,True,"{""task"": ""test"", ""subject"": 102, ""K"": 3, ""rule"": ""ge10"", ""model"": ""hmc_in"", ""alternative"": ""state-markov"", ""null"": ""common"", ""B"": 99, ""quick"": false}"
test,317.128,172.482,True,"{""task"": ""test"", ""subject"": 102, ""K"": 3, ""rule"": ""ge10"", ""model"": ""hmc_in"", ""alternative"": ""state-markov"", ""null"": ""state"", ""B"": 99, ""quick"": false}"
test,125.7,76.9007,True,"{""task"": ""test"", ""subject"": 108, ""K"": 2, ""rule"": ""ge10"", ""model"": ""hmc_in"", ""alternative"": ""state"", ""null"": ""common"", ""B"": 99, ""quick"": false}"
test,177.416,87.5984,True,"{""task"": ""test"", ""subject"": 108, ""K"": 2, ""rule"": ""ge10"", ""model"": ""hmc_in"", ""alternative"": ""state-markov"", ""null"": ""common"", ""B"": 99, ""quick"": false}"
test,173.766,84.7616,True,"{""task"": ""test"", ""subject"": 108, ""K"": 2, ""rule"": ""ge10"", ""model"": ""hmc_in"", ""alternative"": ""state-markov"", ""null"": ""state"", ""B"": 99, ""quick"": false}"
test,229.41,133.133,True,"{""task"": ""test"", ""subject"": 108, ""K"": 3, ""rule"": ""ge10"", ""model"": ""hmc_in"", ""alternative"": ""state"", ""null"": ""common"", ""B"": 99, ""quick"": false}"
test,282.399,152.318,True,"{""task"": ""test"", ""subject"": 108, ""K"": 3, ""rule"": ""ge10"", ""model"": ""hmc_in"", ""alternative"": ""state-markov"", ""null"": ""common"", ""B"": 99, ""quick"": false}"
test,276.745,149.17,True,"{""task"": ""test"", ""subject"": 108, ""K"": 3, ""rule"": ""ge10"", ""model"": ""hmc_in"", ""alternative"": ""state-markov"", ""null"": ""state"", ""B"": 99, ""quick"": false}"
test,126.826,77.8553,True,"{""task"": ""test"", ""subject"": 105, ""K"": 2, ""rule"": ""ge10"", ""model"": ""hmc_in"", ""alternative"": ""state"", ""null"": ""common"", ""B"": 99, ""quick"": false}"
test,186.308,80.1875,True,"{""task"": ""test"", ""subject"": 105, ""K"": 2, ""rule"": ""ge10"", ""model"": ""hmc_in"", ""alternative"": ""state-markov"", ""null"": ""common"", ""B"": 99, ""quick"": false}"
test,179.717,74.5386,True,"{""task"": ""test"", ""subject"": 105, ""K"": 2, ""rule"": ""ge10"", ""model"": ""hmc_in"", ""alternative"": ""state-markov"", ""null"": ""state"", ""B"": 99, ""quick"": false}"
test,275.588,98.1069,True,"{""task"": ""test"", ""subject"": 105, ""K"": 3, ""rule"": ""ge10"", ""model"": ""hmc_in"", ""alternative"": ""state"", ""null"": ""common"", ""B"": 99, ""quick"": false}"
test,316.745,118.081,True,"{""task"": ""test"", ""subject"": 105, ""K"": 3, ""rule"": ""ge10"", ""model"": ""hmc_in"", ""alternative"": ""state-markov"", ""null"": ""common"", ""B"": 99, ""quick"": false}"
test,291.663,112.951,True,"{""task"": ""test"", ""subject"": 105, ""K"": 3, ""rule"": ""ge10"", ""model"": ""hmc_in"", ""alternative"": ""state-markov"", ""null"": ""state"", ""B"": 99, ""quick"": false}"
test,56.3246,19.2036,True,"{""task"": ""test"", ""subject"": 102, ""K"": 2, ""rule"": ""any"", ""model"": ""hmc_in"", ""alternative"": ""state"", ""null"": ""common"", ""B"": 19, ""quick"": false}"
test,58.7356,20.7304,True,"{""task"": ""test"", ""subject"": 102, ""K"": 2, ""rule"": ""any"", ""model"": ""hmc_in"", ""alternative"": ""state-markov"", ""null"": ""common"", ""B"": 19, ""quick"": false}"
test,94.9391,35.1486,True,"{""task"": ""test"", ""subject"": 102, ""K"": 2, ""rule"": ""any"", ""model"": ""hmc_in"", ""alternative"": ""state-markov"", ""null"": ""state"", ""B"": 19, ""quick"": false}"
test,71.2941,34.8916,True,"{""task"": ""test"", ""subject"": 102, ""K"": 3, ""rule"": ""any"", ""model"": ""hmc_in"", ""alternative"": ""state"", ""null"": ""common"", ""B"": 19, ""quick"": false}"
test,73.2009,35.8534,True,"{""task"": ""test"", ""subject"": 102, ""K"": 3, ""rule"": ""any"", ""model"": ""hmc_in"", ""alternative"": ""state-markov"", ""null"": ""common"", ""B"": 19, ""quick"": false}"
test,95.6342,46.8296,True,"{""task"": ""test"", ""subject"": 102, ""K"": 3, ""rule"": ""any"", ""model"": ""hmc_in"", ""alternative"": ""state-markov"", ""null"": ""state"", ""B"": 19, ""quick"": false}"
test,38.3179,19.0394,True,"{""task"": ""test"", ""subject"": 108, ""K"": 2, ""rule"": ""any"", ""model"": ""hmc_in"", ""alternative"": ""state"", ""null"": ""common"", ""B"": 19, ""quick"": false}"
test,37.9959,18.8221,True,"{""task"": ""test"", ""subject"": 108, ""K"": 2, ""rule"": ""any"", ""model"": ""hmc_in"", ""alternative"": ""state-markov"", ""null"": ""common"", ""B"": 19, ""quick"": false}"
test,54.7612,26.7477,True,"{""task"": ""test"", ""subject"": 108, ""K"": 2, ""rule"": ""any"", ""model"": ""hmc_in"", ""alternative"": ""state-markov"", ""null"": ""state"", ""B"": 19, ""quick"": false}"
test,71.5751,34.1428,True,"{""task"": ""test"", ""subject"": 108, ""K"": 3, ""rule"": ""any"", ""model"": ""hmc_in"", ""alternative"": ""state"", ""null"": ""common"", ""B"": 19, ""quick"": false}"
test,79.5807,38.1877,True,"{""task"": ""test"", ""subject"": 108, ""K"": 3, ""rule"": ""any"", ""model"": ""hmc_in"", ""alternative"": ""state-markov"", ""null"": ""common"", ""B"": 19, ""quick"": false}"
test,68.291,32.9464,True,"{""task"": ""test"", ""subject"": 108, ""K"": 3, ""rule"": ""any"", ""model"": ""hmc_in"", ""alternative"": ""state-markov"", ""null"": ""state"", ""B"": 19, ""quick"": false}"
test,35.0572,16.6164,True,"{""task"": ""test"", ""subject"": 105, ""K"": 2, ""rule"": ""any"", ""model"": ""hmc_in"", ""alternative"": ""state"", ""null"": ""common"", ""B"": 19, ""quick"": false}"
test,37.1771,18.5943,True,"{""task"": ""test"", ""subject"": 105, ""K"": 2, ""rule"": ""any"", ""model"": ""hmc_in"", ""alternative"": ""state-markov"", ""null"": ""common"", ""B"": 19, ""quick"": false}"
test,40.2799,20.0899,True,"{""task"": ""test"", ""subject"": 105, ""K"": 2, ""rule"": ""any"", ""model"": ""hmc_in"", ""alternative"": ""state-markov"", ""null"": ""state"", ""B"": 19, ""quick"": false}"
test,35.1635,17.4715,True,"{""task"": ""test"", ""subject"": 105, ""K"": 3, ""rule"": ""any"", ""model"": ""hmc_in"", ""alternative"": ""state"", ""null"": ""common"", ""B"": 19, ""quick"": false}"
test,40.2151,19.9913,True,"{""task"": ""test"", ""subject"": 105, ""K"": 3, ""rule"": ""any"", ""model"": ""hmc_in"", ""alternative"": ""state-markov"", ""null"": ""common"", ""B"": 19, ""quick"": false}"
test,43.5197,21.5238,True,"{""task"": ""test"", ""subject"": 105, ""K"": 3, ""rule"": ""any"", ""model"": ""hmc_in"", ""alternative"": ""state-markov"", ""null"": ""state"", ""B"": 19, ""quick"": false}"
real,0.326698,0.161678,True,"{""task"": ""real"", ""what"": ""oracle"", ""subject"": 102, ""K"": 2, ""rule"": ""ge10"", ""model"": ""hmc_in"", ""quick"": false}"
real,1.097,0.528666,True,"{""task"": ""real"", ""what"": ""oracle"", ""subject"": 102, ""K"": 2, ""rule"": ""ge10"", ""model"": ""pmc_pair"", ""quick"": false}"
real,0.344344,0.163684,True,"{""task"": ""real"", ""what"": ""oracle"", ""subject"": 102, ""K"": 2, ""rule"": ""any"", ""model"": ""hmc_in"", ""quick"": false}"
real,1.25527,0.598806,True,"{""task"": ""real"", ""what"": ""oracle"", ""subject"": 102, ""K"": 2, ""rule"": ""any"", ""model"": ""pmc_pair"", ""quick"": false}"
real,0.338134,0.169566,True,"{""task"": ""real"", ""what"": ""oracle"", ""subject"": 102, ""K"": 3, ""rule"": ""ge10"", ""model"": ""hmc_in"", ""quick"": false}"
real,0.869853,0.431493,True,"{""task"": ""real"", ""what"": ""oracle"", ""subject"": 102, ""K"": 3, ""rule"": ""ge10"", ""model"": ""pmc_pair"", ""quick"": false}"
real,0.274802,0.144163,True,"{""task"": ""real"", ""what"": ""oracle"", ""subject"": 102, ""K"": 3, ""rule"": ""any"", ""model"": ""hmc_in"", ""quick"": false}"
real,1.28623,0.608917,True,"{""task"": ""real"", ""what"": ""oracle"", ""subject"": 102, ""K"": 3, ""rule"": ""any"", ""model"": ""pmc_pair"", ""quick"": false}"
real,0.291377,0.156704,True,"{""task"": ""real"", ""what"": ""oracle"", ""subject"": 108, ""K"": 2, ""rule"": ""ge10"", ""model"": ""hmc_in"", ""quick"": false}"
real,0.985074,0.488412,True,"{""task"": ""real"", ""what"": ""oracle"", ""subject"": 108, ""K"": 2, ""rule"": ""ge10"", ""model"": ""pmc_pair"", ""quick"": false}"
real,0.344145,0.14239,True,"{""task"": ""real"", ""what"": ""oracle"", ""subject"": 108, ""K"": 2, ""rule"": ""any"", ""model"": ""hmc_in"", ""quick"": false}"
real,1.02067,0.626724,True,"{""task"": ""real"", ""what"": ""oracle"", ""subject"": 108, ""K"": 2, ""rule"": ""any"", ""model"": ""pmc_pair"", ""quick"": false}"
real,0.263251,0.147213,True,"{""task"": ""real"", ""what"": ""oracle"", ""subject"": 108, ""K"": 3, ""rule"": ""ge10"", ""model"": ""hmc_in"", ""quick"": false}"
real,0.728493,0.378649,True,"{""task"": ""real"", ""what"": ""oracle"", ""subject"": 108, ""K"": 3, ""rule"": ""ge10"", ""model"": ""pmc_pair"", ""quick"": false}"
real,0.282689,0.140274,True,"{""task"": ""real"", ""what"": ""oracle"", ""subject"": 108, ""K"": 3, ""rule"": ""any"", ""model"": ""hmc_in"", ""quick"": false}"
real,1.26065,0.595892,True,"{""task"": ""real"", ""what"": ""oracle"", ""subject"": 108, ""K"": 3, ""rule"": ""any"", ""model"": ""pmc_pair"", ""quick"": false}"
real,0.320896,0.147345,True,"{""task"": ""real"", ""what"": ""oracle"", ""subject"": 105, ""K"": 2, ""rule"": ""ge10"", ""model"": ""hmc_in"", ""quick"": false}"
real,1.19024,0.500398,True,"{""task"": ""real"", ""what"": ""oracle"", ""subject"": 105, ""K"": 2, ""rule"": ""ge10"", ""model"": ""pmc_pair"", ""quick"": false}"
real,0.344725,0.156568,True,"{""task"": ""real"", ""what"": ""oracle"", ""subject"": 105, ""K"": 2, ""rule"": ""any"", ""model"": ""hmc_in"", ""quick"": false}"
real,1.07741,0.511611,True,"{""task"": ""real"", ""what"": ""oracle"", ""subject"": 105, ""K"": 2, ""rule"": ""any"", ""model"": ""pmc_pair"", ""quick"": false}"
real,0.299236,0.145955,True,"{""task"": ""real"", ""what"": ""oracle"", ""subject"": 105, ""K"": 3, ""rule"": ""ge10"", ""model"": ""hmc_in"", ""quick"": false}"
real,0.757585,0.365363,True,"{""task"": ""real"", ""what"": ""oracle"", ""subject"": 105, ""K"": 3, ""rule"": ""ge10"", ""model"": ""pmc_pair"", ""quick"": false}"
real,0.313168,0.163993,True,"{""task"": ""real"", ""what"": ""oracle"", ""subject"": 105, ""K"": 3, ""rule"": ""any"", ""model"": ""hmc_in"", ""quick"": false}"
real,0.942647,0.458414,True,"{""task"": ""real"", ""what"": ""oracle"", ""subject"": 105, ""K"": 3, ""rule"": ""any"", ""model"": ""pmc_pair"", ""quick"": false}"
test,180.94,113.171,True,"{""task"": ""test"", ""subject"": 108, ""K"": 2, ""rule"": ""ge10"", ""model"": ""hmc_in"", ""alternative"": ""state"", ""null"": ""common"", ""B"": 99, ""statistic"": ""profile"", ""quick"": false}"
test,203.203,133.394,True,"{""task"": ""test"", ""subject"": 108, ""K"": 2, ""rule"": ""ge10"", ""model"": ""hmc_in"", ""alternative"": ""state-markov"", ""null"": ""common"", ""B"": 99, ""statistic"": ""profile"", ""quick"": false}"
test,219.292,149.392,True,"{""task"": ""test"", ""subject"": 108, ""K"": 2, ""rule"": ""ge10"", ""model"": ""hmc_in"", ""alternative"": ""state-markov"", ""null"": ""state"", ""B"": 99, ""statistic"": ""profile"", ""quick"": false}"
test,224.512,154.343,True,"{""task"": ""test"", ""subject"": 108, ""K"": 3, ""rule"": ""ge10"", ""model"": ""hmc_in"", ""alternative"": ""state"", ""null"": ""common"", ""B"": 99, ""statistic"": ""profile"", ""quick"": false}"
test,174.21,163.475,True,"{""task"": ""test"", ""subject"": 108, ""K"": 3, ""rule"": ""ge10"", ""model"": ""hmc_in"", ""alternative"": ""state-markov"", ""null"": ""common"", ""B"": 99, ""statistic"": ""profile"", ""quick"": false}"
test,186.291,176.561,True,"{""task"": ""test"", ""subject"": 108, ""K"": 3, ""rule"": ""ge10"", ""model"": ""hmc_in"", ""alternative"": ""state-markov"", ""null"": ""state"", ""B"": 99, ""statistic"": ""profile"", ""quick"": false}"
real,304.59,115.554,True,"{""task"": ""real"", ""what"": ""fit"", ""subject"": 102, ""K"": 3, ""rule"": ""ge10"", ""model"": ""pmc_pair"", ""mechanism"": ""ignorable"", ""start"": 0, ""quick"": false}"
real,164.346,64.3916,True,"{""task"": ""real"", ""what"": ""fit"", ""subject"": 102, ""K"": 3, ""rule"": ""any"", ""model"": ""pmc_pair"", ""mechanism"": ""ignorable"", ""start"": 0, ""quick"": false}"
real,57.1198,25.8775,True,"{""task"": ""real"", ""what"": ""fit"", ""subject"": 108, ""K"": 3, ""rule"": ""ge10"", ""model"": ""pmc_pair"", ""mechanism"": ""ignorable"", ""start"": 0, ""quick"": false}"
real,116.922,43.5849,True,"{""task"": ""real"", ""what"": ""fit"", ""subject"": 108, ""K"": 3, ""rule"": ""any"", ""model"": ""pmc_pair"", ""mechanism"": ""ignorable"", ""start"": 0, ""quick"": false}"
real,97.1384,32.201,True,"{""task"": ""real"", ""what"": ""fit"", ""subject"": 105, ""K"": 3, ""rule"": ""ge10"", ""model"": ""pmc_pair"", ""mechanism"": ""ignorable"", ""start"": 0, ""quick"": false}"
real,81.401,29.0177,True,"{""task"": ""real"", ""what"": ""fit"", ""subject"": 105, ""K"": 3, ""rule"": ""any"", ""model"": ""pmc_pair"", ""mechanism"": ""ignorable"", ""start"": 0, ""quick"": false}"
describe,25.3834,8.31182,True,"{""task"": ""describe"", ""subject"": 102, ""quick"": false}"
describe,23.6542,7.73496,True,"{""task"": ""describe"", ""subject"": 108, ""quick"": false}"
describe,17.4904,7.24409,True,"{""task"": ""describe"", ""subject"": 105, ""quick"": false}"
controlled,10.6323,4.35554,True,"{""task"": ""controlled"", ""subject"": 102, ""K"": 2, ""intensity"": ""ge10"", ""mask"": ""state"", ""r"": 0, ""oracles"": [""hmc_in""], ""quick"": false}"
controlled,10.1897,4.25816,True,"{""task"": ""controlled"", ""subject"": 102, ""K"": 2, ""intensity"": ""ge10"", ""mask"": ""state"", ""r"": 1, ""oracles"": [""hmc_in""], ""quick"": false}"
controlled,11.4373,4.07249,True,"{""task"": ""controlled"", ""subject"": 102, ""K"": 2, ""intensity"": ""ge10"", ""mask"": ""state"", ""r"": 2, ""oracles"": [""hmc_in""], ""quick"": false}"
controlled,11.8453,4.14525,True,"{""task"": ""controlled"", ""subject"": 102, ""K"": 2, ""intensity"": ""ge10"", ""mask"": ""state"", ""r"": 3, ""oracles"": [""hmc_in""], ""quick"": false}"
controlled,11.2657,3.93887,True,"{""task"": ""controlled"", ""subject"": 102, ""K"": 2, ""intensity"": ""ge10"", ""mask"": ""state"", ""r"": 4, ""oracles"": [""hmc_in""], ""quick"": false}"
controlled,11.7442,4.12912,True,"{""task"": ""controlled"", ""subject"": 102, ""K"": 2, ""intensity"": ""ge10"", ""mask"": ""state-markov"", ""r"": 0, ""oracles"": [""hmc_in""], ""quick"": false}"
controlled,11.7303,4.11333,True,"{""task"": ""controlled"", ""subject"": 102, ""K"": 2, ""intensity"": ""ge10"", ""mask"": ""state-markov"", ""r"": 1, ""oracles"": [""hmc_in""], ""quick"": false}"
controlled,11.577,4.07715,True,"{""task"": ""controlled"", ""subject"": 102, ""K"": 2, ""intensity"": ""ge10"", ""mask"": ""state-markov"", ""r"": 2, ""oracles"": [""hmc_in""], ""quick"": false}"
controlled,12.8389,4.18785,True,"{""task"": ""controlled"", ""subject"": 102, ""K"": 2, ""intensity"": ""ge10"", ""mask"": ""state-markov"", ""r"": 3, ""oracles"": [""hmc_in""], ""quick"": false}"
controlled,13.3869,4.254,True,"{""task"": ""controlled"", ""subject"": 102, ""K"": 2, ""intensity"": ""ge10"", ""mask"": ""state-markov"", ""r"": 4, ""oracles"": [""hmc_in""], ""quick"": false}"
controlled,14.4835,4.42992,True,"{""task"": ""controlled"", ""subject"": 102, ""K"": 2, ""intensity"": ""any"", ""mask"": ""state"", ""r"": 0, ""oracles"": [""hmc_in""], ""quick"": false}"
controlled,13.7316,4.47686,True,"{""task"": ""controlled"", ""subject"": 102, ""K"": 2, ""intensity"": ""any"", ""mask"": ""state"", ""r"": 1, ""oracles"": [""hmc_in""], ""quick"": false}"
controlled,13.9071,4.51215,True,"{""task"": ""controlled"", ""subject"": 102, ""K"": 2, ""intensity"": ""any"", ""mask"": ""state"", ""r"": 2, ""oracles"": [""hmc_in""], ""quick"": false}"
controlled,12.636,4.33671,True,"{""task"": ""controlled"", ""subject"": 102, ""K"": 2, ""intensity"": ""any"", ""mask"": ""state"", ""r"": 3, ""oracles"": [""hmc_in""], ""quick"": false}"
controlled,12.0843,4.48756,True,"{""task"": ""controlled"", ""subject"": 102, ""K"": 2, ""intensity"": ""any"", ""mask"": ""state"", ""r"": 4, ""oracles"": [""hmc_in""], ""quick"": false}"
controlled,11.6061,4.45051,True,"{""task"": ""controlled"", ""subject"": 102, ""K"": 2, ""intensity"": ""any"", ""mask"": ""state-markov"", ""r"": 0, ""oracles"": [""hmc_in""], ""quick"": false}"
controlled,11.4755,4.39173,True,"{""task"": ""controlled"", ""subject"": 102, ""K"": 2, ""intensity"": ""any"", ""mask"": ""state-markov"", ""r"": 1, ""oracles"": [""hmc_in""], ""quick"": false}"
controlled,11.3413,4.48312,True,"{""task"": ""controlled"", ""subject"": 102, ""K"": 2, ""intensity"": ""any"", ""mask"": ""state-markov"", ""r"": 2, ""oracles"": [""hmc_in""], ""quick"": false}"
controlled,11.6701,4.59223,True,"{""task"": ""controlled"", ""subject"": 102, ""K"": 2, ""intensity"": ""any"", ""mask"": ""state-markov"", ""r"": 3, ""oracles"": [""hmc_in""], ""quick"": false}"
controlled,10.817,4.32525,True,"{""task"": ""controlled"", ""subject"": 102, ""K"": 2, ""intensity"": ""any"", ""mask"": ""state-markov"", ""r"": 4, ""oracles"": [""hmc_in""], ""quick"": false}"
controlled,21.2663,8.69278,True,"{""task"": ""controlled"", ""subject"": 102, ""K"": 3, ""intensity"": ""ge10"", ""mask"": ""state"", ""r"": 0, ""oracles"": [""hmc_in"", ""pmc_pair""], ""quick"": false}"
controlled,21.7081,8.85547,True,"{""task"": ""controlled"", ""subject"": 102, ""K"": 3, ""intensity"": ""ge10"", ""mask"": ""state"", ""r"": 1, ""oracles"": [""hmc_in"", ""pmc_pair""], ""quick"": false}"
controlled,20.508,8.37145,True,"{""task"": ""controlled"", ""subject"": 102, ""K"": 3, ""intensity"": ""ge10"", ""mask"": ""state"", ""r"": 2, ""oracles"": [""hmc_in"", ""pmc_pair""], ""quick"": false}"
controlled,20.6623,8.75798,True,"{""task"": ""controlled"", ""subject"": 102, ""K"": 3, ""intensity"": ""ge10"", ""mask"": ""state"", ""r"": 3, ""oracles"": [""hmc_in"", ""pmc_pair""], ""quick"": false}"
controlled,19.7773,8.65087,True,"{""task"": ""controlled"", ""subject"": 102, ""K"": 3, ""intensity"": ""ge10"", ""mask"": ""state"", ""r"": 4, ""oracles"": [""hmc_in"", ""pmc_pair""], ""quick"": false}"
controlled,17.6795,7.88322,True,"{""task"": ""controlled"", ""subject"": 102, ""K"": 3, ""intensity"": ""ge10"", ""mask"": ""state-markov"", ""r"": 0, ""oracles"": [""hmc_in"", ""pmc_pair""], ""quick"": false}"
controlled,19.3787,8.66416,True,"{""task"": ""controlled"", ""subject"": 102, ""K"": 3, ""intensity"": ""ge10"", ""mask"": ""state-markov"", ""r"": 1, ""oracles"": [""hmc_in"", ""pmc_pair""], ""quick"": false}"
controlled,18.2771,8.70782,True,"{""task"": ""controlled"", ""subject"": 102, ""K"": 3, ""intensity"": ""ge10"", ""mask"": ""state-markov"", ""r"": 2, ""oracles"": [""hmc_in"", ""pmc_pair""], ""quick"": false}"
controlled,16.3054,8.54219,True,"{""task"": ""controlled"", ""subject"": 102, ""K"": 3, ""intensity"": ""ge10"", ""mask"": ""state-markov"", ""r"": 3, ""oracles"": [""hmc_in"", ""pmc_pair""], ""quick"": false}"
controlled,15.9707,8.35845,True,"{""task"": ""controlled"", ""subject"": 102, ""K"": 3, ""intensity"": ""ge10"", ""mask"": ""state-markov"", ""r"": 4, ""oracles"": [""hmc_in"", ""pmc_pair""], ""quick"": false}"
controlled,22.7783,11.2548,True,"{""task"": ""controlled"", ""subject"": 102, ""K"": 3, ""intensity"": ""any"", ""mask"": ""state"", ""r"": 0, ""oracles"": [""hmc_in"", ""pmc_pair""], ""quick"": false}"
controlled,23.3537,10.9267,True,"{""task"": ""controlled"", ""subject"": 102, ""K"": 3, ""intensity"": ""any"", ""mask"": ""state"", ""r"": 1, ""oracles"": [""hmc_in"", ""pmc_pair""], ""quick"": false}"
controlled,25.5411,11.1318,True,"{""task"": ""controlled"", ""subject"": 102, ""K"": 3, ""intensity"": ""any"", ""mask"": ""state"", ""r"": 2, ""oracles"": [""hmc_in"", ""pmc_pair""], ""quick"": false}"
controlled,25.1084,10.9109,True,"{""task"": ""controlled"", ""subject"": 102, ""K"": 3, ""intensity"": ""any"", ""mask"": ""state"", ""r"": 3, ""oracles"": [""hmc_in"", ""pmc_pair""], ""quick"": false}"
controlled,25.5608,11.3465,True,"{""task"": ""controlled"", ""subject"": 102, ""K"": 3, ""intensity"": ""any"", ""mask"": ""state"", ""r"": 4, ""oracles"": [""hmc_in"", ""pmc_pair""], ""quick"": false}"
controlled,24.5431,11.3057,True,"{""task"": ""controlled"", ""subject"": 102, ""K"": 3, ""intensity"": ""any"", ""mask"": ""state-markov"", ""r"": 0, ""oracles"": [""hmc_in"", ""pmc_pair""], ""quick"": false}"
controlled,22.9041,10.7715,True,"{""task"": ""controlled"", ""subject"": 102, ""K"": 3, ""intensity"": ""any"", ""mask"": ""state-markov"", ""r"": 1, ""oracles"": [""hmc_in"", ""pmc_pair""], ""quick"": false}"
controlled,24.1185,11.197,True,"{""task"": ""controlled"", ""subject"": 102, ""K"": 3, ""intensity"": ""any"", ""mask"": ""state-markov"", ""r"": 2, ""oracles"": [""hmc_in"", ""pmc_pair""], ""quick"": false}"
controlled,25.3085,11.3403,True,"{""task"": ""controlled"", ""subject"": 102, ""K"": 3, ""intensity"": ""any"", ""mask"": ""state-markov"", ""r"": 3, ""oracles"": [""hmc_in"", ""pmc_pair""], ""quick"": false}"
controlled,25.6842,11.1972,True,"{""task"": ""controlled"", ""subject"": 102, ""K"": 3, ""intensity"": ""any"", ""mask"": ""state-markov"", ""r"": 4, ""oracles"": [""hmc_in"", ""pmc_pair""], ""quick"": false}"
controlled,14.6537,6.17455,True,"{""task"": ""controlled"", ""subject"": 108, ""K"": 2, ""intensity"": ""ge10"", ""mask"": ""state"", ""r"": 0, ""oracles"": [""hmc_in""], ""quick"": false}"
controlled,15.0325,6.40706,True,"{""task"": ""controlled"", ""subject"": 108, ""K"": 2, ""intensity"": ""ge10"", ""mask"": ""state"", ""r"": 1, ""oracles"": [""hmc_in""], ""quick"": false}"
controlled,15.0253,6.44157,True,"{""task"": ""controlled"", ""subject"": 108, ""K"": 2, ""intensity"": ""ge10"", ""mask"": ""state"", ""r"": 2, ""oracles"": [""hmc_in""], ""quick"": false}"
controlled,14.4555,6.26422,True,"{""task"": ""controlled"", ""subject"": 108, ""K"": 2, ""intensity"": ""ge10"", ""mask"": ""state"", ""r"": 3, ""oracles"": [""hmc_in""], ""quick"": false}"
controlled,14.6711,6.43714,True,"{""task"": ""controlled"", ""subject"": 108, ""K"": 2, ""intensity"": ""ge10"", ""mask"": ""state"", ""r"": 4, ""oracles"": [""hmc_in""], ""quick"": false}"
controlled,14.8329,6.46442,True,"{""task"": ""controlled"", ""subject"": 108, ""K"": 2, ""intensity"": ""ge10"", ""mask"": ""state-markov"", ""r"": 0, ""oracles"": [""hmc_in""], ""quick"": false}"
controlled,15.3697,6.68832,True,"{""task"": ""controlled"", ""subject"": 108, ""K"": 2, ""intensity"": ""ge10"", ""mask"": ""state-markov"", ""r"": 1, ""oracles"": [""hmc_in""], ""quick"": false}"
controlled,13.505,5.90039,True,"{""task"": ""controlled"", ""subject"": 108, ""K"": 2, ""intensity"": ""ge10"", ""mask"": ""state-markov"", ""r"": 2, ""oracles"": [""hmc_in""], ""quick"": false}"
controlled,15.2597,6.51115,True,"{""task"": ""controlled"", ""subject"": 108, ""K"": 2, ""intensity"": ""ge10"", ""mask"": ""state-markov"", ""r"": 3, ""oracles"": [""hmc_in""], ""quick"": false}"
controlled,14.8733,6.37464,True,"{""task"": ""controlled"", ""subject"": 108, ""K"": 2, ""intensity"": ""ge10"", ""mask"": ""state-markov"", ""r"": 4, ""oracles"": [""hmc_in""], ""quick"": false}"
controlled,16.2766,7.15628,True,"{""task"": ""controlled"", ""subject"": 108, ""K"": 2, ""intensity"": ""any"", ""mask"": ""state"", ""r"": 0, ""oracles"": [""hmc_in""], ""quick"": false}"
controlled,14.3894,6.26287,True,"{""task"": ""controlled"", ""subject"": 108, ""K"": 2, ""intensity"": ""any"", ""mask"": ""state"", ""r"": 1, ""oracles"": [""hmc_in""], ""quick"": false}"
controlled,15.3879,6.77338,True,"{""task"": ""controlled"", ""subject"": 108, ""K"": 2, ""intensity"": ""any"", ""mask"": ""state"", ""r"": 2, ""oracles"": [""hmc_in""], ""quick"": false}"
controlled,15.1452,6.72031,True,"{""task"": ""controlled"", ""subject"": 108, ""K"": 2, ""intensity"": ""any"", ""mask"": ""state"", ""r"": 3, ""oracles"": [""hmc_in""], ""quick"": false}"
controlled,13.8518,6.02746,True,"{""task"": ""controlled"", ""subject"": 108, ""K"": 2, ""intensity"": ""any"", ""mask"": ""state"", ""r"": 4, ""oracles"": [""hmc_in""], ""quick"": false}"
controlled,15.9468,7.01395,True,"{""task"": ""controlled"", ""subject"": 108, ""K"": 2, ""intensity"": ""any"", ""mask"": ""state-markov"", ""r"": 0, ""oracles"": [""hmc_in""], ""quick"": false}"
controlled,15.1884,6.76092,True,"{""task"": ""controlled"", ""subject"": 108, ""K"": 2, ""intensity"": ""any"", ""mask"": ""state-markov"", ""r"": 1, ""oracles"": [""hmc_in""], ""quick"": false}"
controlled,15.745,7.04082,True,"{""task"": ""controlled"", ""subject"": 108, ""K"": 2, ""intensity"": ""any"", ""mask"": ""state-markov"", ""r"": 2, ""oracles"": [""hmc_in""], ""quick"": false}"
controlled,13.7313,6.27346,True,"{""task"": ""controlled"", ""subject"": 108, ""K"": 2, ""intensity"": ""any"", ""mask"": ""state-markov"", ""r"": 3, ""oracles"": [""hmc_in""], ""quick"": false}"
controlled,13.3652,6.14518,True,"{""task"": ""controlled"", ""subject"": 108, ""K"": 2, ""intensity"": ""any"", ""mask"": ""state-markov"", ""r"": 4, ""oracles"": [""hmc_in""], ""quick"": false}"
controlled,19.9293,9.10002,True,"{""task"": ""controlled"", ""subject"": 108, ""K"": 3, ""intensity"": ""ge10"", ""mask"": ""state"", ""r"": 0, ""oracles"": [""hmc_in"", ""pmc_pair""], ""quick"": false}"
controlled,21.1914,9.61101,True,"{""task"": ""controlled"", ""subject"": 108, ""K"": 3, ""intensity"": ""ge10"", ""mask"": ""state"", ""r"": 1, ""oracles"": [""hmc_in"", ""pmc_pair""], ""quick"": false}"
controlled,19.9814,9.03148,True,"{""task"": ""controlled"", ""subject"": 108, ""K"": 3, ""intensity"": ""ge10"", ""mask"": ""state"", ""r"": 2, ""oracles"": [""hmc_in"", ""pmc_pair""], ""quick"": false}"
controlled,20.5682,9.41898,True,"{""task"": ""controlled"", ""subject"": 108, ""K"": 3, ""intensity"": ""ge10"", ""mask"": ""state"", ""r"": 3, ""oracles"": [""hmc_in"", ""pmc_pair""], ""quick"": false}"
controlled,19.6758,8.90841,True,"{""task"": ""controlled"", ""subject"": 108, ""K"": 3, ""intensity"": ""ge10"", ""mask"": ""state"", ""r"": 4, ""oracles"": [""hmc_in"", ""pmc_pair""], ""quick"": false}"
controlled,19.9063,9.09429,True,"{""task"": ""controlled"", ""subject"": 108, ""K"": 3, ""intensity"": ""ge10"", ""mask"": ""state-markov"", ""r"": 0, ""oracles"": [""hmc_in"", ""pmc_pair""], ""quick"": false}"
controlled,19.3246,8.75141,True,"{""task"": ""controlled"", ""subject"": 108, ""K"": 3, ""intensity"": ""ge10"", ""mask"": ""state-markov"", ""r"": 1, ""oracles"": [""hmc_in"", ""pmc_pair""], ""quick"": false}"
controlled,19.0883,8.69137,True,"{""task"": ""controlled"", ""subject"": 108, ""K"": 3, ""intensity"": ""ge10"", ""mask"": ""state-markov"", ""r"": 2, ""oracles"": [""hmc_in"", ""pmc_pair""], ""quick"": false}"
controlled,20.1892,9.20196,True,"{""task"": ""controlled"", ""subject"": 108, ""K"": 3, ""intensity"": ""ge10"", ""mask"": ""state-markov"", ""r"": 3, ""oracles"": [""hmc_in"", ""pmc_pair""], ""quick"": false}"
controlled,19.904,9.07632,True,"{""task"": ""controlled"", ""subject"": 108, ""K"": 3, ""intensity"": ""ge10"", ""mask"": ""state-markov"", ""r"": 4, ""oracles"": [""hmc_in"", ""pmc_pair""], ""quick"": false}"
controlled,26.8565,12.2057,True,"{""task"": ""controlled"", ""subject"": 108, ""K"": 3, ""intensity"": ""any"", ""mask"": ""state"", ""r"": 0, ""oracles"": [""hmc_in"", ""pmc_pair""], ""quick"": false}"
controlled,26.9759,12.2875,True,"{""task"": ""controlled"", ""subject"": 108, ""K"": 3, ""intensity"": ""any"", ""mask"": ""state"", ""r"": 1, ""oracles"": [""hmc_in"", ""pmc_pair""], ""quick"": false}"
controlled,27.496,12.4395,True,"{""task"": ""controlled"", ""subject"": 108, ""K"": 3, ""intensity"": ""any"", ""mask"": ""state"", ""r"": 2, ""oracles"": [""hmc_in"", ""pmc_pair""], ""quick"": false}"
controlled,26.8795,12.3998,True,"{""task"": ""controlled"", ""subject"": 108, ""K"": 3, ""intensity"": ""any"", ""mask"": ""state"", ""r"": 3, ""oracles"": [""hmc_in"", ""pmc_pair""], ""quick"": false}"
controlled,25.2234,11.6509,True,"{""task"": ""controlled"", ""subject"": 108, ""K"": 3, ""intensity"": ""any"", ""mask"": ""state"", ""r"": 4, ""oracles"": [""hmc_in"", ""pmc_pair""], ""quick"": false}"
controlled,25.3066,11.7653,True,"{""task"": ""controlled"", ""subject"": 108, ""K"": 3, ""intensity"": ""any"", ""mask"": ""state-markov"", ""r"": 0, ""oracles"": [""hmc_in"", ""pmc_pair""], ""quick"": false}"
controlled,24.5713,11.5689,True,"{""task"": ""controlled"", ""subject"": 108, ""K"": 3, ""intensity"": ""any"", ""mask"": ""state-markov"", ""r"": 1, ""oracles"": [""hmc_in"", ""pmc_pair""], ""quick"": false}"
controlled,24.1108,11.3227,True,"{""task"": ""controlled"", ""subject"": 108, ""K"": 3, ""intensity"": ""any"", ""mask"": ""state-markov"", ""r"": 2, ""oracles"": [""hmc_in"", ""pmc_pair""], ""quick"": false}"
controlled,24.3134,11.485,True,"{""task"": ""controlled"", ""subject"": 108, ""K"": 3, ""intensity"": ""any"", ""mask"": ""state-markov"", ""r"": 3, ""oracles"": [""hmc_in"", ""pmc_pair""], ""quick"": false}"
controlled,23.9977,11.3771,True,"{""task"": ""controlled"", ""subject"": 108, ""K"": 3, ""intensity"": ""any"", ""mask"": ""state-markov"", ""r"": 4, ""oracles"": [""hmc_in"", ""pmc_pair""], ""quick"": false}"
controlled,15.1894,7.27223,True,"{""task"": ""controlled"", ""subject"": 105, ""K"": 2, ""intensity"": ""ge10"", ""mask"": ""state"", ""r"": 0, ""oracles"": [""hmc_in""], ""quick"": false}"
controlled,15.5615,7.30607,True,"{""task"": ""controlled"", ""subject"": 105, ""K"": 2, ""intensity"": ""ge10"", ""mask"": ""state"", ""r"": 1, ""oracles"": [""hmc_in""], ""quick"": false}"
controlled,15.3131,7.03391,True,"{""task"": ""controlled"", ""subject"": 105, ""K"": 2, ""intensity"": ""ge10"", ""mask"": ""state"", ""r"": 2, ""oracles"": [""hmc_in""], ""quick"": false}"
controlled,11.1071,5.01762,True,"{""task"": ""controlled"", ""subject"": 105, ""K"": 2, ""intensity"": ""ge10"", ""mask"": ""state"", ""r"": 3, ""oracles"": [""hmc_in""], ""quick"": false}"
controlled,11.2158,5.01738,True,"{""task"": ""controlled"", ""subject"": 105, ""K"": 2, ""intensity"": ""ge10"", ""mask"": ""state"", ""r"": 4, ""oracles"": [""hmc_in""], ""quick"": false}"
controlled,16.5902,7.59219,True,"{""task"": ""controlled"", ""subject"": 105, ""K"": 2, ""intensity"": ""ge10"", ""mask"": ""state-markov"", ""r"": 0, ""oracles"": [""hmc_in""], ""quick"": false}"
controlled,15.9515,7.37133,True,"{""task"": ""controlled"", ""subject"": 105, ""K"": 2, ""intensity"": ""ge10"", ""mask"": ""state-markov"", ""r"": 1, ""oracles"": [""hmc_in""], ""quick"": false}"
controlled,16.2116,7.50727,True,"{""task"": ""controlled"", ""subject"": 105, ""K"": 2, ""intensity"": ""ge10"", ""mask"": ""state-markov"", ""r"": 2, ""oracles"": [""hmc_in""], ""quick"": false}"
controlled,14.7466,6.78929,True,"{""task"": ""controlled"", ""subject"": 105, ""K"": 2, ""intensity"": ""ge10"", ""mask"": ""state-markov"", ""r"": 3, ""oracles"": [""hmc_in""], ""quick"": false}"
controlled,11.2508,5.2364,True,"{""task"": ""controlled"", ""subject"": 105, ""K"": 2, ""intensity"": ""ge10"", ""mask"": ""state-markov"", ""r"": 4, ""oracles"": [""hmc_in""], ""quick"": false}"
controlled,10.0502,4.81729,True,"{""task"": ""controlled"", ""subject"": 105, ""K"": 2, ""intensity"": ""any"", ""mask"": ""state"", ""r"": 0, ""oracles"": [""hmc_in""], ""quick"": false}"
controlled,13.8488,6.5699,True,"{""task"": ""controlled"", ""subject"": 105, ""K"": 2, ""intensity"": ""any"", ""mask"": ""state"", ""r"": 1, ""oracles"": [""hmc_in""], ""quick"": false}"
controlled,14.4659,6.92727,True,"{""task"": ""controlled"", ""subject"": 105, ""K"": 2, ""intensity"": ""any"", ""mask"": ""state"", ""r"": 2, ""oracles"": [""hmc_in""], ""quick"": false}"
controlled,10.3983,4.94188,True,"{""task"": ""controlled"", ""subject"": 105, ""K"": 2, ""intensity"": ""any"", ""mask"": ""state"", ""r"": 3, ""oracles"": [""hmc_in""], ""quick"": false}"
controlled,12.5416,5.98504,True,"{""task"": ""controlled"", ""subject"": 105, ""K"": 2, ""intensity"": ""any"", ""mask"": ""state"", ""r"": 4, ""oracles"": [""hmc_in""], ""quick"": false}"
controlled,13.2506,6.35513,True,"{""task"": ""controlled"", ""subject"": 105, ""K"": 2, ""intensity"": ""any"", ""mask"": ""state-markov"", ""r"": 0, ""oracles"": [""hmc_in""], ""quick"": false}"
controlled,13.2578,6.32479,True,"{""task"": ""controlled"", ""subject"": 105, ""K"": 2, ""intensity"": ""any"", ""mask"": ""state-markov"", ""r"": 1, ""oracles"": [""hmc_in""], ""quick"": false}"
controlled,12.0563,5.77553,True,"{""task"": ""controlled"", ""subject"": 105, ""K"": 2, ""intensity"": ""any"", ""mask"": ""state-markov"", ""r"": 2, ""oracles"": [""hmc_in""], ""quick"": false}"
controlled,13.1739,6.22048,True,"{""task"": ""controlled"", ""subject"": 105, ""K"": 2, ""intensity"": ""any"", ""mask"": ""state-markov"", ""r"": 3, ""oracles"": [""hmc_in""], ""quick"": false}"
controlled,13.4829,6.1378,True,"{""task"": ""controlled"", ""subject"": 105, ""K"": 2, ""intensity"": ""any"", ""mask"": ""state-markov"", ""r"": 4, ""oracles"": [""hmc_in""], ""quick"": false}"
controlled,22.5276,10.3399,True,"{""task"": ""controlled"", ""subject"": 105, ""K"": 3, ""intensity"": ""ge10"", ""mask"": ""state"", ""r"": 0, ""oracles"": [""hmc_in"", ""pmc_pair""], ""quick"": false}"
controlled,24.5377,11.2874,True,"{""task"": ""controlled"", ""subject"": 105, ""K"": 3, ""intensity"": ""ge10"", ""mask"": ""state"", ""r"": 1, ""oracles"": [""hmc_in"", ""pmc_pair""], ""quick"": false}"
controlled,21.6753,9.87618,True,"{""task"": ""controlled"", ""subject"": 105, ""K"": 3, ""intensity"": ""ge10"", ""mask"": ""state"", ""r"": 2, ""oracles"": [""hmc_in"", ""pmc_pair""], ""quick"": false}"
controlled,22.774,10.6509,True,"{""task"": ""controlled"", ""subject"": 105, ""K"": 3, ""intensity"": ""ge10"", ""mask"": ""state"", ""r"": 3, ""oracles"": [""hmc_in"", ""pmc_pair""], ""quick"": false}"
controlled,22.3067,10.3789,True,"{""task"": ""controlled"", ""subject"": 105, ""K"": 3, ""intensity"": ""ge10"", ""mask"": ""state"", ""r"": 4, ""oracles"": [""hmc_in"", ""pmc_pair""], ""quick"": false}"
controlled,21.3904,9.99414,True,"{""task"": ""controlled"", ""subject"": 105, ""K"": 3, ""intensity"": ""ge10"", ""mask"": ""state-markov"", ""r"": 0, ""oracles"": [""hmc_in"", ""pmc_pair""], ""quick"": false}"
controlled,19.7435,9.26428,True,"{""task"": ""controlled"", ""subject"": 105, ""K"": 3, ""intensity"": ""ge10"", ""mask"": ""state-markov"", ""r"": 1, ""oracles"": [""hmc_in"", ""pmc_pair""], ""quick"": false}"
controlled,20.7138,9.68252,True,"{""task"": ""controlled"", ""subject"": 105, ""K"": 3, ""intensity"": ""ge10"", ""mask"": ""state-markov"", ""r"": 2, ""oracles"": [""hmc_in"", ""pmc_pair""], ""quick"": false}"
controlled,21.0574,9.89635,True,"{""task"": ""controlled"", ""subject"": 105, ""K"": 3, ""intensity"": ""ge10"", ""mask"": ""state-markov"", ""r"": 3, ""oracles"": [""hmc_in"", ""pmc_pair""], ""quick"": false}"
controlled,21.2702,9.97084,True,"{""task"": ""controlled"", ""subject"": 105, ""K"": 3, ""intensity"": ""ge10"", ""mask"": ""state-markov"", ""r"": 4, ""oracles"": [""hmc_in"", ""pmc_pair""], ""quick"": false}"
controlled,24.2122,11.3408,True,"{""task"": ""controlled"", ""subject"": 105, ""K"": 3, ""intensity"": ""any"", ""mask"": ""state"", ""r"": 0, ""oracles"": [""hmc_in"", ""pmc_pair""], ""quick"": false}"
controlled,22.5206,10.5942,True,"{""task"": ""controlled"", ""subject"": 105, ""K"": 3, ""intensity"": ""any"", ""mask"": ""state"", ""r"": 1, ""oracles"": [""hmc_in"", ""pmc_pair""], ""quick"": false}"
controlled,25.4069,11.9377,True,"{""task"": ""controlled"", ""subject"": 105, ""K"": 3, ""intensity"": ""any"", ""mask"": ""state"", ""r"": 2, ""oracles"": [""hmc_in"", ""pmc_pair""], ""quick"": false}"
controlled,25.03,11.7507,True,"{""task"": ""controlled"", ""subject"": 105, ""K"": 3, ""intensity"": ""any"", ""mask"": ""state"", ""r"": 3, ""oracles"": [""hmc_in"", ""pmc_pair""], ""quick"": false}"
controlled,23.6374,11.0196,True,"{""task"": ""controlled"", ""subject"": 105, ""K"": 3, ""intensity"": ""any"", ""mask"": ""state"", ""r"": 4, ""oracles"": [""hmc_in"", ""pmc_pair""], ""quick"": false}"
controlled,24.6586,11.4725,True,"{""task"": ""controlled"", ""subject"": 105, ""K"": 3, ""intensity"": ""any"", ""mask"": ""state-markov"", ""r"": 0, ""oracles"": [""hmc_in"", ""pmc_pair""], ""quick"": false}"
controlled,21.1107,10.0021,True,"{""task"": ""controlled"", ""subject"": 105, ""K"": 3, ""intensity"": ""any"", ""mask"": ""state-markov"", ""r"": 1, ""oracles"": [""hmc_in"", ""pmc_pair""], ""quick"": false}"
controlled,20.9669,9.95803,True,"{""task"": ""controlled"", ""subject"": 105, ""K"": 3, ""intensity"": ""any"", ""mask"": ""state-markov"", ""r"": 2, ""oracles"": [""hmc_in"", ""pmc_pair""], ""quick"": false}"
controlled,20.1422,9.66326,True,"{""task"": ""controlled"", ""subject"": 105, ""K"": 3, ""intensity"": ""any"", ""mask"": ""state-markov"", ""r"": 3, ""oracles"": [""hmc_in"", ""pmc_pair""], ""quick"": false}"
controlled,20.7254,10.0828,True,"{""task"": ""controlled"", ""subject"": 105, ""K"": 3, ""intensity"": ""any"", ""mask"": ""state-markov"", ""r"": 4, ""oracles"": [""hmc_in"", ""pmc_pair""], ""quick"": false}"
test,2.40155,2.30456,True,"{""task"": ""test"", ""subject"": 102, ""K"": 2, ""rule"": ""ge10"", ""model"": ""hmc_in"", ""alternative"": ""state"", ""null"": ""common"", ""B"": 0, ""statistic"": ""profile"", ""quick"": false}"
test,6.26962,5.82265,True,"{""task"": ""test"", ""subject"": 102, ""K"": 2, ""rule"": ""ge10"", ""model"": ""hmc_in"", ""alternative"": ""state-markov"", ""null"": ""common"", ""B"": 0, ""statistic"": ""profile"", ""quick"": false}"
test,6.6669,6.26457,True,"{""task"": ""test"", ""subject"": 102, ""K"": 2, ""rule"": ""ge10"", ""model"": ""hmc_in"", ""alternative"": ""state-markov"", ""null"": ""state"", ""B"": 0, ""statistic"": ""profile"", ""quick"": false}"
test,4.41678,4.14792,True,"{""task"": ""test"", ""subject"": 102, ""K"": 2, ""rule"": ""any"", ""model"": ""hmc_in"", ""alternative"": ""state"", ""null"": ""common"", ""B"": 0, ""statistic"": ""profile"", ""quick"": false}"
test,4.08588,3.84218,True,"{""task"": ""test"", ""subject"": 102, ""K"": 2, ""rule"": ""any"", ""model"": ""hmc_in"", ""alternative"": ""state-markov"", ""null"": ""common"", ""B"": 0, ""statistic"": ""profile"", ""quick"": false}"
test,5.56728,5.30363,True,"{""task"": ""test"", ""subject"": 102, ""K"": 2, ""rule"": ""any"", ""model"": ""hmc_in"", ""alternative"": ""state-markov"", ""null"": ""state"", ""B"": 0, ""statistic"": ""profile"", ""quick"": false}"
test,4.71366,4.3808,True,"{""task"": ""test"", ""subject"": 102, ""K"": 3, ""rule"": ""ge10"", ""model"": ""hmc_in"", ""alternative"": ""state"", ""null"": ""common"", ""B"": 0, ""statistic"": ""profile"", ""quick"": false}"
test,5.20871,4.74481,True,"{""task"": ""test"", ""subject"": 102, ""K"": 3, ""rule"": ""ge10"", ""model"": ""hmc_in"", ""alternative"": ""state-markov"", ""null"": ""common"", ""B"": 0, ""statistic"": ""profile"", ""quick"": false}"
test,6.37069,6.00717,True,"{""task"": ""test"", ""subject"": 102, ""K"": 3, ""rule"": ""ge10"", ""model"": ""hmc_in"", ""alternative"": ""state-markov"", ""null"": ""state"", ""B"": 0, ""statistic"": ""profile"", ""quick"": false}"
test,4.76324,4.50082,True,"{""task"": ""test"", ""subject"": 102, ""K"": 3, ""rule"": ""any"", ""model"": ""hmc_in"", ""alternative"": ""state"", ""null"": ""common"", ""B"": 0, ""statistic"": ""profile"", ""quick"": false}"
test,4.6966,4.45016,True,"{""task"": ""test"", ""subject"": 102, ""K"": 3, ""rule"": ""any"", ""model"": ""hmc_in"", ""alternative"": ""state-markov"", ""null"": ""common"", ""B"": 0, ""statistic"": ""profile"", ""quick"": false}"
test,5.28837,5.0121,True,"{""task"": ""test"", ""subject"": 102, ""K"": 3, ""rule"": ""any"", ""model"": ""hmc_in"", ""alternative"": ""state-markov"", ""null"": ""state"", ""B"": 0, ""statistic"": ""profile"", ""quick"": false}"
test,3.40526,3.18401,True,"{""task"": ""test"", ""subject"": 108, ""K"": 2, ""rule"": ""any"", ""model"": ""hmc_in"", ""alternative"": ""state"", ""null"": ""common"", ""B"": 0, ""statistic"": ""profile"", ""quick"": false}"
test,3.67944,3.51201,True,"{""task"": ""test"", ""subject"": 108, ""K"": 2, ""rule"": ""any"", ""model"": ""hmc_in"", ""alternative"": ""state-markov"", ""null"": ""common"", ""B"": 0, ""statistic"": ""profile"", ""quick"": false}"
test,3.98024,3.74877,True,"{""task"": ""test"", ""subject"": 108, ""K"": 2, ""rule"": ""any"", ""model"": ""hmc_in"", ""alternative"": ""state-markov"", ""null"": ""state"", ""B"": 0, ""statistic"": ""profile"", ""quick"": false}"
test,3.52806,3.28208,True,"{""task"": ""test"", ""subject"": 108, ""K"": 3, ""rule"": ""any"", ""model"": ""hmc_in"", ""alternative"": ""state"", ""null"": ""common"", ""B"": 0, ""statistic"": ""profile"", ""quick"": false}"
test,3.25905,3.03647,True,"{""task"": ""test"", ""subject"": 108, ""K"": 3, ""rule"": ""any"", ""model"": ""hmc_in"", ""alternative"": ""state-markov"", ""null"": ""common"", ""B"": 0, ""statistic"": ""profile"", ""quick"": false}"
test,4.26241,3.5838,True,"{""task"": ""test"", ""subject"": 108, ""K"": 3, ""rule"": ""any"", ""model"": ""hmc_in"", ""alternative"": ""state-markov"", ""null"": ""state"", ""B"": 0, ""statistic"": ""profile"", ""quick"": false}"
test,3.56657,2.79427,True,"{""task"": ""test"", ""subject"": 105, ""K"": 2, ""rule"": ""ge10"", ""model"": ""hmc_in"", ""alternative"": ""state"", ""null"": ""common"", ""B"": 0, ""statistic"": ""profile"", ""quick"": false}"
test,3.87616,3.03541,True,"{""task"": ""test"", ""subject"": 105, ""K"": 2, ""rule"": ""ge10"", ""model"": ""hmc_in"", ""alternative"": ""state-markov"", ""null"": ""common"", ""B"": 0, ""statistic"": ""profile"", ""quick"": false}"
test,3.97155,3.12879,True,"{""task"": ""test"", ""subject"": 105, ""K"": 2, ""rule"": ""ge10"", ""model"": ""hmc_in"", ""alternative"": ""state-markov"", ""null"": ""state"", ""B"": 0, ""statistic"": ""profile"", ""quick"": false}"
test,3.10449,2.56337,True,"{""task"": ""test"", ""subject"": 105, ""K"": 2, ""rule"": ""any"", ""model"": ""hmc_in"", ""alternative"": ""state"", ""null"": ""common"", ""B"": 0, ""statistic"": ""profile"", ""quick"": false}"
test,2.83005,2.47078,True,"{""task"": ""test"", ""subject"": 105, ""K"": 2, ""rule"": ""any"", ""model"": ""hmc_in"", ""alternative"": ""state-markov"", ""null"": ""common"", ""B"": 0, ""statistic"": ""profile"", ""quick"": false}"
test,3.50814,3.27721,True,"{""task"": ""test"", ""subject"": 105, ""K"": 2, ""rule"": ""any"", ""model"": ""hmc_in"", ""alternative"": ""state-markov"", ""null"": ""state"", ""B"": 0, ""statistic"": ""profile"", ""quick"": false}"
test,4.8073,4.42717,True,"{""task"": ""test"", ""subject"": 105, ""K"": 3, ""rule"": ""ge10"", ""model"": ""hmc_in"", ""alternative"": ""state"", ""null"": ""common"", ""B"": 0, ""statistic"": ""profile"", ""quick"": false}"
test,4.83203,4.45629,True,"{""task"": ""test"", ""subject"": 105, ""K"": 3, ""rule"": ""ge10"", ""model"": ""hmc_in"", ""alternative"": ""state-markov"", ""null"": ""common"", ""B"": 0, ""statistic"": ""profile"", ""quick"": false}"
test,4.74044,4.44562,True,"{""task"": ""test"", ""subject"": 105, ""K"": 3, ""rule"": ""ge10"", ""model"": ""hmc_in"", ""alternative"": ""state-markov"", ""null"": ""state"", ""B"": 0, ""statistic"": ""profile"", ""quick"": false}"
test,3.42501,3.18692,True,"{""task"": ""test"", ""subject"": 105, ""K"": 3, ""rule"": ""any"", ""model"": ""hmc_in"", ""alternative"": ""state"", ""null"": ""common"", ""B"": 0, ""statistic"": ""profile"", ""quick"": false}"
test,3.04683,2.8744,True,"{""task"": ""test"", ""subject"": 105, ""K"": 3, ""rule"": ""any"", ""model"": ""hmc_in"", ""alternative"": ""state-markov"", ""null"": ""common"", ""B"": 0, ""statistic"": ""profile"", ""quick"": false}"
test,4.20097,4.01325,True,"{""task"": ""test"", ""subject"": 105, ""K"": 3, ""rule"": ""any"", ""model"": ""hmc_in"", ""alternative"": ""state-markov"", ""null"": ""state"", ""B"": 0, ""statistic"": ""profile"", ""quick"": false}"
real,0.26388,0.239478,True,"{""task"": ""real"", ""what"": ""oracle"", ""by_activity"": true, ""subject"": 102, ""K"": 2, ""rule"": ""ge10"", ""model"": ""hmc_in"", ""quick"": false}"
real,0.824176,0.632859,True,"{""task"": ""real"", ""what"": ""oracle"", ""by_activity"": true, ""subject"": 102, ""K"": 2, ""rule"": ""ge10"", ""model"": ""pmc_pair"", ""quick"": false}"
real,1.70145,0.824121,True,"{""task"": ""real"", ""what"": ""fit"", ""subject"": 102, ""K"": 2, ""rule"": ""ge10"", ""model"": ""hmc_in"", ""mechanism"": ""ignorable"", ""start"": 0, ""quick"": false}"
real,1.97726,0.971235,True,"{""task"": ""real"", ""what"": ""fit"", ""subject"": 102, ""K"": 2, ""rule"": ""ge10"", ""model"": ""hmc_in"", ""mechanism"": ""ignorable"", ""start"": 1, ""quick"": false}"
real,1.74722,0.86049,True,"{""task"": ""real"", ""what"": ""fit"", ""subject"": 102, ""K"": 2, ""rule"": ""ge10"", ""model"": ""hmc_in"", ""mechanism"": ""ignorable"", ""start"": 2, ""quick"": false}"
real,0.639994,0.312874,True,"{""task"": ""real"", ""what"": ""fit"", ""subject"": 102, ""K"": 2, ""rule"": ""ge10"", ""model"": ""hmc_in"", ""mechanism"": ""state"", ""start"": 0, ""quick"": false}"
real,0.915698,0.449648,True,"{""task"": ""real"", ""what"": ""fit"", ""subject"": 102, ""K"": 2, ""rule"": ""ge10"", ""model"": ""hmc_in"", ""mechanism"": ""state"", ""start"": 1, ""quick"": false}"
real,0.705662,0.357512,True,"{""task"": ""real"", ""what"": ""fit"", ""subject"": 102, ""K"": 2, ""rule"": ""ge10"", ""model"": ""hmc_in"", ""mechanism"": ""state"", ""start"": 2, ""quick"": false}"
real,0.635471,0.318165,True,"{""task"": ""real"", ""what"": ""fit"", ""subject"": 102, ""K"": 2, ""rule"": ""ge10"", ""model"": ""hmc_in"", ""mechanism"": ""state-markov"", ""start"": 0, ""quick"": false}"
real,0.796642,0.396005,True,"{""task"": ""real"", ""what"": ""fit"", ""subject"": 102, ""K"": 2, ""rule"": ""ge10"", ""model"": ""hmc_in"", ""mechanism"": ""state-markov"", ""start"": 1, ""quick"": false}"
real,0.671407,0.324578,True,"{""task"": ""real"", ""what"": ""fit"", ""subject"": 102, ""K"": 2, ""rule"": ""ge10"", ""model"": ""hmc_in"", ""mechanism"": ""state-markov"", ""start"": 2, ""quick"": false}"
real,0.287672,0.253277,True,"{""task"": ""real"", ""what"": ""oracle"", ""by_activity"": true, ""subject"": 102, ""K"": 2, ""rule"": ""any"", ""model"": ""hmc_in"", ""quick"": false}"
real,0.972211,0.741359,True,"{""task"": ""real"", ""what"": ""oracle"", ""by_activity"": true, ""subject"": 102, ""K"": 2, ""rule"": ""any"", ""model"": ""pmc_pair"", ""quick"": false}"
real,2.17661,1.07335,True,"{""task"": ""real"", ""what"": ""fit"", ""subject"": 102, ""K"": 2, ""rule"": ""any"", ""model"": ""hmc_in"", ""mechanism"": ""ignorable"", ""start"": 0, ""quick"": false}"
real,3.74605,1.82654,True,"{""task"": ""real"", ""what"": ""fit"", ""subject"": 102, ""K"": 2, ""rule"": ""any"", ""model"": ""hmc_in"", ""mechanism"": ""ignorable"", ""start"": 1, ""quick"": false}"
real,2.4682,1.20614,True,"{""task"": ""real"", ""what"": ""fit"", ""subject"": 102, ""K"": 2, ""rule"": ""any"", ""model"": ""hmc_in"", ""mechanism"": ""ignorable"", ""start"": 2, ""quick"": false}"
real,0.766638,0.375375,True,"{""task"": ""real"", ""what"": ""fit"", ""subject"": 102, ""K"": 2, ""rule"": ""any"", ""model"": ""hmc_in"", ""mechanism"": ""state"", ""start"": 0, ""quick"": false}"
real,0.826604,0.395693,True,"{""task"": ""real"", ""what"": ""fit"", ""subject"": 102, ""K"": 2, ""rule"": ""any"", ""model"": ""hmc_in"", ""mechanism"": ""state"", ""start"": 1, ""quick"": false}"
real,0.704765,0.333523,True,"{""task"": ""real"", ""what"": ""fit"", ""subject"": 102, ""K"": 2, ""rule"": ""any"", ""model"": ""hmc_in"", ""mechanism"": ""state"", ""start"": 2, ""quick"": false}"
real,0.764277,0.371827,True,"{""task"": ""real"", ""what"": ""fit"", ""subject"": 102, ""K"": 2, ""rule"": ""any"", ""model"": ""hmc_in"", ""mechanism"": ""state-markov"", ""start"": 0, ""quick"": false}"
real,0.783075,0.360117,True,"{""task"": ""real"", ""what"": ""fit"", ""subject"": 102, ""K"": 2, ""rule"": ""any"", ""model"": ""hmc_in"", ""mechanism"": ""state-markov"", ""start"": 1, ""quick"": false}"
real,0.723904,0.344986,True,"{""task"": ""real"", ""what"": ""fit"", ""subject"": 102, ""K"": 2, ""rule"": ""any"", ""model"": ""hmc_in"", ""mechanism"": ""state-markov"", ""start"": 2, ""quick"": false}"
real,0.306839,0.217581,True,"{""task"": ""real"", ""what"": ""oracle"", ""by_activity"": true, ""subject"": 102, ""K"": 3, ""rule"": ""ge10"", ""model"": ""hmc_in"", ""quick"": false}"
real,1.07348,0.799188,True,"{""task"": ""real"", ""what"": ""oracle"", ""by_activity"": true, ""subject"": 102, ""K"": 3, ""rule"": ""ge10"", ""model"": ""pmc_pair"", ""quick"": false}"
real,2.57707,1.28045,True,"{""task"": ""real"", ""what"": ""fit"", ""subject"": 102, ""K"": 3, ""rule"": ""ge10"", ""model"": ""hmc_in"", ""mechanism"": ""ignorable"", ""start"": 0, ""quick"": false}"
real,2.57193,1.25436,True,"{""task"": ""real"", ""what"": ""fit"", ""subject"": 102, ""K"": 3, ""rule"": ""ge10"", ""model"": ""hmc_in"", ""mechanism"": ""ignorable"", ""start"": 1, ""quick"": false}"
real,2.61821,1.29364,True,"{""task"": ""real"", ""what"": ""fit"", ""subject"": 102, ""K"": 3, ""rule"": ""ge10"", ""model"": ""hmc_in"", ""mechanism"": ""ignorable"", ""start"": 2, ""quick"": false}"
real,1.54323,0.754148,True,"{""task"": ""real"", ""what"": ""fit"", ""subject"": 102, ""K"": 3, ""rule"": ""ge10"", ""model"": ""hmc_in"", ""mechanism"": ""state"", ""start"": 0, ""quick"": false}"
real,1.60738,0.795793,True,"{""task"": ""real"", ""what"": ""fit"", ""subject"": 102, ""K"": 3, ""rule"": ""ge10"", ""model"": ""hmc_in"", ""mechanism"": ""state"", ""start"": 1, ""quick"": false}"
real,1.50327,0.750416,True,"{""task"": ""real"", ""what"": ""fit"", ""subject"": 102, ""K"": 3, ""rule"": ""ge10"", ""model"": ""hmc_in"", ""mechanism"": ""state"", ""start"": 2, ""quick"": false}"
real,1.5375,0.761137,True,"{""task"": ""real"", ""what"": ""fit"", ""subject"": 102, ""K"": 3, ""rule"": ""ge10"", ""model"": ""hmc_in"", ""mechanism"": ""state-markov"", ""start"": 0, ""quick"": false}"
real,1.7314,0.842368,True,"{""task"": ""real"", ""what"": ""fit"", ""subject"": 102, ""K"": 3, ""rule"": ""ge10"", ""model"": ""hmc_in"", ""mechanism"": ""state-markov"", ""start"": 1, ""quick"": false}"
real,1.55189,0.761764,True,"{""task"": ""real"", ""what"": ""fit"", ""subject"": 102, ""K"": 3, ""rule"": ""ge10"", ""model"": ""hmc_in"", ""mechanism"": ""state-markov"", ""start"": 2, ""quick"": false}"
real,0.246642,0.180041,True,"{""task"": ""real"", ""what"": ""oracle"", ""by_activity"": true, ""subject"": 102, ""K"": 3, ""rule"": ""any"", ""model"": ""hmc_in"", ""quick"": false}"
real,1.08223,0.760157,True,"{""task"": ""real"", ""what"": ""oracle"", ""by_activity"": true, ""subject"": 102, ""K"": 3, ""rule"": ""any"", ""model"": ""pmc_pair"", ""quick"": false}"
real,2.67921,1.28595,True,"{""task"": ""real"", ""what"": ""fit"", ""subject"": 102, ""K"": 3, ""rule"": ""any"", ""model"": ""hmc_in"", ""mechanism"": ""ignorable"", ""start"": 0, ""quick"": false}"
real,3.05885,1.47134,True,"{""task"": ""real"", ""what"": ""fit"", ""subject"": 102, ""K"": 3, ""rule"": ""any"", ""model"": ""hmc_in"", ""mechanism"": ""ignorable"", ""start"": 1, ""quick"": false}"
real,2.94341,1.42765,True,"{""task"": ""real"", ""what"": ""fit"", ""subject"": 102, ""K"": 3, ""rule"": ""any"", ""model"": ""hmc_in"", ""mechanism"": ""ignorable"", ""start"": 2, ""quick"": false}"
real,1.42054,0.697658,True,"{""task"": ""real"", ""what"": ""fit"", ""subject"": 102, ""K"": 3, ""rule"": ""any"", ""model"": ""hmc_in"", ""mechanism"": ""state"", ""start"": 0, ""quick"": false}"
real,1.5663,0.752831,True,"{""task"": ""real"", ""what"": ""fit"", ""subject"": 102, ""K"": 3, ""rule"": ""any"", ""model"": ""hmc_in"", ""mechanism"": ""state"", ""start"": 1, ""quick"": false}"
real,1.2831,0.617554,True,"{""task"": ""real"", ""what"": ""fit"", ""subject"": 102, ""K"": 3, ""rule"": ""any"", ""model"": ""hmc_in"", ""mechanism"": ""state"", ""start"": 2, ""quick"": false}"
real,1.45844,0.707886,True,"{""task"": ""real"", ""what"": ""fit"", ""subject"": 102, ""K"": 3, ""rule"": ""any"", ""model"": ""hmc_in"", ""mechanism"": ""state-markov"", ""start"": 0, ""quick"": false}"
real,1.48478,0.731897,True,"{""task"": ""real"", ""what"": ""fit"", ""subject"": 102, ""K"": 3, ""rule"": ""any"", ""model"": ""hmc_in"", ""mechanism"": ""state-markov"", ""start"": 1, ""quick"": false}"
real,1.48225,0.720848,True,"{""task"": ""real"", ""what"": ""fit"", ""subject"": 102, ""K"": 3, ""rule"": ""any"", ""model"": ""hmc_in"", ""mechanism"": ""state-markov"", ""start"": 2, ""quick"": false}"
real,0.367454,0.267331,True,"{""task"": ""real"", ""what"": ""oracle"", ""by_activity"": true, ""subject"": 108, ""K"": 2, ""rule"": ""ge10"", ""model"": ""hmc_in"", ""quick"": false}"
real,0.778442,0.552988,True,"{""task"": ""real"", ""what"": ""oracle"", ""by_activity"": true, ""subject"": 108, ""K"": 2, ""rule"": ""ge10"", ""model"": ""pmc_pair"", ""quick"": false}"
real,3.13342,1.53916,True,"{""task"": ""real"", ""what"": ""fit"", ""subject"": 108, ""K"": 2, ""rule"": ""ge10"", ""model"": ""hmc_in"", ""mechanism"": ""ignorable"", ""start"": 0, ""quick"": false}"
real,2.7584,1.35333,True,"{""task"": ""real"", ""what"": ""fit"", ""subject"": 108, ""K"": 2, ""rule"": ""ge10"", ""model"": ""hmc_in"", ""mechanism"": ""ignorable"", ""start"": 1, ""quick"": false}"
real,3.14467,1.51363,True,"{""task"": ""real"", ""what"": ""fit"", ""subject"": 108, ""K"": 2, ""rule"": ""ge10"", ""model"": ""hmc_in"", ""mechanism"": ""ignorable"", ""start"": 2, ""quick"": false}"
real,2.19222,1.08096,True,"{""task"": ""real"", ""what"": ""fit"", ""subject"": 108, ""K"": 2, ""rule"": ""ge10"", ""model"": ""hmc_in"", ""mechanism"": ""state"", ""start"": 0, ""quick"": false}"
real,1.92892,1.01625,True,"{""task"": ""real"", ""what"": ""fit"", ""subject"": 108, ""K"": 2, ""rule"": ""ge10"", ""model"": ""hmc_in"", ""mechanism"": ""state"", ""start"": 1, ""quick"": false}"
real,1.95258,1.12133,True,"{""task"": ""real"", ""what"": ""fit"", ""subject"": 108, ""K"": 2, ""rule"": ""ge10"", ""model"": ""hmc_in"", ""mechanism"": ""state"", ""start"": 2, ""quick"": false}"
real,1.7884,1.01604,True,"{""task"": ""real"", ""what"": ""fit"", ""subject"": 108, ""K"": 2, ""rule"": ""ge10"", ""model"": ""hmc_in"", ""mechanism"": ""state-markov"", ""start"": 0, ""quick"": false}"
real,1.84791,1.04179,True,"{""task"": ""real"", ""what"": ""fit"", ""subject"": 108, ""K"": 2, ""rule"": ""ge10"", ""model"": ""hmc_in"", ""mechanism"": ""state-markov"", ""start"": 1, ""quick"": false}"
real,1.76607,1.10187,True,"{""task"": ""real"", ""what"": ""fit"", ""subject"": 108, ""K"": 2, ""rule"": ""ge10"", ""model"": ""hmc_in"", ""mechanism"": ""state-markov"", ""start"": 2, ""quick"": false}"
real,0.392421,0.286877,True,"{""task"": ""real"", ""what"": ""oracle"", ""by_activity"": true, ""subject"": 108, ""K"": 2, ""rule"": ""any"", ""model"": ""hmc_in"", ""quick"": false}"
real,1.10055,0.792623,True,"{""task"": ""real"", ""what"": ""oracle"", ""by_activity"": true, ""subject"": 108, ""K"": 2, ""rule"": ""any"", ""model"": ""pmc_pair"", ""quick"": false}"
real,2.50521,1.49772,True,"{""task"": ""real"", ""what"": ""fit"", ""subject"": 108, ""K"": 2, ""rule"": ""any"", ""model"": ""hmc_in"", ""mechanism"": ""ignorable"", ""start"": 0, ""quick"": false}"
real,2.5257,1.57952,True,"{""task"": ""real"", ""what"": ""fit"", ""subject"": 108, ""K"": 2, ""rule"": ""any"", ""model"": ""hmc_in"", ""mechanism"": ""ignorable"", ""start"": 1, ""quick"": false}"
real,2.69157,1.60468,True,"{""task"": ""real"", ""what"": ""fit"", ""subject"": 108, ""K"": 2, ""rule"": ""any"", ""model"": ""hmc_in"", ""mechanism"": ""ignorable"", ""start"": 2, ""quick"": false}"
real,1.84993,1.18393,True,"{""task"": ""real"", ""what"": ""fit"", ""subject"": 108, ""K"": 2, ""rule"": ""any"", ""model"": ""hmc_in"", ""mechanism"": ""state"", ""start"": 0, ""quick"": false}"
real,1.7163,1.07026,True,"{""task"": ""real"", ""what"": ""fit"", ""subject"": 108, ""K"": 2, ""rule"": ""any"", ""model"": ""hmc_in"", ""mechanism"": ""state"", ""start"": 1, ""quick"": false}"
real,1.86784,1.19142,True,"{""task"": ""real"", ""what"": ""fit"", ""subject"": 108, ""K"": 2, ""rule"": ""any"", ""model"": ""hmc_in"", ""mechanism"": ""state"", ""start"": 2, ""quick"": false}"
real,2.01198,1.06594,True,"{""task"": ""real"", ""what"": ""fit"", ""subject"": 108, ""K"": 2, ""rule"": ""any"", ""model"": ""hmc_in"", ""mechanism"": ""state-markov"", ""start"": 0, ""quick"": false}"
real,1.9756,1.09357,True,"{""task"": ""real"", ""what"": ""fit"", ""subject"": 108, ""K"": 2, ""rule"": ""any"", ""model"": ""hmc_in"", ""mechanism"": ""state-markov"", ""start"": 1, ""quick"": false}"
real,1.80989,1.05596,True,"{""task"": ""real"", ""what"": ""fit"", ""subject"": 108, ""K"": 2, ""rule"": ""any"", ""model"": ""hmc_in"", ""mechanism"": ""state-markov"", ""start"": 2, ""quick"": false}"
real,0.279477,0.188845,True,"{""task"": ""real"", ""what"": ""oracle"", ""by_activity"": true, ""subject"": 108, ""K"": 3, ""rule"": ""ge10"", ""model"": ""hmc_in"", ""quick"": false}"
real,1.06267,0.799515,True,"{""task"": ""real"", ""what"": ""oracle"", ""by_activity"": true, ""subject"": 108, ""K"": 3, ""rule"": ""ge10"", ""model"": ""pmc_pair"", ""quick"": false}"
real,2.80882,1.50607,True,"{""task"": ""real"", ""what"": ""fit"", ""subject"": 108, ""K"": 3, ""rule"": ""ge10"", ""model"": ""hmc_in"", ""mechanism"": ""ignorable"", ""start"": 0, ""quick"": false}"
real,2.89332,1.48724,True,"{""task"": ""real"", ""what"": ""fit"", ""subject"": 108, ""K"": 3, ""rule"": ""ge10"", ""model"": ""hmc_in"", ""mechanism"": ""ignorable"", ""start"": 1, ""quick"": false}"
real,2.82473,1.48765,True,"{""task"": ""real"", ""what"": ""fit"", ""subject"": 108, ""K"": 3, ""rule"": ""ge10"", ""model"": ""hmc_in"", ""mechanism"": ""ignorable"", ""start"": 2, ""quick"": false}"
real,2.02773,0.952594,True,"{""task"": ""real"", ""what"": ""fit"", ""subject"": 108, ""K"": 3, ""rule"": ""ge10"", ""model"": ""hmc_in"", ""mechanism"": ""state"", ""start"": 0, ""quick"": false}"
real,2.15282,1.05165,True,"{""task"": ""real"", ""what"": ""fit"", ""subject"": 108, ""K"": 3, ""rule"": ""ge10"", ""model"": ""hmc_in"", ""mechanism"": ""state"", ""start"": 1, ""quick"": false}"
real,1.9947,0.971074,True,"{""task"": ""real"", ""what"": ""fit"", ""subject"": 108, ""K"": 3, ""rule"": ""ge10"", ""model"": ""hmc_in"", ""mechanism"": ""state"", ""start"": 2, ""quick"": false}"
real,2.22464,1.06002,True,"{""task"": ""real"", ""what"": ""fit"", ""subject"": 108, ""K"": 3, ""rule"": ""ge10"", ""model"": ""hmc_in"", ""mechanism"": ""state-markov"", ""start"": 0, ""quick"": false}"
real,2.16668,1.05192,True,"{""task"": ""real"", ""what"": ""fit"", ""subject"": 108, ""K"": 3, ""rule"": ""ge10"", ""model"": ""hmc_in"", ""mechanism"": ""state-markov"", ""start"": 1, ""quick"": false}"
real,2.16103,1.05141,True,"{""task"": ""real"", ""what"": ""fit"", ""subject"": 108, ""K"": 3, ""rule"": ""ge10"", ""model"": ""hmc_in"", ""mechanism"": ""state-markov"", ""start"": 2, ""quick"": false}"
real,0.302806,0.19837,True,"{""task"": ""real"", ""what"": ""oracle"", ""by_activity"": true, ""subject"": 108, ""K"": 3, ""rule"": ""any"", ""model"": ""hmc_in"", ""quick"": false}"
real,1.55606,1.14921,True,"{""task"": ""real"", ""what"": ""oracle"", ""by_activity"": true, ""subject"": 108, ""K"": 3, ""rule"": ""any"", ""model"": ""pmc_pair"", ""quick"": false}"
real,3.24189,1.57512,True,"{""task"": ""real"", ""what"": ""fit"", ""subject"": 108, ""K"": 3, ""rule"": ""any"", ""model"": ""hmc_in"", ""mechanism"": ""ignorable"", ""start"": 0, ""quick"": false}"
real,3.26939,1.59916,True,"{""task"": ""real"", ""what"": ""fit"", ""subject"": 108, ""K"": 3, ""rule"": ""any"", ""model"": ""hmc_in"", ""mechanism"": ""ignorable"", ""start"": 1, ""quick"": false}"
real,3.06437,1.49817,True,"{""task"": ""real"", ""what"": ""fit"", ""subject"": 108, ""K"": 3, ""rule"": ""any"", ""model"": ""hmc_in"", ""mechanism"": ""ignorable"", ""start"": 2, ""quick"": false}"
real,2.16313,1.05412,True,"{""task"": ""real"", ""what"": ""fit"", ""subject"": 108, ""K"": 3, ""rule"": ""any"", ""model"": ""hmc_in"", ""mechanism"": ""state"", ""start"": 0, ""quick"": false}"
real,2.23773,1.09743,True,"{""task"": ""real"", ""what"": ""fit"", ""subject"": 108, ""K"": 3, ""rule"": ""any"", ""model"": ""hmc_in"", ""mechanism"": ""state"", ""start"": 1, ""quick"": false}"
real,2.13473,1.03313,True,"{""task"": ""real"", ""what"": ""fit"", ""subject"": 108, ""K"": 3, ""rule"": ""any"", ""model"": ""hmc_in"", ""mechanism"": ""state"", ""start"": 2, ""quick"": false}"
real,1.96194,0.973404,True,"{""task"": ""real"", ""what"": ""fit"", ""subject"": 108, ""K"": 3, ""rule"": ""any"", ""model"": ""hmc_in"", ""mechanism"": ""state-markov"", ""start"": 0, ""quick"": false}"
real,2.19537,1.00294,True,"{""task"": ""real"", ""what"": ""fit"", ""subject"": 108, ""K"": 3, ""rule"": ""any"", ""model"": ""hmc_in"", ""mechanism"": ""state-markov"", ""start"": 1, ""quick"": false}"
real,2.19902,0.985142,True,"{""task"": ""real"", ""what"": ""fit"", ""subject"": 108, ""K"": 3, ""rule"": ""any"", ""model"": ""hmc_in"", ""mechanism"": ""state-markov"", ""start"": 2, ""quick"": false}"
real,0.239425,0.172622,True,"{""task"": ""real"", ""what"": ""oracle"", ""by_activity"": true, ""subject"": 105, ""K"": 2, ""rule"": ""ge10"", ""model"": ""hmc_in"", ""quick"": false}"
real,0.421264,0.343828,True,"{""task"": ""real"", ""what"": ""oracle"", ""by_activity"": true, ""subject"": 105, ""K"": 2, ""rule"": ""ge10"", ""model"": ""pmc_pair"", ""quick"": false}"
real,3.80872,1.77853,True,"{""task"": ""real"", ""what"": ""fit"", ""subject"": 105, ""K"": 2, ""rule"": ""ge10"", ""model"": ""hmc_in"", ""mechanism"": ""ignorable"", ""start"": 0, ""quick"": false}"
real,3.12239,1.5036,True,"{""task"": ""real"", ""what"": ""fit"", ""subject"": 105, ""K"": 2, ""rule"": ""ge10"", ""model"": ""hmc_in"", ""mechanism"": ""ignorable"", ""start"": 1, ""quick"": false}"
real,3.87713,1.87151,True,"{""task"": ""real"", ""what"": ""fit"", ""subject"": 105, ""K"": 2, ""rule"": ""ge10"", ""model"": ""hmc_in"", ""mechanism"": ""ignorable"", ""start"": 2, ""quick"": false}"
real,0.720543,0.365549,True,"{""task"": ""real"", ""what"": ""fit"", ""subject"": 105, ""K"": 2, ""rule"": ""ge10"", ""model"": ""hmc_in"", ""mechanism"": ""state"", ""start"": 0, ""quick"": false}"
real,0.62938,0.303553,True,"{""task"": ""real"", ""what"": ""fit"", ""subject"": 105, ""K"": 2, ""rule"": ""ge10"", ""model"": ""hmc_in"", ""mechanism"": ""state"", ""start"": 1, ""quick"": false}"
real,1.0954,0.528373,True,"{""task"": ""real"", ""what"": ""fit"", ""subject"": 105, ""K"": 2, ""rule"": ""ge10"", ""model"": ""hmc_in"", ""mechanism"": ""state"", ""start"": 2, ""quick"": false}"
real,1.08516,0.544993,True,"{""task"": ""real"", ""what"": ""fit"", ""subject"": 105, ""K"": 2, ""rule"": ""ge10"", ""model"": ""hmc_in"", ""mechanism"": ""state-markov"", ""start"": 0, ""quick"": false}"
real,0.785764,0.397484,True,"{""task"": ""real"", ""what"": ""fit"", ""subject"": 105, ""K"": 2, ""rule"": ""ge10"", ""model"": ""hmc_in"", ""mechanism"": ""state-markov"", ""start"": 1, ""quick"": false}"
real,1.7295,0.84304,True,"{""task"": ""real"", ""what"": ""fit"", ""subject"": 105, ""K"": 2, ""rule"": ""ge10"", ""model"": ""hmc_in"", ""mechanism"": ""state-markov"", ""start"": 2, ""quick"": false}"
real,0.331538,0.251625,True,"{""task"": ""real"", ""what"": ""oracle"", ""by_activity"": true, ""subject"": 105, ""K"": 2, ""rule"": ""any"", ""model"": ""hmc_in"", ""quick"": false}"
real,0.334811,0.236912,True,"{""task"": ""real"", ""what"": ""oracle"", ""by_activity"": true, ""subject"": 105, ""K"": 2, ""rule"": ""any"", ""model"": ""pmc_pair"", ""quick"": false}"
real,3.01069,1.45168,True,"{""task"": ""real"", ""what"": ""fit"", ""subject"": 105, ""K"": 2, ""rule"": ""any"", ""model"": ""hmc_in"", ""mechanism"": ""ignorable"", ""start"": 0, ""quick"": false}"
real,2.71334,1.32829,True,"{""task"": ""real"", ""what"": ""fit"", ""subject"": 105, ""K"": 2, ""rule"": ""any"", ""model"": ""hmc_in"", ""mechanism"": ""ignorable"", ""start"": 1, ""quick"": false}"
real,2.94394,1.43558,True,"{""task"": ""real"", ""what"": ""fit"", ""subject"": 105, ""K"": 2, ""rule"": ""any"", ""model"": ""hmc_in"", ""mechanism"": ""ignorable"", ""start"": 2, ""quick"": false}"
real,2.4315,1.16583,True,"{""task"": ""real"", ""what"": ""fit"", ""subject"": 105, ""K"": 2, ""rule"": ""any"", ""model"": ""hmc_in"", ""mechanism"": ""state"", ""start"": 0, ""quick"": false}"
real,2.20681,1.07927,True,"{""task"": ""real"", ""what"": ""fit"", ""subject"": 105, ""K"": 2, ""rule"": ""any"", ""model"": ""hmc_in"", ""mechanism"": ""state"", ""start"": 1, ""quick"": false}"
real,2.67935,1.30966,True,"{""task"": ""real"", ""what"": ""fit"", ""subject"": 105, ""K"": 2, ""rule"": ""any"", ""model"": ""hmc_in"", ""mechanism"": ""state"", ""start"": 2, ""quick"": false}"
real,2.18949,1.08219,True,"{""task"": ""real"", ""what"": ""fit"", ""subject"": 105, ""K"": 2, ""rule"": ""any"", ""model"": ""hmc_in"", ""mechanism"": ""state-markov"", ""start"": 0, ""quick"": false}"
real,1.8631,0.90541,True,"{""task"": ""real"", ""what"": ""fit"", ""subject"": 105, ""K"": 2, ""rule"": ""any"", ""model"": ""hmc_in"", ""mechanism"": ""state-markov"", ""start"": 1, ""quick"": false}"
real,2.61947,1.28671,True,"{""task"": ""real"", ""what"": ""fit"", ""subject"": 105, ""K"": 2, ""rule"": ""any"", ""model"": ""hmc_in"", ""mechanism"": ""state-markov"", ""start"": 2, ""quick"": false}"
real,0.352034,0.258876,True,"{""task"": ""real"", ""what"": ""oracle"", ""by_activity"": true, ""subject"": 105, ""K"": 3, ""rule"": ""ge10"", ""model"": ""hmc_in"", ""quick"": false}"
real,0.921568,0.722484,True,"{""task"": ""real"", ""what"": ""oracle"", ""by_activity"": true, ""subject"": 105, ""K"": 3, ""rule"": ""ge10"", ""model"": ""pmc_pair"", ""quick"": false}"
real,3.28602,1.61015,True,"{""task"": ""real"", ""what"": ""fit"", ""subject"": 105, ""K"": 3, ""rule"": ""ge10"", ""model"": ""hmc_in"", ""mechanism"": ""ignorable"", ""start"": 0, ""quick"": false}"
real,3.74594,1.81519,True,"{""task"": ""real"", ""what"": ""fit"", ""subject"": 105, ""K"": 3, ""rule"": ""ge10"", ""model"": ""hmc_in"", ""mechanism"": ""ignorable"", ""start"": 1, ""quick"": false}"
real,3.592,1.79348,True,"{""task"": ""real"", ""what"": ""fit"", ""subject"": 105, ""K"": 3, ""rule"": ""ge10"", ""model"": ""hmc_in"", ""mechanism"": ""ignorable"", ""start"": 2, ""quick"": false}"
real,2.80257,1.38223,True,"{""task"": ""real"", ""what"": ""fit"", ""subject"": 105, ""K"": 3, ""rule"": ""ge10"", ""model"": ""hmc_in"", ""mechanism"": ""state"", ""start"": 0, ""quick"": false}"
real,2.78271,1.373,True,"{""task"": ""real"", ""what"": ""fit"", ""subject"": 105, ""K"": 3, ""rule"": ""ge10"", ""model"": ""hmc_in"", ""mechanism"": ""state"", ""start"": 1, ""quick"": false}"
real,2.73102,1.32695,True,"{""task"": ""real"", ""what"": ""fit"", ""subject"": 105, ""K"": 3, ""rule"": ""ge10"", ""model"": ""hmc_in"", ""mechanism"": ""state"", ""start"": 2, ""quick"": false}"
real,2.8334,1.38391,True,"{""task"": ""real"", ""what"": ""fit"", ""subject"": 105, ""K"": 3, ""rule"": ""ge10"", ""model"": ""hmc_in"", ""mechanism"": ""state-markov"", ""start"": 0, ""quick"": false}"
real,3.18178,1.5282,True,"{""task"": ""real"", ""what"": ""fit"", ""subject"": 105, ""K"": 3, ""rule"": ""ge10"", ""model"": ""hmc_in"", ""mechanism"": ""state-markov"", ""start"": 1, ""quick"": false}"
real,2.66268,1.30002,True,"{""task"": ""real"", ""what"": ""fit"", ""subject"": 105, ""K"": 3, ""rule"": ""ge10"", ""model"": ""hmc_in"", ""mechanism"": ""state-markov"", ""start"": 2, ""quick"": false}"
real,0.1615,0.115241,True,"{""task"": ""real"", ""what"": ""oracle"", ""by_activity"": true, ""subject"": 105, ""K"": 3, ""rule"": ""any"", ""model"": ""hmc_in"", ""quick"": false}"
real,0.931476,0.803776,True,"{""task"": ""real"", ""what"": ""oracle"", ""by_activity"": true, ""subject"": 105, ""K"": 3, ""rule"": ""any"", ""model"": ""pmc_pair"", ""quick"": false}"
real,3.96773,1.92098,True,"{""task"": ""real"", ""what"": ""fit"", ""subject"": 105, ""K"": 3, ""rule"": ""any"", ""model"": ""hmc_in"", ""mechanism"": ""ignorable"", ""start"": 0, ""quick"": false}"
real,2.63336,1.26384,True,"{""task"": ""real"", ""what"": ""fit"", ""subject"": 105, ""K"": 3, ""rule"": ""any"", ""model"": ""hmc_in"", ""mechanism"": ""ignorable"", ""start"": 1, ""quick"": false}"
real,4.12217,1.98667,True,"{""task"": ""real"", ""what"": ""fit"", ""subject"": 105, ""K"": 3, ""rule"": ""any"", ""model"": ""hmc_in"", ""mechanism"": ""ignorable"", ""start"": 2, ""quick"": false}"
real,1.49536,0.703137,True,"{""task"": ""real"", ""what"": ""fit"", ""subject"": 105, ""K"": 3, ""rule"": ""any"", ""model"": ""hmc_in"", ""mechanism"": ""state"", ""start"": 0, ""quick"": false}"
real,1.45898,0.717186,True,"{""task"": ""real"", ""what"": ""fit"", ""subject"": 105, ""K"": 3, ""rule"": ""any"", ""model"": ""hmc_in"", ""mechanism"": ""state"", ""start"": 1, ""quick"": false}"
real,1.80772,0.889809,True,"{""task"": ""real"", ""what"": ""fit"", ""subject"": 105, ""K"": 3, ""rule"": ""any"", ""model"": ""hmc_in"", ""mechanism"": ""state"", ""start"": 2, ""quick"": false}"
real,4.14813,2.20303,True,"{""task"": ""real"", ""what"": ""fit"", ""subject"": 105, ""K"": 3, ""rule"": ""any"", ""model"": ""hmc_in"", ""mechanism"": ""state-markov"", ""start"": 0, ""quick"": false}"
real,1.55247,0.764417,True,"{""task"": ""real"", ""what"": ""fit"", ""subject"": 105, ""K"": 3, ""rule"": ""any"", ""model"": ""hmc_in"", ""mechanism"": ""state-markov"", ""start"": 1, ""quick"": false}"
real,3.58404,1.95485,True,"{""task"": ""real"", ""what"": ""fit"", ""subject"": 105, ""K"": 3, ""rule"": ""any"", ""model"": ""hmc_in"", ""mechanism"": ""state-markov"", ""start"": 2, ""quick"": false}"
